[info]: Starting game with version 0.3.0-dev
[debug]: Availabe vulkan instance extensions:
[debug]: 	VK_KHR_device_group_creation
[debug]: 	VK_KHR_display
[debug]: 	VK_KHR_external_fence_capabilities
[debug]: 	VK_KHR_external_memory_capabilities
[debug]: 	VK_KHR_external_semaphore_capabilities
[debug]: 	VK_KHR_get_display_properties2
[debug]: 	VK_KHR_get_physical_device_properties2
[debug]: 	VK_KHR_get_surface_capabilities2
[debug]: 	VK_KHR_surface
[debug]: 	VK_KHR_surface_protected_capabilities
[debug]: 	VK_KHR_wayland_surface
[debug]: 	VK_KHR_xcb_surface
[debug]: 	VK_KHR_xlib_surface
[debug]: 	VK_EXT_acquire_drm_display
[debug]: 	VK_EXT_acquire_xlib_display
[debug]: 	VK_EXT_debug_report
[debug]: 	VK_EXT_debug_utils
[debug]: 	VK_EXT_direct_mode_display
[debug]: 	VK_EXT_display_surface_counter
[debug]: 	VK_EXT_headless_surface
[debug]: 	VK_KHR_surface_maintenance1
[debug]: 	VK_EXT_surface_maintenance1
[debug]: 	VK_EXT_swapchain_colorspace
[debug]: 	VK_KHR_portability_enumeration
[debug]: 	VK_LUNARG_direct_driver_loading
[debug]: 	VK_EXT_layer_settings
[warning]: Couldn't find validation layer VK_LAYER_KHRONOS_validation
[debug]: Device: Intel(R) UHD Graphics 630 (CML GT2)
[debug]: Properties: .{ .apiVersion = 4211042, .driverVersion = 109060097, .vendorID = 32902, .deviceID = 39877, .deviceType = 1, .deviceName = { 73, 110, 116, 101, 108, 40, 82, 41, 32, 85, 72, 68, 32, 71, 114, 97, 112, 104, 105, 99, 115, 32, 54, 51, 48, 32, 40, 67, 77, 76, 32, 71, 84, 50, 41, 0, 0, 0, 0, 0, 0, 0, 0, 0, 0, 0, 0, 0, 0, 0, 0, 0, 0, 0, 0, 0, 0, 0, 0, 0, 0, 0, 0, 0, 0, 0, 0, 0, 0, 0, 0, 0, 0, 0, 0, 0, 0, 0, 0, 0, 0, 0, 0, 0, 0, 0, 0, 0, 0, 0, 0, 0, 0, 0, 0, 0, 0, 0, 0, 0, 0, 0, 0, 0, 0, 0, 0, 0, 0, 0, 0, 0, 0, 0, 0, 0, 0, 0, 0, 0, 0, 0, 0, 0, 0, 0, 0, 0, 0, 0, 0, 0, 0, 0, 0, 0, 0, 0, 0, 0, 0, 0, 0, 0, 0, 0, 0, 0, 0, 0, 0, 0, 0, 0, 0, 0, 0, 0, 0, 0, 0, 0, 0, 0, 0, 0, 0, 0, 0, 0, 0, 0, 0, 0, 0, 0, 0, 0, 0, 0, 0, 0, 0, 0, 0, 0, 0, 0, 0, 0, 0, 0, 0, 0, 0, 0, 0, 0, 0, 0, 0, 0, 0, 0, 0, 0, 0, 0, 0, 0, 0, 0, 0, 0, 0, 0, 0, 0, 0, 0, 0, 0, 0, 0, 0, 0, 0, 0, 0, 0, 0, 0, 0, 0, 0, 0, 0, 0, 0, 0, 0, 0, 0, 0, 0, 0, 0, 0, 0, 0, 0, 0, 0, 0, 0, 0 }, .pipelineCacheUUID = { 144, 22, 199, 143, 166, 154, 248, 175, 143, 133, 58, 248, 185, 33, 131, 197 }, .limits = .{ .maxImageDimension1D = 16384, .maxImageDimension2D = 16384, .maxImageDimension3D = 2048, .maxImageDimensionCube = 16384, .maxImageArrayLayers = 2048, .maxTexelBufferElements = 134217728, .maxUniformBufferRange = 134217728, .maxStorageBufferRange = 4294967295, .maxPushConstantsSize = 256, .maxMemoryAllocationCount = 4294967295, .maxSamplerAllocationCount = 65536, .bufferImageGranularity = 1, .sparseAddressSpaceSize = 0, .maxBoundDescriptorSets = 32, .maxPerStageDescriptorSamplers = 402653184, .maxPerStageDescriptorUniformBuffers = 201326592, .maxPerStageDescriptorStorageBuffers = 201326592, .maxPerStageDescriptorSampledImages = 201326592, .maxPerStageDescriptorStorageImages = 201326592, .maxPerStageDescriptorInputAttachments = 64, .maxPerStageResources = 201326592, .maxDescriptorSetSamplers = 402653184, .maxDescriptorSetUniformBuffers = 201326592, .maxDescriptorSetUniformBuffersDynamic = 8, .maxDescriptorSetStorageBuffers = 201326592, .maxDescriptorSetStorageBuffersDynamic = 8, .maxDescriptorSetSampledImages = 201326592, .maxDescriptorSetStorageImages = 201326592, .maxDescriptorSetInputAttachments = 256, .maxVertexInputAttributes = 29, .maxVertexInputBindings = 31, .maxVertexInputAttributeOffset = 2047, .maxVertexInputBindingStride = 4095, .maxVertexOutputComponents = 128, .maxTessellationGenerationLevel = 64, .maxTessellationPatchSize = 32, .maxTessellationControlPerVertexInputComponents = 128, .maxTessellationControlPerVertexOutputComponents = 128, .maxTessellationControlPerPatchOutputComponents = 128, .maxTessellationControlTotalOutputComponents = 4096, .maxTessellationEvaluationInputComponents = 128, .maxTessellationEvaluationOutputComponents = 128, .maxGeometryShaderInvocations = 32, .maxGeometryInputComponents = 128, .maxGeometryOutputComponents = 128, .maxGeometryOutputVertices = 256, .maxGeometryTotalOutputComponents = 1024, .maxFragmentInputComponents = 116, .maxFragmentOutputAttachments = 8, .maxFragmentDualSrcAttachments = 1, .maxFragmentCombinedOutputResources = 402653192, .maxComputeSharedMemorySize = 49152, .maxComputeWorkGroupCount = { 2147483647, 65535, 65535 }, .maxComputeWorkGroupInvocations = 1024, .maxComputeWorkGroupSize = { 1024, 1024, 1024 }, .subPixelPrecisionBits = 8, .subTexelPrecisionBits = 8, .mipmapPrecisionBits = 8, .maxDrawIndexedIndexValue = 4294967295, .maxDrawIndirectCount = 4294967295, .maxSamplerLodBias = 16, .maxSamplerAnisotropy = 16, .maxViewports = 16, .maxViewportDimensions = { 16384, 16384 }, .viewportBoundsRange = { -32768, 32767 }, .viewportSubPixelBits = 13, .minMemoryMapAlignment = 4096, .minTexelBufferOffsetAlignment = 16, .minUniformBufferOffsetAlignment = 64, .minStorageBufferOffsetAlignment = 4, .minTexelOffset = -8, .maxTexelOffset = 7, .minTexelGatherOffset = -32, .maxTexelGatherOffset = 31, .minInterpolationOffset = -0.5, .maxInterpolationOffset = 0.4375, .subPixelInterpolationOffsetBits = 4, .maxFramebufferWidth = 16384, .maxFramebufferHeight = 16384, .maxFramebufferLayers = 2048, .framebufferColorSampleCounts = 31, .framebufferDepthSampleCounts = 31, .framebufferStencilSampleCounts = 31, .framebufferNoAttachmentsSampleCounts = 31, .maxColorAttachments = 8, .sampledImageColorSampleCounts = 31, .sampledImageIntegerSampleCounts = 31, .sampledImageDepthSampleCounts = 31, .sampledImageStencilSampleCounts = 31, .storageImageSampleCounts = 1, .maxSampleMaskWords = 1, .timestampComputeAndGraphics = 1, .timestampPeriod = 83.333336, .maxClipDistances = 8, .maxCullDistances = 8, .maxCombinedClipAndCullDistances = 8, .discreteQueuePriorities = 2, .pointSizeRange = { 0.125, 255.875 }, .lineWidthRange = { 0, 8 }, .pointSizeGranularity = 0.125, .lineWidthGranularity = 0.0078125, .strictLines = 0, .standardSampleLocations = 1, .optimalBufferCopyOffsetAlignment = 64, .optimalBufferCopyRowPitchAlignment = 64, .nonCoherentAtomSize = 64 }, .sparseProperties = .{ .residencyStandard2DBlockShape = 0, .residencyStandard2DMultisampleBlockShape = 0, .residencyStandard3DBlockShape = 0, .residencyAlignedMipSize = 0, .residencyNonResidentStrict = 0 } }
[debug]: Features: .{ .robustBufferAccess = 1, .fullDrawIndexUint32 = 1, .imageCubeArray = 1, .independentBlend = 1, .geometryShader = 1, .tessellationShader = 1, .sampleRateShading = 1, .dualSrcBlend = 1, .logicOp = 1, .multiDrawIndirect = 1, .drawIndirectFirstInstance = 1, .depthClamp = 1, .depthBiasClamp = 1, .fillModeNonSolid = 1, .depthBounds = 0, .wideLines = 1, .largePoints = 1, .alphaToOne = 1, .multiViewport = 1, .samplerAnisotropy = 1, .textureCompressionETC2 = 1, .textureCompressionASTC_LDR = 1, .textureCompressionBC = 1, .occlusionQueryPrecise = 1, .pipelineStatisticsQuery = 1, .vertexPipelineStoresAndAtomics = 1, .fragmentStoresAndAtomics = 1, .shaderTessellationAndGeometryPointSize = 1, .shaderImageGatherExtended = 1, .shaderStorageImageExtendedFormats = 1, .shaderStorageImageMultisample = 0, .shaderStorageImageReadWithoutFormat = 0, .shaderStorageImageWriteWithoutFormat = 1, .shaderUniformBufferArrayDynamicIndexing = 1, .shaderSampledImageArrayDynamicIndexing = 1, .shaderStorageBufferArrayDynamicIndexing = 1, .shaderStorageImageArrayDynamicIndexing = 1, .shaderClipDistance = 1, .shaderCullDistance = 1, .shaderFloat64 = 1, .shaderInt64 = 1, .shaderInt16 = 1, .shaderResourceResidency = 0, .shaderResourceMinLod = 1, .sparseBinding = 0, .sparseResidencyBuffer = 0, .sparseResidencyImage2D = 0, .sparseResidencyImage3D = 0, .sparseResidency2Samples = 0, .sparseResidency4Samples = 0, .sparseResidency8Samples = 0, .sparseResidency16Samples = 0, .sparseResidencyAliased = 0, .variableMultisampleRate = 1, .inheritedQueries = 1 }
[debug]: Device extensions:
[debug]: 	VK_KHR_8bit_storage
[debug]: 	VK_KHR_16bit_storage
[debug]: 	VK_KHR_bind_memory2
[debug]: 	VK_KHR_buffer_device_address
[debug]: 	VK_KHR_calibrated_timestamps
[debug]: 	VK_KHR_compute_shader_derivatives
[debug]: 	VK_KHR_copy_commands2
[debug]: 	VK_KHR_copy_memory_indirect
[debug]: 	VK_KHR_create_renderpass2
[debug]: 	VK_KHR_dedicated_allocation
[debug]: 	VK_KHR_deferred_host_operations
[debug]: 	VK_KHR_depth_clamp_zero_one
[debug]: 	VK_KHR_depth_stencil_resolve
[debug]: 	VK_KHR_descriptor_update_template
[debug]: 	VK_KHR_device_address_commands
[debug]: 	VK_KHR_device_group
[debug]: 	VK_KHR_draw_indirect_count
[debug]: 	VK_KHR_driver_properties
[debug]: 	VK_KHR_dynamic_rendering
[debug]: 	VK_KHR_dynamic_rendering_local_read
[debug]: 	VK_KHR_external_fence
[debug]: 	VK_KHR_external_fence_fd
[debug]: 	VK_KHR_external_memory
[debug]: 	VK_KHR_external_memory_fd
[debug]: 	VK_KHR_external_semaphore
[debug]: 	VK_KHR_external_semaphore_fd
[debug]: 	VK_KHR_format_feature_flags2
[debug]: 	VK_KHR_get_memory_requirements2
[debug]: 	VK_KHR_global_priority
[debug]: 	VK_KHR_image_format_list
[debug]: 	VK_KHR_imageless_framebuffer
[debug]: 	VK_KHR_incremental_present
[debug]: 	VK_KHR_index_type_uint8
[debug]: 	VK_KHR_internally_synchronized_queues
[debug]: 	VK_KHR_line_rasterization
[debug]: 	VK_KHR_load_store_op_none
[debug]: 	VK_KHR_maintenance1
[debug]: 	VK_KHR_maintenance2
[debug]: 	VK_KHR_maintenance3
[debug]: 	VK_KHR_maintenance4
[debug]: 	VK_KHR_maintenance5
[debug]: 	VK_KHR_maintenance6
[debug]: 	VK_KHR_maintenance7
[debug]: 	VK_KHR_maintenance8
[debug]: 	VK_KHR_maintenance9
[debug]: 	VK_KHR_maintenance10
[debug]: 	VK_KHR_maintenance11
[debug]: 	VK_KHR_map_memory2
[debug]: 	VK_KHR_multiview
[debug]: 	VK_KHR_pipeline_binary
[debug]: 	VK_KHR_pipeline_executable_properties
[debug]: 	VK_KHR_pipeline_library
[debug]: 	VK_KHR_present_id
[debug]: 	VK_KHR_present_id2
[debug]: 	VK_KHR_present_wait
[debug]: 	VK_KHR_present_wait2
[debug]: 	VK_KHR_push_descriptor
[debug]: 	VK_KHR_relaxed_block_layout
[debug]: 	VK_KHR_robustness2
[debug]: 	VK_KHR_sampler_mirror_clamp_to_edge
[debug]: 	VK_KHR_sampler_ycbcr_conversion
[debug]: 	VK_KHR_separate_depth_stencil_layouts
[debug]: 	VK_KHR_shader_atomic_int64
[debug]: 	VK_KHR_shader_clock
[debug]: 	VK_KHR_shader_constant_data
[debug]: 	VK_KHR_shader_draw_parameters
[debug]: 	VK_KHR_shader_expect_assume
[debug]: 	VK_KHR_shader_float16_int8
[debug]: 	VK_KHR_shader_float_controls
[debug]: 	VK_KHR_shader_float_controls2
[debug]: 	VK_KHR_shader_fma
[debug]: 	VK_KHR_shader_integer_dot_product
[debug]: 	VK_KHR_shader_maximal_reconvergence
[debug]: 	VK_KHR_shader_non_semantic_info
[debug]: 	VK_KHR_shader_quad_control
[debug]: 	VK_KHR_shader_relaxed_extended_instruction
[debug]: 	VK_KHR_shader_subgroup_extended_types
[debug]: 	VK_KHR_shader_subgroup_rotate
[debug]: 	VK_KHR_shader_subgroup_uniform_control_flow
[debug]: 	VK_KHR_shader_terminate_invocation
[debug]: 	VK_KHR_shader_untyped_pointers
[debug]: 	VK_KHR_spirv_1_4
[debug]: 	VK_KHR_storage_buffer_storage_class
[debug]: 	VK_KHR_swapchain
[debug]: 	VK_KHR_swapchain_maintenance1
[debug]: 	VK_KHR_swapchain_mutable_format
[debug]: 	VK_KHR_synchronization2
[debug]: 	VK_KHR_timeline_semaphore
[debug]: 	VK_KHR_uniform_buffer_standard_layout
[debug]: 	VK_KHR_variable_pointers
[debug]: 	VK_KHR_vertex_attribute_divisor
[debug]: 	VK_KHR_vulkan_memory_model
[debug]: 	VK_KHR_workgroup_memory_explicit_layout
[debug]: 	VK_KHR_zero_initialize_workgroup_memory
[debug]: 	VK_EXT_4444_formats
[debug]: 	VK_EXT_attachment_feedback_loop_dynamic_state
[debug]: 	VK_EXT_attachment_feedback_loop_layout
[debug]: 	VK_EXT_border_color_swizzle
[debug]: 	VK_EXT_buffer_device_address
[debug]: 	VK_EXT_calibrated_timestamps
[debug]: 	VK_EXT_color_write_enable
[debug]: 	VK_EXT_conditional_rendering
[debug]: 	VK_EXT_conservative_rasterization
[debug]: 	VK_EXT_custom_border_color
[debug]: 	VK_EXT_debug_marker
[debug]: 	VK_EXT_depth_bias_control
[debug]: 	VK_EXT_depth_clamp_control
[debug]: 	VK_EXT_depth_clamp_zero_one
[debug]: 	VK_EXT_depth_clip_control
[debug]: 	VK_EXT_depth_clip_enable
[debug]: 	VK_EXT_descriptor_buffer
[debug]: 	VK_EXT_descriptor_heap
[debug]: 	VK_EXT_descriptor_indexing
[debug]: 	VK_EXT_device_address_binding_report
[debug]: 	VK_EXT_device_memory_report
[debug]: 	VK_EXT_display_control
[debug]: 	VK_EXT_dynamic_rendering_unused_attachments
[debug]: 	VK_EXT_extended_dynamic_state
[debug]: 	VK_EXT_extended_dynamic_state2
[debug]: 	VK_EXT_extended_dynamic_state3
[debug]: 	VK_EXT_external_memory_acquire_unmodified
[debug]: 	VK_EXT_external_memory_dma_buf
[debug]: 	VK_EXT_external_memory_host
[debug]: 	VK_EXT_fragment_shader_interlock
[debug]: 	VK_EXT_global_priority
[debug]: 	VK_EXT_global_priority_query
[debug]: 	VK_EXT_graphics_pipeline_library
[debug]: 	VK_EXT_hdr_metadata
[debug]: 	VK_EXT_host_image_copy
[debug]: 	VK_EXT_host_query_reset
[debug]: 	VK_EXT_image_2d_view_of_3d
[debug]: 	VK_EXT_image_drm_format_modifier
[debug]: 	VK_EXT_image_robustness
[debug]: 	VK_EXT_image_sliced_view_of_3d
[debug]: 	VK_EXT_image_view_min_lod
[debug]: 	VK_EXT_index_type_uint8
[debug]: 	VK_EXT_inline_uniform_block
[debug]: 	VK_EXT_legacy_dithering
[debug]: 	VK_EXT_legacy_vertex_attributes
[debug]: 	VK_EXT_line_rasterization
[debug]: 	VK_EXT_load_store_op_none
[debug]: 	VK_EXT_map_memory_placed
[debug]: 	VK_EXT_memory_budget
[debug]: 	VK_EXT_multi_draw
[debug]: 	VK_EXT_mutable_descriptor_type
[debug]: 	VK_EXT_nested_command_buffer
[debug]: 	VK_EXT_non_seamless_cube_map
[debug]: 	VK_EXT_pci_bus_info
[debug]: 	VK_EXT_physical_device_drm
[debug]: 	VK_EXT_pipeline_creation_cache_control
[debug]: 	VK_EXT_pipeline_creation_feedback
[debug]: 	VK_EXT_pipeline_robustness
[debug]: 	VK_EXT_post_depth_coverage
[debug]: 	VK_EXT_present_timing
[debug]: 	VK_EXT_primitive_restart_index
[debug]: 	VK_EXT_primitive_topology_list_restart
[debug]: 	VK_EXT_primitives_generated_query
[debug]: 	VK_EXT_private_data
[debug]: 	VK_EXT_provoking_vertex
[debug]: 	VK_EXT_queue_family_foreign
[debug]: 	VK_EXT_robustness2
[debug]: 	VK_EXT_sample_locations
[debug]: 	VK_EXT_sampler_filter_minmax
[debug]: 	VK_EXT_scalar_block_layout
[debug]: 	VK_EXT_separate_stencil_usage
[debug]: 	VK_EXT_shader_atomic_float
[debug]: 	VK_EXT_shader_atomic_float2
[debug]: 	VK_EXT_shader_demote_to_helper_invocation
[debug]: 	VK_EXT_shader_image_atomic_int64
[debug]: 	VK_EXT_shader_module_identifier
[debug]: 	VK_EXT_shader_object
[debug]: 	VK_EXT_shader_replicated_composites
[debug]: 	VK_EXT_shader_stencil_export
[debug]: 	VK_EXT_shader_subgroup_ballot
[debug]: 	VK_EXT_shader_subgroup_vote
[debug]: 	VK_EXT_shader_uniform_buffer_unsized_array
[debug]: 	VK_EXT_shader_viewport_index_layer
[debug]: 	VK_EXT_subgroup_size_control
[debug]: 	VK_EXT_swapchain_maintenance1
[debug]: 	VK_EXT_texel_buffer_alignment
[debug]: 	VK_EXT_tooling_info
[debug]: 	VK_EXT_transform_feedback
[debug]: 	VK_EXT_vertex_attribute_divisor
[debug]: 	VK_EXT_vertex_input_dynamic_state
[debug]: 	VK_EXT_ycbcr_2plane_444_formats
[debug]: 	VK_EXT_ycbcr_image_arrays
[debug]: 	VK_AMD_buffer_marker
[debug]: 	VK_GOOGLE_decorate_string
[debug]: 	VK_GOOGLE_hlsl_functionality1
[debug]: 	VK_GOOGLE_user_type
[debug]: 	VK_INTEL_shader_integer_functions2
[debug]: 	VK_MESA_image_alignment_control
[debug]: 	VK_NV_compute_shader_derivatives
[debug]: 	VK_VALVE_mutable_descriptor_type
[info]: Selected device Intel(R) UHD Graphics 630 (CML GT2)
[warning]: Couldn't find validation layer VK_LAYER_KHRONOS_validation
[debug]: Registered BlockEntityType 'cubyz:chest'
[debug]: Registered BlockEntityType 'cubyz:sign'
[info]: Finished common assets reading with 411 blocks, 10 items, 6 procedural items, 167 biomes, 12 cave layers, 4 structure tables, 5 recipes, 151 structure building blocks, 645 blueprints, 2 particles, 3 world presets, block models 31, and 0 block model ZONs
[info]: Blue noise took 10 ms to load
[info]: Framebuffer: 1280, 720
[info]: Framebuffer: 960, 1020
[info]: Opening world Builds
[debug]: Registered command: '/clear'
[debug]: Registered command: '/gamemode'
[debug]: Registered command: '/help'
[debug]: Registered command: '/invite'
[debug]: Registered command: '/kick'
[debug]: Registered command: '/kill'
[debug]: Registered command: '/particles'
[debug]: Registered command: '/seed'
[debug]: Registered command: '/server'
[debug]: Registered command: '/spawn'
[debug]: Registered command: '/tickspeed'
[debug]: Registered command: '/time'
[debug]: Registered command: '/tp'
[debug]: Registered command: '/avatar'
[debug]: Registered command: '/perm'
[debug]: Registered command: '/undo'
[debug]: Registered command: '/redo'
[debug]: Registered command: '/pos1'
[debug]: Registered command: '/pos2'
[debug]: Registered command: '/deselect'
[debug]: Registered command: '/copy'
[debug]: Registered command: '/paste'
[debug]: Registered command: '/blueprint'
[debug]: Registered command: '/rotate'
[debug]: Registered command: '/set'
[debug]: Registered command: '/mask'
[debug]: Registered command: '/replace'
[debug]: Registered command: '/toggledecay'
[info]: Loaded palette with 1 entries.
[info]: Loaded item_palette with 0 entries.
[info]: Loaded tool_palette with 0 entries.
[info]: Loaded biome_palette with 0 entries.
[info]: Loaded entity_model_palette with 1 entries.
[info]: Loaded entity_component_palette with 0 entries.
[info]: Registering block migrations for 1 addons
[info]: Registered block migration: 'cubyz:glow_crystal/dark_gray' -> 'cubyz:glow_crystal/grey'
[info]: Registered block migration: 'cubyz:glow_crystal/dark_green' -> 'cubyz:glow_crystal/viridian'
[info]: Registered block migration: 'cubyz:glow_crystal/dark_red' -> 'cubyz:glow_crystal/crimson'
[info]: Registered block migration: 'cubyz:glow_crystal/gray' -> 'cubyz:glow_crystal/grey'
[info]: Registered block migration: 'cubyz:glow_crystal/light_blue' -> 'cubyz:glow_crystal/aqua'
[info]: Registered block migration: 'cubyz:stone' -> 'cubyz:slate'
[info]: Registered block migration: 'cubyz:stone_bricks' -> 'cubyz:slate_bricks'
[info]: Registered block migration: 'cubyz:stone_tile' -> 'cubyz:slate_tile'
[info]: Registered block migration: 'cubyz:stone_wall' -> 'cubyz:slate_wall'
[info]: Registered block migration: 'cubyz:mossy_cobblestone' -> 'cubyz:cobblestone'
[info]: Registered block migration: 'cubyz:baobab_leaves' -> 'cubyz:leaves/baobab'
[info]: Registered block migration: 'cubyz:baobab_leaves_opaque' -> 'cubyz:leaves/opaque/baobab'
[info]: Registered block migration: 'cubyz:birch_leaves' -> 'cubyz:leaves/birch'
[info]: Registered block migration: 'cubyz:birch_leaves_opaque' -> 'cubyz:leaves/opaque/birch'
[info]: Registered block migration: 'cubyz:dead_leaves' -> 'cubyz:leaves/dead'
[info]: Registered block migration: 'cubyz:dead_leaves_opaque' -> 'cubyz:leaves/opaque/dead'
[info]: Registered block migration: 'cubyz:mahogany_leaves' -> 'cubyz:leaves/mahogany'
[info]: Registered block migration: 'cubyz:mahogany_leaves_opaque' -> 'cubyz:leaves/opaque/mahogany'
[info]: Registered block migration: 'cubyz:oak_leaves' -> 'cubyz:leaves/oak'
[info]: Registered block migration: 'cubyz:oak_leaves_opaque' -> 'cubyz:leaves/opaque/oak'
[info]: Registered block migration: 'cubyz:palm_leaves' -> 'cubyz:leaves/palm'
[info]: Registered block migration: 'cubyz:palm_leaves_opaque' -> 'cubyz:leaves/opaque/palm'
[info]: Registered block migration: 'cubyz:red_leaves' -> 'cubyz:leaves/red'
[info]: Registered block migration: 'cubyz:red_leaves_opaque' -> 'cubyz:leaves/opaque/red'
[info]: Registered block migration: 'cubyz:willow_leaves' -> 'cubyz:leaves/willow'
[info]: Registered block migration: 'cubyz:willow_leaves_opaque' -> 'cubyz:leaves/opaque/willow'
[info]: Registered block migration: 'cubyz:yellow_leaves' -> 'cubyz:leaves/yellow'
[info]: Registered block migration: 'cubyz:yellow_leaves_opaque' -> 'cubyz:leaves/opaque/yellow'
[info]: Registered block migration: 'cubyz:pine_needles' -> 'cubyz:leaves/pine'
[info]: Registered block migration: 'cubyz:pine_needles_opaque' -> 'cubyz:leaves/opaque/pine'
[info]: Registered block migration: 'cubyz:basalt' -> 'cubyz:basalt/base'
[info]: Registered block migration: 'cubyz:basalt_bricks' -> 'cubyz:basalt/bricks'
[info]: Registered block migration: 'cubyz:basalt_tile' -> 'cubyz:basalt/tile'
[info]: Registered block migration: 'cubyz:basalt_wall' -> 'cubyz:basalt/wall'
[info]: Registered block migration: 'cubyz:ferrock' -> 'cubyz:ferrock/base'
[info]: Registered block migration: 'cubyz:ferrock_bricks' -> 'cubyz:ferrock/bricks'
[info]: Registered block migration: 'cubyz:ferrock_tiles' -> 'cubyz:ferrock/tile'
[info]: Registered block migration: 'cubyz:ferrock_wall' -> 'cubyz:ferrock/wall'
[info]: Registered block migration: 'cubyz:glacite' -> 'cubyz:glacite/base'
[info]: Registered block migration: 'cubyz:glacite_bricks' -> 'cubyz:glacite/bricks'
[info]: Registered block migration: 'cubyz:glacite_tile' -> 'cubyz:glacite/tile'
[info]: Registered block migration: 'cubyz:glacite_wall' -> 'cubyz:glacite/wall'
[info]: Registered block migration: 'cubyz:limestone' -> 'cubyz:limestone/base'
[info]: Registered block migration: 'cubyz:limestone_bricks' -> 'cubyz:limestone/bricks'
[info]: Registered block migration: 'cubyz:limestone_tiles' -> 'cubyz:limestone/tile'
[info]: Registered block migration: 'cubyz:limestone_wall' -> 'cubyz:limestone/wall'
[info]: Registered block migration: 'cubyz:marble' -> 'cubyz:marble/base'
[info]: Registered block migration: 'cubyz:marble_bricks' -> 'cubyz:marble/bricks'
[info]: Registered block migration: 'cubyz:marble_tile' -> 'cubyz:marble/tile'
[info]: Registered block migration: 'cubyz:marble_wall' -> 'cubyz:marble/wall'
[info]: Registered block migration: 'cubyz:sandstone' -> 'cubyz:sandstone/base'
[info]: Registered block migration: 'cubyz:sandstone_bricks' -> 'cubyz:sandstone/bricks'
[info]: Registered block migration: 'cubyz:sandstone_tile' -> 'cubyz:sandstone/tile'
[info]: Registered block migration: 'cubyz:sandstone_wall' -> 'cubyz:sandstone/wall'
[info]: Registered block migration: 'cubyz:slate' -> 'cubyz:slate/base'
[info]: Registered block migration: 'cubyz:slate_bricks' -> 'cubyz:slate/bricks'
[info]: Registered block migration: 'cubyz:cobblestone' -> 'cubyz:slate/cobble'
[info]: Registered block migration: 'cubyz:slate_tile' -> 'cubyz:slate/tile'
[info]: Registered block migration: 'cubyz:slate_wall' -> 'cubyz:slate/wall'
[info]: Registered block migration: 'cubyz:terracotta' -> 'cubyz:terracotta/base'
[info]: Registered block migration: 'cubyz:terracotta_bricks' -> 'cubyz:terracotta/bricks'
[info]: Registered block migration: 'cubyz:terracotta_tiles' -> 'cubyz:terracotta/tile'
[info]: Registered block migration: 'cubyz:terracotta_wall' -> 'cubyz:terracotta/wall'
[info]: Registered block migration: 'cubyz:void_stone' -> 'cubyz:voidstone/base'
[info]: Registered block migration: 'cubyz:void_stone_bricks' -> 'cubyz:voidstone/bricks'
[info]: Registered block migration: 'cubyz:void_stone_tile' -> 'cubyz:voidstone/tile'
[info]: Registered block migration: 'cubyz:void_stone_wall' -> 'cubyz:voidstone/wall'
[info]: Registered block migration: 'cubyz:baobab_planks' -> 'cubyz:planks/baobab'
[info]: Registered block migration: 'cubyz:birch_planks' -> 'cubyz:planks/birch'
[info]: Registered block migration: 'cubyz:mahogany_planks' -> 'cubyz:planks/mahogany'
[info]: Registered block migration: 'cubyz:oak_planks' -> 'cubyz:planks/oak'
[info]: Registered block migration: 'cubyz:palm_planks' -> 'cubyz:planks/palm'
[info]: Registered block migration: 'cubyz:pine_planks' -> 'cubyz:planks/pine'
[info]: Registered block migration: 'cubyz:willow_planks' -> 'cubyz:planks/willow'
[info]: Registered block migration: 'cubyz:baobab_fence' -> 'cubyz:fence/baobab'
[info]: Registered block migration: 'cubyz:birch_fence' -> 'cubyz:fence/birch'
[info]: Registered block migration: 'cubyz:mahogany_fence' -> 'cubyz:fence/mahogany'
[info]: Registered block migration: 'cubyz:oak_fence' -> 'cubyz:fence/oak'
[info]: Registered block migration: 'cubyz:palm_fence' -> 'cubyz:fence/palm'
[info]: Registered block migration: 'cubyz:pine_fence' -> 'cubyz:fence/pine'
[info]: Registered block migration: 'cubyz:willow_fence' -> 'cubyz:fence/willow'
[info]: Registered block migration: 'cubyz:candy_cane/block' -> 'cubyz:candy_cane_block'
[info]: Registered block migration: 'cubyz:candy_cane/branch' -> 'cubyz:branch/candy_cane'
[info]: Registered block migration: 'cubyz:cactus_arm' -> 'cubyz:branch/cactus'
[info]: Registered block migration: 'cubyz:glimmergill_branch' -> 'cubyz:branch/glimmergill'
[info]: Registered block migration: 'cubyz:toadstool_branch' -> 'cubyz:branch/toadstool'
[info]: Registered block migration: 'cubyz:bolete_branch' -> 'cubyz:branch/bolete'
[info]: Registered block migration: 'cubyz:baobab_branch' -> 'cubyz:branch/baobab'
[info]: Registered block migration: 'cubyz:birch_branch' -> 'cubyz:branch/birch'
[info]: Registered block migration: 'cubyz:mahogany_branch' -> 'cubyz:branch/mahogany'
[info]: Registered block migration: 'cubyz:oak_branch' -> 'cubyz:branch/oak'
[info]: Registered block migration: 'cubyz:pine_branch' -> 'cubyz:branch/pine'
[info]: Registered block migration: 'cubyz:willow_branch' -> 'cubyz:branch/willow'
[info]: Registered block migration: 'cubyz:slate/base' -> 'cubyz:slate/smooth'
[info]: Registered block migration: 'cubyz:slate/cobble' -> 'cubyz:slate/rough'
[info]: Registered block migration: 'cubyz:marble/base' -> 'cubyz:marble/smooth'
[info]: Registered block migration: 'cubyz:glacite/base' -> 'cubyz:glacite/smooth'
[info]: Registered block migration: 'cubyz:basalt/base' -> 'cubyz:basalt/smooth'
[info]: Registered block migration: 'cubyz:voidstone/base' -> 'cubyz:voidstone/smooth'
[info]: Registered block migration: 'cubyz:pyrolite/base' -> 'cubyz:pyrolite/rough'
[info]: Registered block migration: 'cubyz:terracotta/base' -> 'cubyz:terracotta/smooth'
[info]: Registered block migration: 'cubyz:sandstone/base' -> 'cubyz:sandstone/rough'
[info]: Registered block migration: 'cubyz:ferrock/base' -> 'cubyz:ferrock/smooth'
[info]: Registered block migration: 'cubyz:limestone/base' -> 'cubyz:limestone/smooth'
[info]: Registered block migration: 'cubyz:nimbusite/base' -> 'cubyz:nimbusite/smooth'
[info]: Collapsing transitive block migration: 'cubyz:terracotta' -> cubyz:terracotta/base -> 'cubyz:terracotta/smooth'
[info]: Collapsing transitive block migration: 'cubyz:cobblestone' -> cubyz:slate/cobble -> 'cubyz:slate/rough'
[info]: Collapsing transitive block migration: 'cubyz:limestone' -> cubyz:limestone/base -> 'cubyz:limestone/smooth'
[info]: Collapsing transitive block migration: 'cubyz:ferrock' -> cubyz:ferrock/base -> 'cubyz:ferrock/smooth'
[info]: Collapsing transitive block migration: 'cubyz:slate' -> cubyz:slate/base -> 'cubyz:slate/smooth'
[info]: Collapsing transitive block migration: 'cubyz:mossy_cobblestone' -> cubyz:cobblestone -> 'cubyz:slate/rough'
[info]: Collapsing transitive block migration: 'cubyz:sandstone' -> cubyz:sandstone/base -> 'cubyz:sandstone/rough'
[info]: Collapsing transitive block migration: 'cubyz:marble' -> cubyz:marble/base -> 'cubyz:marble/smooth'
[info]: Collapsing transitive block migration: 'cubyz:glacite' -> cubyz:glacite/base -> 'cubyz:glacite/smooth'
[info]: Collapsing transitive block migration: 'cubyz:stone_tile' -> cubyz:slate_tile -> 'cubyz:slate/tile'
[info]: Collapsing transitive block migration: 'cubyz:basalt' -> cubyz:basalt/base -> 'cubyz:basalt/smooth'
[info]: Collapsing transitive block migration: 'cubyz:stone_wall' -> cubyz:slate_wall -> 'cubyz:slate/wall'
[info]: Collapsing transitive block migration: 'cubyz:stone_bricks' -> cubyz:slate_bricks -> 'cubyz:slate/bricks'
[info]: Collapsing transitive block migration: 'cubyz:void_stone' -> cubyz:voidstone/base -> 'cubyz:voidstone/smooth'
[info]: Collapsing transitive block migration: 'cubyz:stone' -> cubyz:slate -> 'cubyz:slate/smooth'
[info]: Applying 105 migrations to block palette
[info]: Registering item migrations for 1 addons
[info]: Registered item migration: 'cubyz:stone' -> 'cubyz:slate'
[info]: Registered item migration: 'cubyz:stone_bricks' -> 'cubyz:slate_bricks'
[info]: Registered item migration: 'cubyz:stone_tile' -> 'cubyz:slate_tile'
[info]: Registered item migration: 'cubyz:stone_wall' -> 'cubyz:slate_wall'
[info]: Registered item migration: 'cubyz:coal' -> 'cubyz:coal_ore'
[info]: Registered item migration: 'cubyz:diamond' -> 'cubyz:diamond_ore'
[info]: Registered item migration: 'cubyz:mossy_cobblestone' -> 'cubyz:cobblestone'
[info]: Registered item migration: 'cubyz:chisel' -> 'cubyz:iron_ingot'
[info]: Registered item migration: 'cubyz:baobab_leaves' -> 'cubyz:leaves/baobab'
[info]: Registered item migration: 'cubyz:birch_leaves' -> 'cubyz:leaves/birch'
[info]: Registered item migration: 'cubyz:dead_leaves' -> 'cubyz:leaves/dead'
[info]: Registered item migration: 'cubyz:mahogany_leaves' -> 'cubyz:leaves/mahogany'
[info]: Registered item migration: 'cubyz:oak_leaves' -> 'cubyz:leaves/oak'
[info]: Registered item migration: 'cubyz:palm_leaves' -> 'cubyz:leaves/palm'
[info]: Registered item migration: 'cubyz:red_leaves' -> 'cubyz:leaves/red'
[info]: Registered item migration: 'cubyz:willow_leaves' -> 'cubyz:leaves/willow'
[info]: Registered item migration: 'cubyz:yellow_leaves' -> 'cubyz:leaves/yellow'
[info]: Registered item migration: 'cubyz:pine_needles' -> 'cubyz:leaves/pine'
[info]: Registered item migration: 'cubyz:basalt' -> 'cubyz:basalt/base'
[info]: Registered item migration: 'cubyz:basalt_bricks' -> 'cubyz:basalt/bricks'
[info]: Registered item migration: 'cubyz:basalt_tile' -> 'cubyz:basalt/tile'
[info]: Registered item migration: 'cubyz:basalt_wall' -> 'cubyz:basalt/wall'
[info]: Registered item migration: 'cubyz:ferrock' -> 'cubyz:ferrock/base'
[info]: Registered item migration: 'cubyz:ferrock_bricks' -> 'cubyz:ferrock/bricks'
[info]: Registered item migration: 'cubyz:ferrock_tiles' -> 'cubyz:ferrock/tile'
[info]: Registered item migration: 'cubyz:ferrock_wall' -> 'cubyz:ferrock/wall'
[info]: Registered item migration: 'cubyz:glacite' -> 'cubyz:glacite/base'
[info]: Registered item migration: 'cubyz:glacite_bricks' -> 'cubyz:glacite/bricks'
[info]: Registered item migration: 'cubyz:glacite_tile' -> 'cubyz:glacite/tile'
[info]: Registered item migration: 'cubyz:glacite_wall' -> 'cubyz:glacite/wall'
[info]: Registered item migration: 'cubyz:limestone' -> 'cubyz:limestone/base'
[info]: Registered item migration: 'cubyz:limestone_bricks' -> 'cubyz:limestone/bricks'
[info]: Registered item migration: 'cubyz:limestone_tiles' -> 'cubyz:limestone/tile'
[info]: Registered item migration: 'cubyz:limestone_wall' -> 'cubyz:limestone/wall'
[info]: Registered item migration: 'cubyz:marble' -> 'cubyz:marble/base'
[info]: Registered item migration: 'cubyz:marble_bricks' -> 'cubyz:marble/bricks'
[info]: Registered item migration: 'cubyz:marble_tile' -> 'cubyz:marble/tile'
[info]: Registered item migration: 'cubyz:marble_wall' -> 'cubyz:marble/wall'
[info]: Registered item migration: 'cubyz:sandstone' -> 'cubyz:sandstone/base'
[info]: Registered item migration: 'cubyz:sandstone_bricks' -> 'cubyz:sandstone/bricks'
[info]: Registered item migration: 'cubyz:sandstone_tile' -> 'cubyz:sandstone/tile'
[info]: Registered item migration: 'cubyz:sandstone_wall' -> 'cubyz:sandstone/wall'
[info]: Registered item migration: 'cubyz:slate' -> 'cubyz:slate/base'
[info]: Registered item migration: 'cubyz:slate_bricks' -> 'cubyz:slate/bricks'
[info]: Registered item migration: 'cubyz:cobblestone' -> 'cubyz:slate/cobble'
[info]: Registered item migration: 'cubyz:slate_tile' -> 'cubyz:slate/tile'
[info]: Registered item migration: 'cubyz:slate_wall' -> 'cubyz:slate/wall'
[info]: Registered item migration: 'cubyz:terracotta' -> 'cubyz:terracotta/base'
[info]: Registered item migration: 'cubyz:terracotta_bricks' -> 'cubyz:terracotta/bricks'
[info]: Registered item migration: 'cubyz:terracotta_tiles' -> 'cubyz:terracotta/tile'
[info]: Registered item migration: 'cubyz:terracotta_wall' -> 'cubyz:terracotta/wall'
[info]: Registered item migration: 'cubyz:void_stone' -> 'cubyz:voidstone/base'
[info]: Registered item migration: 'cubyz:void_stone_bricks' -> 'cubyz:voidstone/bricks'
[info]: Registered item migration: 'cubyz:void_stone_tile' -> 'cubyz:voidstone/tile'
[info]: Registered item migration: 'cubyz:void_stone_wall' -> 'cubyz:voidstone/wall'
[info]: Registered item migration: 'cubyz:baobab_planks' -> 'cubyz:planks/baobab'
[info]: Registered item migration: 'cubyz:birch_planks' -> 'cubyz:planks/birch'
[info]: Registered item migration: 'cubyz:mahogany_planks' -> 'cubyz:planks/mahogany'
[info]: Registered item migration: 'cubyz:oak_planks' -> 'cubyz:planks/oak'
[info]: Registered item migration: 'cubyz:palm_planks' -> 'cubyz:planks/palm'
[info]: Registered item migration: 'cubyz:pine_planks' -> 'cubyz:planks/pine'
[info]: Registered item migration: 'cubyz:willow_planks' -> 'cubyz:planks/willow'
[info]: Registered item migration: 'cubyz:baobab_fence' -> 'cubyz:fence/baobab'
[info]: Registered item migration: 'cubyz:birch_fence' -> 'cubyz:fence/birch'
[info]: Registered item migration: 'cubyz:mahogany_fence' -> 'cubyz:fence/mahogany'
[info]: Registered item migration: 'cubyz:oak_fence' -> 'cubyz:fence/oak'
[info]: Registered item migration: 'cubyz:palm_fence' -> 'cubyz:fence/palm'
[info]: Registered item migration: 'cubyz:pine_fence' -> 'cubyz:fence/pine'
[info]: Registered item migration: 'cubyz:willow_fence' -> 'cubyz:fence/willow'
[info]: Registered item migration: 'cubyz:candy_cane/block' -> 'cubyz:candy_cane_block'
[info]: Registered item migration: 'cubyz:candy_cane/branch' -> 'cubyz:branch/candy_cane'
[info]: Registered item migration: 'cubyz:cactus_arm' -> 'cubyz:branch/cactus'
[info]: Registered item migration: 'cubyz:glimmergill_branch' -> 'cubyz:branch/glimmergill'
[info]: Registered item migration: 'cubyz:toadstool_branch' -> 'cubyz:branch/toadstool'
[info]: Registered item migration: 'cubyz:bolete_branch' -> 'cubyz:branch/bolete'
[info]: Registered item migration: 'cubyz:baobab_branch' -> 'cubyz:branch/baobab'
[info]: Registered item migration: 'cubyz:birch_branch' -> 'cubyz:branch/birch'
[info]: Registered item migration: 'cubyz:mahogany_branch' -> 'cubyz:branch/mahogany'
[info]: Registered item migration: 'cubyz:oak_branch' -> 'cubyz:branch/oak'
[info]: Registered item migration: 'cubyz:pine_branch' -> 'cubyz:branch/pine'
[info]: Registered item migration: 'cubyz:willow_branch' -> 'cubyz:branch/willow'
[info]: Registered item migration: 'cubyz:baobab_log' -> 'cubyz:log/baobab'
[info]: Registered item migration: 'cubyz:baobab_top' -> 'cubyz:log/baobab'
[info]: Registered item migration: 'cubyz:birch_log' -> 'cubyz:log/birch'
[info]: Registered item migration: 'cubyz:birch_top' -> 'cubyz:log/birch'
[info]: Registered item migration: 'cubyz:mahogany_log' -> 'cubyz:log/mahogany'
[info]: Registered item migration: 'cubyz:mahogany_top' -> 'cubyz:log/mahogany'
[info]: Registered item migration: 'cubyz:oak_log' -> 'cubyz:log/oak'
[info]: Registered item migration: 'cubyz:oak_top' -> 'cubyz:log/oak'
[info]: Registered item migration: 'cubyz:pine_log' -> 'cubyz:log/pine'
[info]: Registered item migration: 'cubyz:pine_top' -> 'cubyz:log/pine'
[info]: Registered item migration: 'cubyz:willow_log' -> 'cubyz:log/willow'
[info]: Registered item migration: 'cubyz:willow_top' -> 'cubyz:log/willow'
[info]: Registered item migration: 'cubyz:slate/base' -> 'cubyz:slate/smooth'
[info]: Registered item migration: 'cubyz:slate/cobble' -> 'cubyz:slate/rough'
[info]: Registered item migration: 'cubyz:marble/base' -> 'cubyz:marble/smooth'
[info]: Registered item migration: 'cubyz:glacite/base' -> 'cubyz:glacite/smooth'
[info]: Registered item migration: 'cubyz:basalt/base' -> 'cubyz:basalt/smooth'
[info]: Registered item migration: 'cubyz:voidstone/base' -> 'cubyz:voidstone/smooth'
[info]: Registered item migration: 'cubyz:pyrolite/base' -> 'cubyz:pyrolite/rough'
[info]: Registered item migration: 'cubyz:terracotta/base' -> 'cubyz:terracotta/smooth'
[info]: Registered item migration: 'cubyz:sandstone/base' -> 'cubyz:sandstone/rough'
[info]: Registered item migration: 'cubyz:ferrock/base' -> 'cubyz:ferrock/smooth'
[info]: Registered item migration: 'cubyz:limestone/base' -> 'cubyz:limestone/smooth'
[info]: Registered item migration: 'cubyz:nimbusite/base' -> 'cubyz:nimbusite/smooth'
[info]: Collapsing transitive item migration: 'cubyz:cobblestone' -> cubyz:slate/cobble -> 'cubyz:slate/rough'
[info]: Collapsing transitive item migration: 'cubyz:limestone' -> cubyz:limestone/base -> 'cubyz:limestone/smooth'
[info]: Collapsing transitive item migration: 'cubyz:ferrock' -> cubyz:ferrock/base -> 'cubyz:ferrock/smooth'
[info]: Collapsing transitive item migration: 'cubyz:slate' -> cubyz:slate/base -> 'cubyz:slate/smooth'
[info]: Collapsing transitive item migration: 'cubyz:mossy_cobblestone' -> cubyz:cobblestone -> 'cubyz:slate/rough'
[info]: Collapsing transitive item migration: 'cubyz:sandstone' -> cubyz:sandstone/base -> 'cubyz:sandstone/rough'
[info]: Collapsing transitive item migration: 'cubyz:marble' -> cubyz:marble/base -> 'cubyz:marble/smooth'
[info]: Collapsing transitive item migration: 'cubyz:glacite' -> cubyz:glacite/base -> 'cubyz:glacite/smooth'
[info]: Collapsing transitive item migration: 'cubyz:stone_tile' -> cubyz:slate_tile -> 'cubyz:slate/tile'
[info]: Collapsing transitive item migration: 'cubyz:basalt' -> cubyz:basalt/base -> 'cubyz:basalt/smooth'
[info]: Collapsing transitive item migration: 'cubyz:stone_wall' -> cubyz:slate_wall -> 'cubyz:slate/wall'
[info]: Collapsing transitive item migration: 'cubyz:stone_bricks' -> cubyz:slate_bricks -> 'cubyz:slate/bricks'
[info]: Collapsing transitive item migration: 'cubyz:void_stone' -> cubyz:voidstone/base -> 'cubyz:voidstone/smooth'
[info]: Collapsing transitive item migration: 'cubyz:stone' -> cubyz:slate -> 'cubyz:slate/smooth'
[info]: Collapsing transitive item migration: 'cubyz:terracotta' -> cubyz:terracotta/base -> 'cubyz:terracotta/smooth'
[info]: Applying 105 migrations to item palette
[info]: Registering biome migrations for 1 addons
[info]: Registered biome migration: 'cubyz:cave/void_cavern' -> 'cubyz:cave/void/void_cavern'
[info]: Registered biome migration: 'cubyz:cave/void_roots' -> 'cubyz:cave/void/void_roots'
[info]: Registered biome migration: 'cubyz:clearing' -> 'cubyz:forest/clearing'
[info]: Registered biome migration: 'cubyz:desert' -> 'cubyz:desert/base'
[info]: Registered biome migration: 'cubyz:forest' -> 'cubyz:forest/base'
[info]: Registered biome migration: 'cubyz:jungle(TODO)' -> 'cubyz:jungle'
[info]: Registered biome migration: 'cubyz:swamp' -> 'cubyz:swamp/base'
[info]: Registered biome migration: 'cubyz:taiga' -> 'cubyz:taiga/base'
[info]: Registered biome migration: 'cubyz:tundra' -> 'cubyz:tundra/base'
[info]: Registered biome migration: 'cubyz:forest/base' -> 'cubyz:forest/mixed/oak_birch'
[info]: Registered biome migration: 'cubyz:forest/clearing' -> 'cubyz:forest/mixed/oak_birch_clearing'
[info]: Registered biome migration: 'cubyz:beach' -> 'cubyz:beach/warm/base'
[info]: Registered biome migration: 'cubyz:jungle' -> 'cubyz:jungle/base'
[info]: Registered biome migration: 'cubyz:ocean' -> 'cubyz:ocean/temperate/base'
[info]: Registered biome migration: 'cubyz:ocean_shelf' -> 'cubyz:ocean/temperate/shelf'
[info]: Registered biome migration: 'cubyz:cold_ocean' -> 'cubyz:ocean/cold/base'
[info]: Registered biome migration: 'cubyz:warm_ocean' -> 'cubyz:ocean/warm/base'
[info]: Registered biome migration: 'cubyz:prairie/dry_spell' -> 'cubyz:prairie/dry_spell/base'
[info]: Registered biome migration: 'cubyz:prairie/limestone_pit' -> 'cubyz:prairie/limestone_pit/base'
[info]: Registered biome migration: 'cubyz:rainbow_forest' -> 'cubyz:rare/rainbow_forest'
[info]: Registered biome migration: 'cubyz:modern_art' -> 'cubyz:rare/modern_art'
[info]: Registered biome migration: 'cubyz:glass_forest' -> 'cubyz:rare/glass_forest'
[info]: Registered biome migration: 'cubyz:spawn' -> 'cubyz:rare/spawn'
[info]: Registered biome migration: 'cubyz:cave/glimmergill' -> 'cubyz:cave/mushroom/glimmergill'
[info]: Registered biome migration: 'cubyz:cave/glimmergill_big' -> 'cubyz:cave/mushroom/big/glimmergill'
[info]: Registered biome migration: 'cubyz:cave/toadstool_big' -> 'cubyz:cave/mushroom/big/toadstool'
[info]: Registered biome migration: 'cubyz:cave/bolete_big' -> 'cubyz:cave/mushroom/big/bolete'
[info]: Registered biome migration: 'cubyz:flatland' -> 'cubyz:development/flat'
[info]: Registered biome migration: 'cubyz:island' -> 'cubyz:ocean/temperate/island/base'
[info]: Registered biome migration: 'cubyz:island_shelf' -> 'cubyz:ocean/temperate/island/shelf'
[info]: Registered biome migration: 'cubyz:cave/cave' -> 'cubyz:cave/slate/base'
[info]: Registered biome migration: 'cubyz:tall_mountain/peak' -> 'cubyz:tall_mountain/summit1'
[info]: Collapsing transitive biome migration: 'cubyz:forest' -> cubyz:forest/base -> 'cubyz:forest/mixed/oak_birch'
[info]: Collapsing transitive biome migration: 'cubyz:clearing' -> cubyz:forest/clearing -> 'cubyz:forest/mixed/oak_birch_clearing'
[info]: Collapsing transitive biome migration: 'cubyz:jungle(TODO)' -> cubyz:jungle -> 'cubyz:jungle/base'
[info]: Applying 32 migrations to biome palette
[info]: Registering entityModel migrations for 0 addons
[info]: Applying 0 migrations to entityModel palette
[info]: Registering entityComponent migrations for 0 addons
[info]: Applying 0 migrations to entityComponent palette
[debug]: Registering entity model cubyz:missing
[debug]: Registering entity model cubyz:snale
[debug]: Registering entity model cubyz:moffalo
[debug]: Registering entity model cubyz:snail
[debug]: Registering entity model cubyz:cubert
[debug]: Registered block:     0 'cubyz:air'
[debug]: Registered block:     1 'cubyz:pine_log'
[debug]: Registered block:     2 'cubyz:chalk/grey'
[debug]: Registered block:     3 'cubyz:cloth/lime'
[debug]: Registered block:     4 'cubyz:leaves/yellow'
[debug]: Registered block:     5 'cubyz:clay'
[debug]: Registered block:     6 'cubyz:cut_amber_block'
[debug]: Registered block:     7 'cubyz:castilleja'
[debug]: Registered block:     8 'cubyz:marble/wall'
[debug]: Registered block:     9 'cubyz:sign/pine'
[debug]: Registered block:    10 'cubyz:leaves/palm'
[debug]: Registered block:    11 'cubyz:glass/orange'
[debug]: Registered block:    12 'cubyz:leaves/mahogany'
[debug]: Registered block:    13 'cubyz:magma'
[debug]: Registered block:    14 'cubyz:glow_crystal/blue'
[debug]: Registered block:    15 'cubyz:cut_ruby_block'
[debug]: Registered block:    16 'cubyz:cloth/block/brown'
[debug]: Registered block:    17 'cubyz:lantern/coal'
[debug]: Registered block:    18 'cubyz:branch/leafy/oak'
[debug]: Registered block:    19 'cubyz:lumiflora'
[debug]: Registered block:    20 'cubyz:dirt'
[debug]: Registered block:    21 'cubyz:sandstone/bricks'
[debug]: Registered block:    22 'cubyz:oak_top'
[debug]: Registered block:    23 'cubyz:chalk/viridian'
[debug]: Registered block:    24 'cubyz:gravel'
[debug]: Registered block:    25 'cubyz:log/cactus'
[debug]: Registered block:    26 'cubyz:obsidian'
[debug]: Registered block:    27 'cubyz:log/birch'
[debug]: Registered block:    28 'cubyz:planks/cirrus'
[debug]: Registered block:    29 'cubyz:ferrock/pillar'
[debug]: Registered block:    30 'cubyz:nimbusite/wall'
[debug]: Registered block:    31 'cubyz:bolete_cap'
[debug]: Registered block:    32 'cubyz:sign/birch'
[debug]: Registered block:    33 'cubyz:voidstone/bricks'
[debug]: Registered block:    34 'cubyz:oak_log'
[debug]: Registered block:    35 'cubyz:chest/cirrus'
[debug]: Registered block:    36 'cubyz:branch/bolete'
[debug]: Registered block:    37 'cubyz:cloth/violet'
[debug]: Registered block:    38 'cubyz:terracotta/rough'
[debug]: Registered block:    39 'cubyz:vine/cirrus'
[debug]: Registered block:    40 'cubyz:sbb/child/violet'
[debug]: Registered block:    41 'cubyz:pyrolite/pillar'
[debug]: Registered block:    42 'cubyz:cloth/block/viridian'
[debug]: Registered block:    43 'cubyz:cold_grass_vegetation'
[debug]: Registered block:    44 'cubyz:gold_block'
[debug]: Registered block:    45 'cubyz:fog/red'
[debug]: Registered block:    46 'cubyz:basalt/pillar'
[debug]: Registered block:    47 'cubyz:glass/yellow'
[debug]: Registered block:    48 'cubyz:dry_grass'
[debug]: Registered block:    49 'cubyz:slate/smooth'
[debug]: Registered block:    50 'cubyz:sulfur_ore'
[debug]: Registered block:    51 'cubyz:mahogany_top'
[debug]: Registered block:    52 'cubyz:pyrolite/tile'
[debug]: Registered block:    53 'cubyz:nimbusite/pillar'
[debug]: Registered block:    54 'cubyz:sign/willow'
[debug]: Registered block:    55 'cubyz:jade_block'
[debug]: Registered block:    56 'cubyz:bars/meteorite'
[debug]: Registered block:    57 'cubyz:bars/gold'
[debug]: Registered block:    58 'cubyz:cloth/block/yellow'
[debug]: Registered block:    59 'cubyz:glacite/rough'
[debug]: Registered block:    60 'cubyz:sbb/child/indigo'
[debug]: Registered block:    61 'cubyz:glow_crystal/viridian'
[debug]: Registered block:    62 'cubyz:resin'
[debug]: Registered block:    63 'cubyz:gold_ore'
[debug]: Registered block:    64 'cubyz:glass/cyan'
[debug]: Registered block:    65 'cubyz:trumpet_lily'
[debug]: Registered block:    66 'cubyz:mud'
[debug]: Registered block:    67 'cubyz:sign/palm'
[debug]: Registered block:    68 'cubyz:ice'
[debug]: Registered block:    69 'cubyz:pyrolite/rough'
[debug]: Registered block:    70 'cubyz:sbb/child/white'
[debug]: Registered block:    71 'cubyz:chest/mahogany'
[debug]: Registered block:    72 'cubyz:ferrock/rough'
[debug]: Registered block:    73 'cubyz:glimmergill_cap'
[debug]: Registered block:    74 'cubyz:leaves/cirrus'
[debug]: Registered block:    75 'cubyz:leaves/willow'
[debug]: Registered block:    76 'cubyz:grass/vegetation/dew'
[debug]: Registered block:    77 'cubyz:cloth/purple'
[debug]: Registered block:    78 'cubyz:cloth/block/violet'
[debug]: Registered block:    79 'cubyz:vetch'
[debug]: Registered block:    80 'cubyz:chimney'
[debug]: Registered block:    81 'cubyz:sbb/child/lime'
[debug]: Registered block:    82 'cubyz:chest/birch'
[debug]: Registered block:    83 'cubyz:silver_block'
[debug]: Registered block:    84 'cubyz:jade_ore'
[debug]: Registered block:    85 'cubyz:glass/red'
[debug]: Registered block:    86 'cubyz:sandstone/pillar'
[debug]: Registered block:    87 'cubyz:marble/rough'
[debug]: Registered block:    88 'cubyz:grass/vegetation/sky'
[debug]: Registered block:    89 'cubyz:branch/oak'
[debug]: Registered block:    90 'cubyz:glass/green'
[debug]: Registered block:    91 'cubyz:cloth/block/grey'
[debug]: Registered block:    92 'cubyz:slate/pillar'
[debug]: Registered block:    93 'cubyz:log/willow'
[debug]: Registered block:    94 'cubyz:torch/lumi'
[debug]: Registered block:    95 'cubyz:bars/silver'
[debug]: Registered block:    96 'cubyz:log/palm'
[debug]: Registered block:    97 'cubyz:workbench'
[debug]: Registered block:    98 'cubyz:meteorite_block'
[debug]: Registered block:    99 'cubyz:voidstone/tile'
[debug]: Registered block:   100 'cubyz:planks/birch'
[debug]: Registered block:   101 'cubyz:cut_diamond_block'
[debug]: Registered block:   102 'cubyz:dry_grass_vegetation'
[debug]: Registered block:   103 'cubyz:resin_block'
[debug]: Registered block:   104 'cubyz:glass/violet'
[debug]: Registered block:   105 'cubyz:cloth/orange'
[debug]: Registered block:   106 'cubyz:slate/tile'
[debug]: Registered block:   107 'cubyz:glow_crystal/green'
[debug]: Registered block:   108 'cubyz:water'
[debug]: Registered block:   109 'cubyz:glow_crystal/white'
[debug]: Registered block:   110 'cubyz:lava'
[debug]: Registered block:   111 'cubyz:branch/cactus'
[debug]: Registered block:   112 'cubyz:slate/wall'
[debug]: Registered block:   113 'cubyz:basalt/rough'
[debug]: Registered block:   114 'cubyz:glow_crystal/grey'
[debug]: Registered block:   115 'cubyz:glacite/smooth'
[debug]: Registered block:   116 'cubyz:chalk/cyan'
[debug]: Registered block:   117 'cubyz:grass/sky'
[debug]: Registered block:   118 'cubyz:cloth/white'
[debug]: Registered block:   119 'cubyz:diamond_block'
[debug]: Registered block:   120 'cubyz:cloth/block/orange'
[debug]: Registered block:   121 'cubyz:cloth/aqua'
[debug]: Registered block:   122 'cubyz:cut_jade_block'
[debug]: Registered block:   123 'cubyz:bars/copper'
[debug]: Registered block:   124 'cubyz:glass/viridian'
[debug]: Registered block:   125 'cubyz:glow_crystal/yellow'
[debug]: Registered block:   126 'cubyz:lantern/sulfur'
[debug]: Registered block:   127 'cubyz:ruby_ore'
[debug]: Registered block:   128 'cubyz:chain/iron'
[debug]: Registered block:   129 'cubyz:branch/leafy/baobab'
[debug]: Registered block:   130 'cubyz:glass/dark_grey'
[debug]: Registered block:   131 'cubyz:branch/cirrus'
[debug]: Registered block:   132 'cubyz:glacite/pillar'
[debug]: Registered block:   133 'cubyz:fern'
[debug]: Registered block:   134 'cubyz:cloth/magenta'
[debug]: Registered block:   135 'cubyz:glass/magenta'
[debug]: Registered block:   136 'cubyz:pyrolite/wall'
[debug]: Registered block:   137 'cubyz:chalk/dark_grey'
[debug]: Registered block:   138 'cubyz:toadstool_stem'
[debug]: Registered block:   139 'cubyz:fence/birch'
[debug]: Registered block:   140 'cubyz:mahogany_log'
[debug]: Registered block:   141 'cubyz:permafrost'
[debug]: Registered block:   142 'cubyz:red_leaf_pile'
[debug]: Registered block:   143 'cubyz:chalk/pink'
[debug]: Registered block:   144 'cubyz:coal_ore'
[debug]: Registered block:   145 'cubyz:branch/leafy/cirrus'
[debug]: Registered block:   146 'cubyz:branch/birch'
[debug]: Registered block:   147 'cubyz:cactus'
[debug]: Registered block:   148 'cubyz:glass/crimson'
[debug]: Registered block:   149 'cubyz:leaves/opaque/pine'
[debug]: Registered block:   150 'cubyz:glimmergill'
[debug]: Registered block:   151 'cubyz:fence/cirrus'
[debug]: Registered block:   152 'cubyz:duckweed'
[debug]: Registered block:   153 'cubyz:lush_grass'
[debug]: Registered block:   154 'cubyz:leaves/opaque/willow'
[debug]: Registered block:   155 'cubyz:limestone/pillar'
[debug]: Registered block:   156 'cubyz:voidstone/rough'
[debug]: Registered block:   157 'cubyz:bars/iron'
[debug]: Registered block:   158 'cubyz:bolete'
[debug]: Registered block:   159 'cubyz:daisies'
[debug]: Registered block:   160 'cubyz:glow_crystal/violet'
[debug]: Registered block:   161 'cubyz:cloth/indigo'
[debug]: Registered block:   162 'cubyz:cloth/yellow'
[debug]: Registered block:   163 'cubyz:glass/lime'
[debug]: Registered block:   164 'cubyz:branch/toadstool'
[debug]: Registered block:   165 'cubyz:willow_top'
[debug]: Registered block:   166 'cubyz:cloth/pink'
[debug]: Registered block:   167 'cubyz:log/bolete'
[debug]: Registered block:   168 'cubyz:ferrock/wall'
[debug]: Registered block:   169 'cubyz:planks/pine'
[debug]: Registered block:   170 'cubyz:cloth/block/lime'
[debug]: Registered block:   171 'cubyz:baobab_log'
[debug]: Registered block:   172 'cubyz:limestone/wall'
[debug]: Registered block:   173 'cubyz:planks/baobab'
[debug]: Registered block:   174 'cubyz:sign/mahogany'
[debug]: Registered block:   175 'cubyz:branch/leafy/palm'
[debug]: Registered block:   176 'cubyz:chalk/yellow'
[debug]: Registered block:   177 'cubyz:glacite/bricks'
[debug]: Registered block:   178 'cubyz:vine/mahogany'
[debug]: Registered block:   179 'cubyz:pyrolite/bricks'
[debug]: Registered block:   180 'cubyz:amber_block'
[debug]: Registered block:   181 'cubyz:log/mahogany'
[debug]: Registered block:   182 'cubyz:ferrock/smooth'
[debug]: Registered block:   183 'cubyz:marble/pillar'
[debug]: Registered block:   184 'cubyz:glow_crystal/magenta'
[debug]: Registered block:   185 'cubyz:leaves/opaque/palm'
[debug]: Registered block:   186 'cubyz:cloth/block/indigo'
[debug]: Registered block:   187 'cubyz:glass/black'
[debug]: Registered block:   188 'cubyz:leaves/opaque/dead'
[debug]: Registered block:   189 'cubyz:chest/oak'
[debug]: Registered block:   190 'cubyz:chalk/white'
[debug]: Registered block:   191 'cubyz:glow_crystal/lime'
[debug]: Registered block:   192 'cubyz:bars/uranium'
[debug]: Registered block:   193 'cubyz:basalt/smooth'
[debug]: Registered block:   194 'cubyz:branch/mahogany'
[debug]: Registered block:   195 'cubyz:fog/yellow'
[debug]: Registered block:   196 'cubyz:cloth/black'
[debug]: Registered block:   197 'cubyz:limestone/tile'
[debug]: Registered block:   198 'cubyz:soil'
[debug]: Registered block:   199 'cubyz:lamp'
[debug]: Registered block:   200 'cubyz:marble/tile'
[debug]: Registered block:   201 'cubyz:leaves/red'
[debug]: Registered block:   202 'cubyz:copper_block'
[debug]: Registered block:   203 'cubyz:copper_ore'
[debug]: Registered block:   204 'cubyz:leaves/opaque/red'
[debug]: Registered block:   205 'cubyz:chalk/red'
[debug]: Registered block:   206 'cubyz:sandstone/rough'
[debug]: Registered block:   207 'cubyz:branch/pine'
[debug]: Registered block:   208 'cubyz:chalk/indigo'
[debug]: Registered block:   209 'cubyz:glow_crystal/dark_grey'
[debug]: Registered block:   210 'cubyz:sign/baobab'
[debug]: Registered block:   211 'cubyz:terracotta/bricks'
[debug]: Registered block:   212 'cubyz:glacite/wall'
[debug]: Registered block:   213 'cubyz:iron_ore'
[debug]: Registered block:   214 'cubyz:sandstone/tile'
[debug]: Registered block:   215 'cubyz:nimbusite/bricks'
[debug]: Registered block:   216 'cubyz:torch'
[debug]: Registered block:   217 'cubyz:toadstool_cap'
[debug]: Registered block:   218 'cubyz:silver_ore'
[debug]: Registered block:   219 'cubyz:chalk/violet'
[debug]: Registered block:   220 'cubyz:terracotta/wall'
[debug]: Registered block:   221 'cubyz:kiln'
[debug]: Registered block:   222 'cubyz:branch/leafy/pine'
[debug]: Registered block:   223 'cubyz:cloth/grey'
[debug]: Registered block:   224 'cubyz:planks/oak'
[debug]: Registered block:   225 'cubyz:cloth/green'
[debug]: Registered block:   226 'cubyz:sbb/child/pink'
[debug]: Registered block:   227 'cubyz:marble/bricks'
[debug]: Registered block:   228 'cubyz:dandelions'
[debug]: Registered block:   229 'cubyz:slate/bricks'
[debug]: Registered block:   230 'cubyz:lush_grass_vegetation'
[debug]: Registered block:   231 'cubyz:amber_ore'
[debug]: Registered block:   232 'cubyz:log/cirrus'
[debug]: Registered block:   233 'cubyz:branch/palm'
[debug]: Registered block:   234 'cubyz:chalk/purple'
[debug]: Registered block:   235 'cubyz:limestone/smooth'
[debug]: Registered block:   236 'cubyz:basalt/wall'
[debug]: Registered block:   237 'cubyz:log/toadstool'
[debug]: Registered block:   238 'cubyz:leaves/opaque/birch'
[debug]: Registered block:   239 'cubyz:sandstone/smooth'
[debug]: Registered block:   240 'cubyz:candy_cane_block'
[debug]: Registered block:   241 'cubyz:log/glimmergill'
[debug]: Registered block:   242 'cubyz:vine/glimmer_worms'
[debug]: Registered block:   243 'cubyz:cloth/dark_grey'
[debug]: Registered block:   244 'cubyz:glass/grey'
[debug]: Registered block:   245 'cubyz:cloth/blue'
[debug]: Registered block:   246 'cubyz:voidstone/smooth'
[debug]: Registered block:   247 'cubyz:sbb/child/cyan'
[debug]: Registered block:   248 'cubyz:moss'
[debug]: Registered block:   249 'cubyz:meteorite_ore'
[debug]: Registered block:   250 'cubyz:cloth/block/purple'
[debug]: Registered block:   251 'cubyz:chalk/orange'
[debug]: Registered block:   252 'cubyz:glow_crystal/pink'
[debug]: Registered block:   253 'cubyz:glass/indigo'
[debug]: Registered block:   254 'cubyz:glow_crystal/purple'
[debug]: Registered block:   255 'cubyz:glass/aqua'
[debug]: Registered block:   256 'cubyz:leaves/opaque/baobab'
[debug]: Registered block:   257 'cubyz:planks/willow'
[debug]: Registered block:   258 'cubyz:cloth/block/pink'
[debug]: Registered block:   259 'cubyz:glass/brown'
[debug]: Registered block:   260 'cubyz:grass'
[debug]: Registered block:   261 'cubyz:birch_top'
[debug]: Registered block:   262 'cubyz:sulfur_block'
[debug]: Registered block:   263 'cubyz:sign/oak'
[debug]: Registered block:   264 'cubyz:yellow_leaf_pile'
[debug]: Registered block:   265 'cubyz:ash'
[debug]: Registered block:   266 'cubyz:glow_crystal/brown'
[debug]: Registered block:   267 'cubyz:sbb/child/purple'
[debug]: Registered block:   268 'cubyz:fog/cyan'
[debug]: Registered block:   269 'cubyz:sbb/child/magenta'
[debug]: Registered block:   270 'cubyz:sulfur_lamp'
[debug]: Registered block:   271 'cubyz:cloth/block/blue'
[debug]: Registered block:   272 'cubyz:cloth/block/green'
[debug]: Registered block:   273 'cubyz:terracotta/pillar'
[debug]: Registered block:   274 'cubyz:glass/pink'
[debug]: Registered block:   275 'cubyz:chest/pine'
[debug]: Registered block:   276 'cubyz:leaves/baobab'
[debug]: Registered block:   277 'cubyz:log/pine'
[debug]: Registered block:   278 'cubyz:snow'
[debug]: Registered block:   279 'cubyz:tussock'
[debug]: Registered block:   280 'cubyz:fence/willow'
[debug]: Registered block:   281 'cubyz:glow_crystal/indigo'
[debug]: Registered block:   282 'cubyz:glass/uranium'
[debug]: Registered block:   283 'cubyz:sbb/child/black'
[debug]: Registered block:   284 'cubyz:nimbusite/smooth'
[debug]: Registered block:   285 'cubyz:ferrock/bricks'
[debug]: Registered block:   286 'cubyz:glow_crystal/black'
[debug]: Registered block:   287 'cubyz:void'
[debug]: Registered block:   288 'cubyz:pyrolite/smooth'
[debug]: Registered block:   289 'cubyz:monstera'
[debug]: Registered block:   290 'cubyz:kamacite'
[debug]: Registered block:   291 'cubyz:cactus_flower'
[debug]: Registered block:   292 'cubyz:chest/willow'
[debug]: Registered block:   293 'cubyz:vine/willow'
[debug]: Registered block:   294 'cubyz:ruby_block'
[debug]: Registered block:   295 'cubyz:leaves/opaque/mahogany'
[debug]: Registered block:   296 'cubyz:glow_crystal/cyan'
[debug]: Registered block:   297 'cubyz:glow_crystal/red'
[debug]: Registered block:   298 'cubyz:willow_log'
[debug]: Registered block:   299 'cubyz:glacite/tile'
[debug]: Registered block:   300 'cubyz:fence/mahogany'
[debug]: Registered block:   301 'cubyz:chalk/magenta'
[debug]: Registered block:   302 'cubyz:sbb/origin'
[debug]: Registered block:   303 'cubyz:branch/leafy/birch'
[debug]: Registered block:   304 'cubyz:frost'
[debug]: Registered block:   305 'cubyz:ivy'
[debug]: Registered block:   306 'cubyz:branch/baobab'
[debug]: Registered block:   307 'cubyz:chalk/black'
[debug]: Registered block:   308 'cubyz:chalk/aqua'
[debug]: Registered block:   309 'cubyz:lily_pad'
[debug]: Registered block:   310 'cubyz:cloth/crimson'
[debug]: Registered block:   311 'cubyz:sandstone/wall'
[debug]: Registered block:   312 'cubyz:leaves/dead'
[debug]: Registered block:   313 'cubyz:cloth/brown'
[debug]: Registered block:   314 'cubyz:sbb/child/grey'
[debug]: Registered block:   315 'cubyz:cloth/viridian'
[debug]: Registered block:   316 'cubyz:leaves/opaque/yellow'
[debug]: Registered block:   317 'cubyz:coal_block'
[debug]: Registered block:   318 'cubyz:glass/blue'
[debug]: Registered block:   319 'cubyz:diamond_ore'
[debug]: Registered block:   320 'cubyz:iron_block'
[debug]: Registered block:   321 'cubyz:bluebells'
[debug]: Registered block:   322 'cubyz:dead_leaf_pile'
[debug]: Registered block:   323 'cubyz:branch/leafy/mahogany'
[debug]: Registered block:   324 'cubyz:aerosoil'
[debug]: Registered block:   325 'cubyz:ferrock/tile'
[debug]: Registered block:   326 'cubyz:sbb/child/aqua'
[debug]: Registered block:   327 'cubyz:fence/palm'
[debug]: Registered block:   328 'cubyz:terracotta/tile'
[debug]: Registered block:   329 'cubyz:birch_log'
[debug]: Registered block:   330 'cubyz:furnace'
[debug]: Registered block:   331 'cubyz:basalt/bricks'
[debug]: Registered block:   332 'cubyz:glimmergill_stem'
[debug]: Registered block:   333 'cubyz:pine_top'
[debug]: Registered block:   334 'cubyz:sbb/child/crimson'
[debug]: Registered block:   335 'cubyz:voidstone/pillar'
[debug]: Registered block:   336 'cubyz:terracotta/smooth'
[debug]: Registered block:   337 'cubyz:bellows'
[debug]: Registered block:   338 'cubyz:nimbusite/tile'
[debug]: Registered block:   339 'cubyz:cloth/block/magenta'
[debug]: Registered block:   340 'cubyz:sbb/child/blue'
[debug]: Registered block:   341 'cubyz:uranium_ore'
[debug]: Registered block:   342 'cubyz:branch/candy_cane'
[debug]: Registered block:   343 'cubyz:glow_crystal/aqua'
[debug]: Registered block:   344 'cubyz:leaves/opaque/oak'
[debug]: Registered block:   345 'cubyz:grass_vegetation'
[debug]: Registered block:   346 'cubyz:glass/purple'
[debug]: Registered block:   347 'cubyz:sbb/child/yellow'
[debug]: Registered block:   348 'cubyz:sbb/child/orange'
[debug]: Registered block:   349 'cubyz:fog/blue'
[debug]: Registered block:   350 'cubyz:basalt/tile'
[debug]: Registered block:   351 'cubyz:pebbles'
[debug]: Registered block:   352 'cubyz:sbb/child/brown'
[debug]: Registered block:   353 'cubyz:chalk/brown'
[debug]: Registered block:   354 'cubyz:chest/baobab'
[debug]: Registered block:   355 'cubyz:sbb/child/red'
[debug]: Registered block:   356 'cubyz:marigold'
[debug]: Registered block:   357 'cubyz:log/baobab'
[debug]: Registered block:   358 'cubyz:cloth/block/cyan'
[debug]: Registered block:   359 'cubyz:chest/palm'
[debug]: Registered block:   360 'cubyz:sbb/child/green'
[debug]: Registered block:   361 'cubyz:osier'
[debug]: Registered block:   362 'cubyz:nimbusite/rough'
[debug]: Registered block:   363 'cubyz:chalk/green'
[debug]: Registered block:   364 'cubyz:hibiscus'
[debug]: Registered block:   365 'cubyz:branch/glimmergill'
[debug]: Registered block:   366 'cubyz:sbb/child/dark_grey'
[debug]: Registered block:   367 'cubyz:leaves/pine'
[debug]: Registered block:   368 'cubyz:chalk/blue'
[debug]: Registered block:   369 'cubyz:glow_crystal/crimson'
[debug]: Registered block:   370 'cubyz:chalk/crimson'
[debug]: Registered block:   371 'cubyz:sbb/child/viridian'
[debug]: Registered block:   372 'cubyz:grass/dew'
[debug]: Registered block:   373 'cubyz:cloth/block/crimson'
[debug]: Registered block:   374 'cubyz:cloth/red'
[debug]: Registered block:   375 'cubyz:fence/pine'
[debug]: Registered block:   376 'cubyz:bolete_stem'
[debug]: Registered block:   377 'cubyz:slate/rough'
[debug]: Registered block:   378 'cubyz:leaves/birch'
[debug]: Registered block:   379 'cubyz:sulfur_torch'
[debug]: Registered block:   380 'cubyz:fog/green'
[debug]: Registered block:   381 'cubyz:cold_grass'
[debug]: Registered block:   382 'cubyz:cloth/cyan'
[debug]: Registered block:   383 'cubyz:limestone/bricks'
[debug]: Registered block:   384 'cubyz:chalk/lime'
[debug]: Registered block:   385 'cubyz:cloth/block/dark_grey'
[debug]: Registered block:   386 'cubyz:leaves/opaque/cirrus'
[debug]: Registered block:   387 'cubyz:leaves/oak'
[debug]: Registered block:   388 'cubyz:uranium_block'
[debug]: Registered block:   389 'cubyz:cloth/block/red'
[debug]: Registered block:   390 'cubyz:branch/willow'
[debug]: Registered block:   391 'cubyz:log/oak'
[debug]: Registered block:   392 'cubyz:branch/leafy/willow'
[debug]: Registered block:   393 'cubyz:planks/mahogany'
[debug]: Registered block:   394 'cubyz:glow_crystal/orange'
[debug]: Registered block:   395 'cubyz:toadstool'
[debug]: Registered block:   396 'cubyz:daffodil'
[debug]: Registered block:   397 'cubyz:cloth/block/black'
[debug]: Registered block:   398 'cubyz:sand'
[debug]: Registered block:   399 'cubyz:baobab_top'
[debug]: Registered block:   400 'cubyz:marble/smooth'
[debug]: Registered block:   401 'cubyz:cloth/block/white'
[debug]: Registered block:   402 'cubyz:cloth/block/aqua'
[debug]: Registered block:   403 'cubyz:fog/magenta'
[debug]: Registered block:   404 'cubyz:fence/oak'
[debug]: Registered block:   405 'cubyz:glass/white'
[debug]: Registered block:   406 'cubyz:limestone/rough'
[debug]: Registered block:   407 'cubyz:sign/cirrus'
[debug]: Registered block:   408 'cubyz:fence/baobab'
[debug]: Registered block:   409 'cubyz:planks/palm'
[debug]: Registered block:   410 'cubyz:voidstone/wall'
[debug]: Registered item:     0 'cubyz:chalk/grey'
[debug]: Registered item:     1 'cubyz:cloth/lime'
[debug]: Registered item:     2 'cubyz:leaves/yellow'
[debug]: Registered item:     3 'cubyz:clay'
[debug]: Registered item:     4 'cubyz:cut_amber_block'
[debug]: Registered item:     5 'cubyz:castilleja'
[debug]: Registered item:     6 'cubyz:marble/wall'
[debug]: Registered item:     7 'cubyz:sign/pine'
[debug]: Registered item:     8 'cubyz:leaves/palm'
[debug]: Registered item:     9 'cubyz:glass/orange'
[debug]: Registered item:    10 'cubyz:leaves/mahogany'
[debug]: Registered item:    11 'cubyz:magma'
[debug]: Registered item:    12 'cubyz:glow_crystal/blue'
[debug]: Registered item:    13 'cubyz:cut_ruby_block'
[debug]: Registered item:    14 'cubyz:cloth/block/brown'
[debug]: Registered item:    15 'cubyz:lantern/coal'
[debug]: Registered item:    16 'cubyz:branch/leafy/oak'
[debug]: Registered item:    17 'cubyz:lumiflora'
[debug]: Registered item:    18 'cubyz:dirt'
[debug]: Registered item:    19 'cubyz:sandstone/bricks'
[debug]: Registered item:    20 'cubyz:chalk/viridian'
[debug]: Registered item:    21 'cubyz:gravel'
[debug]: Registered item:    22 'cubyz:log/cactus'
[debug]: Registered item:    23 'cubyz:obsidian'
[debug]: Registered item:    24 'cubyz:log/birch'
[debug]: Registered item:    25 'cubyz:planks/cirrus'
[debug]: Registered item:    26 'cubyz:ferrock/pillar'
[debug]: Registered item:    27 'cubyz:nimbusite/wall'
[debug]: Registered item:    28 'cubyz:bolete_cap'
[debug]: Registered item:    29 'cubyz:sign/birch'
[debug]: Registered item:    30 'cubyz:voidstone/bricks'
[debug]: Registered item:    31 'cubyz:chest/cirrus'
[debug]: Registered item:    32 'cubyz:branch/bolete'
[debug]: Registered item:    33 'cubyz:cloth/violet'
[debug]: Registered item:    34 'cubyz:terracotta/rough'
[debug]: Registered item:    35 'cubyz:vine/cirrus'
[debug]: Registered item:    36 'cubyz:sbb/child/violet'
[debug]: Registered item:    37 'cubyz:pyrolite/pillar'
[debug]: Registered item:    38 'cubyz:cloth/block/viridian'
[debug]: Registered item:    39 'cubyz:cold_grass_vegetation'
[debug]: Registered item:    40 'cubyz:gold_block'
[debug]: Registered item:    41 'cubyz:fog/red'
[debug]: Registered item:    42 'cubyz:basalt/pillar'
[debug]: Registered item:    43 'cubyz:glass/yellow'
[debug]: Registered item:    44 'cubyz:dry_grass'
[debug]: Registered item:    45 'cubyz:slate/smooth'
[debug]: Registered item:    46 'cubyz:sulfur_ore'
[debug]: Registered item:    47 'cubyz:pyrolite/tile'
[debug]: Registered item:    48 'cubyz:nimbusite/pillar'
[debug]: Registered item:    49 'cubyz:sign/willow'
[debug]: Registered item:    50 'cubyz:jade_block'
[debug]: Registered item:    51 'cubyz:bars/meteorite'
[debug]: Registered item:    52 'cubyz:bars/gold'
[debug]: Registered item:    53 'cubyz:cloth/block/yellow'
[debug]: Registered item:    54 'cubyz:glacite/rough'
[debug]: Registered item:    55 'cubyz:sbb/child/indigo'
[debug]: Registered item:    56 'cubyz:glow_crystal/viridian'
[debug]: Registered item:    57 'cubyz:resin'
[debug]: Registered item:    58 'cubyz:gold_ore'
[debug]: Registered item:    59 'cubyz:glass/cyan'
[debug]: Registered item:    60 'cubyz:trumpet_lily'
[debug]: Registered item:    61 'cubyz:mud'
[debug]: Registered item:    62 'cubyz:sign/palm'
[debug]: Registered item:    63 'cubyz:ice'
[debug]: Registered item:    64 'cubyz:pyrolite/rough'
[debug]: Registered item:    65 'cubyz:sbb/child/white'
[debug]: Registered item:    66 'cubyz:chest/mahogany'
[debug]: Registered item:    67 'cubyz:ferrock/rough'
[debug]: Registered item:    68 'cubyz:glimmergill_cap'
[debug]: Registered item:    69 'cubyz:leaves/cirrus'
[debug]: Registered item:    70 'cubyz:leaves/willow'
[debug]: Registered item:    71 'cubyz:grass/vegetation/dew'
[debug]: Registered item:    72 'cubyz:cloth/purple'
[debug]: Registered item:    73 'cubyz:cloth/block/violet'
[debug]: Registered item:    74 'cubyz:vetch'
[debug]: Registered item:    75 'cubyz:chimney'
[debug]: Registered item:    76 'cubyz:sbb/child/lime'
[debug]: Registered item:    77 'cubyz:chest/birch'
[debug]: Registered item:    78 'cubyz:silver_block'
[debug]: Registered item:    79 'cubyz:jade_ore'
[debug]: Registered item:    80 'cubyz:glass/red'
[debug]: Registered item:    81 'cubyz:sandstone/pillar'
[debug]: Registered item:    82 'cubyz:marble/rough'
[debug]: Registered item:    83 'cubyz:grass/vegetation/sky'
[debug]: Registered item:    84 'cubyz:branch/oak'
[debug]: Registered item:    85 'cubyz:glass/green'
[debug]: Registered item:    86 'cubyz:cloth/block/grey'
[debug]: Registered item:    87 'cubyz:slate/pillar'
[debug]: Registered item:    88 'cubyz:log/willow'
[debug]: Registered item:    89 'cubyz:torch/lumi'
[debug]: Registered item:    90 'cubyz:bars/silver'
[debug]: Registered item:    91 'cubyz:log/palm'
[debug]: Registered item:    92 'cubyz:workbench'
[debug]: Registered item:    93 'cubyz:meteorite_block'
[debug]: Registered item:    94 'cubyz:voidstone/tile'
[debug]: Registered item:    95 'cubyz:planks/birch'
[debug]: Registered item:    96 'cubyz:cut_diamond_block'
[debug]: Registered item:    97 'cubyz:dry_grass_vegetation'
[debug]: Registered item:    98 'cubyz:resin_block'
[debug]: Registered item:    99 'cubyz:glass/violet'
[debug]: Registered item:   100 'cubyz:cloth/orange'
[debug]: Registered item:   101 'cubyz:slate/tile'
[debug]: Registered item:   102 'cubyz:glow_crystal/green'
[debug]: Registered item:   103 'cubyz:water'
[debug]: Registered item:   104 'cubyz:glow_crystal/white'
[debug]: Registered item:   105 'cubyz:lava'
[debug]: Registered item:   106 'cubyz:branch/cactus'
[debug]: Registered item:   107 'cubyz:slate/wall'
[debug]: Registered item:   108 'cubyz:basalt/rough'
[debug]: Registered item:   109 'cubyz:glow_crystal/grey'
[debug]: Registered item:   110 'cubyz:glacite/smooth'
[debug]: Registered item:   111 'cubyz:chalk/cyan'
[debug]: Registered item:   112 'cubyz:grass/sky'
[debug]: Registered item:   113 'cubyz:cloth/white'
[debug]: Registered item:   114 'cubyz:diamond_block'
[debug]: Registered item:   115 'cubyz:cloth/block/orange'
[debug]: Registered item:   116 'cubyz:cloth/aqua'
[debug]: Registered item:   117 'cubyz:cut_jade_block'
[debug]: Registered item:   118 'cubyz:bars/copper'
[debug]: Registered item:   119 'cubyz:glass/viridian'
[debug]: Registered item:   120 'cubyz:glow_crystal/yellow'
[debug]: Registered item:   121 'cubyz:lantern/sulfur'
[debug]: Registered item:   122 'cubyz:ruby_ore'
[debug]: Registered item:   123 'cubyz:chain/iron'
[debug]: Registered item:   124 'cubyz:branch/leafy/baobab'
[debug]: Registered item:   125 'cubyz:glass/dark_grey'
[debug]: Registered item:   126 'cubyz:branch/cirrus'
[debug]: Registered item:   127 'cubyz:glacite/pillar'
[debug]: Registered item:   128 'cubyz:fern'
[debug]: Registered item:   129 'cubyz:cloth/magenta'
[debug]: Registered item:   130 'cubyz:glass/magenta'
[debug]: Registered item:   131 'cubyz:pyrolite/wall'
[debug]: Registered item:   132 'cubyz:chalk/dark_grey'
[debug]: Registered item:   133 'cubyz:toadstool_stem'
[debug]: Registered item:   134 'cubyz:fence/birch'
[debug]: Registered item:   135 'cubyz:permafrost'
[debug]: Registered item:   136 'cubyz:red_leaf_pile'
[debug]: Registered item:   137 'cubyz:chalk/pink'
[debug]: Registered item:   138 'cubyz:coal_ore'
[debug]: Registered item:   139 'cubyz:branch/leafy/cirrus'
[debug]: Registered item:   140 'cubyz:branch/birch'
[debug]: Registered item:   141 'cubyz:cactus'
[debug]: Registered item:   142 'cubyz:glass/crimson'
[debug]: Registered item:   143 'cubyz:glimmergill'
[debug]: Registered item:   144 'cubyz:fence/cirrus'
[debug]: Registered item:   145 'cubyz:duckweed'
[debug]: Registered item:   146 'cubyz:lush_grass'
[debug]: Registered item:   147 'cubyz:limestone/pillar'
[debug]: Registered item:   148 'cubyz:voidstone/rough'
[debug]: Registered item:   149 'cubyz:bars/iron'
[debug]: Registered item:   150 'cubyz:bolete'
[debug]: Registered item:   151 'cubyz:daisies'
[debug]: Registered item:   152 'cubyz:glow_crystal/violet'
[debug]: Registered item:   153 'cubyz:cloth/indigo'
[debug]: Registered item:   154 'cubyz:cloth/yellow'
[debug]: Registered item:   155 'cubyz:glass/lime'
[debug]: Registered item:   156 'cubyz:branch/toadstool'
[debug]: Registered item:   157 'cubyz:cloth/pink'
[debug]: Registered item:   158 'cubyz:log/bolete'
[debug]: Registered item:   159 'cubyz:ferrock/wall'
[debug]: Registered item:   160 'cubyz:planks/pine'
[debug]: Registered item:   161 'cubyz:cloth/block/lime'
[debug]: Registered item:   162 'cubyz:limestone/wall'
[debug]: Registered item:   163 'cubyz:planks/baobab'
[debug]: Registered item:   164 'cubyz:sign/mahogany'
[debug]: Registered item:   165 'cubyz:branch/leafy/palm'
[debug]: Registered item:   166 'cubyz:chalk/yellow'
[debug]: Registered item:   167 'cubyz:glacite/bricks'
[debug]: Registered item:   168 'cubyz:vine/mahogany'
[debug]: Registered item:   169 'cubyz:pyrolite/bricks'
[debug]: Registered item:   170 'cubyz:amber_block'
[debug]: Registered item:   171 'cubyz:log/mahogany'
[debug]: Registered item:   172 'cubyz:ferrock/smooth'
[debug]: Registered item:   173 'cubyz:marble/pillar'
[debug]: Registered item:   174 'cubyz:glow_crystal/magenta'
[debug]: Registered item:   175 'cubyz:cloth/block/indigo'
[debug]: Registered item:   176 'cubyz:glass/black'
[debug]: Registered item:   177 'cubyz:chest/oak'
[debug]: Registered item:   178 'cubyz:chalk/white'
[debug]: Registered item:   179 'cubyz:glow_crystal/lime'
[debug]: Registered item:   180 'cubyz:bars/uranium'
[debug]: Registered item:   181 'cubyz:basalt/smooth'
[debug]: Registered item:   182 'cubyz:branch/mahogany'
[debug]: Registered item:   183 'cubyz:fog/yellow'
[debug]: Registered item:   184 'cubyz:cloth/black'
[debug]: Registered item:   185 'cubyz:limestone/tile'
[debug]: Registered item:   186 'cubyz:soil'
[debug]: Registered item:   187 'cubyz:lamp'
[debug]: Registered item:   188 'cubyz:marble/tile'
[debug]: Registered item:   189 'cubyz:leaves/red'
[debug]: Registered item:   190 'cubyz:copper_block'
[debug]: Registered item:   191 'cubyz:copper_ore'
[debug]: Registered item:   192 'cubyz:chalk/red'
[debug]: Registered item:   193 'cubyz:sandstone/rough'
[debug]: Registered item:   194 'cubyz:branch/pine'
[debug]: Registered item:   195 'cubyz:chalk/indigo'
[debug]: Registered item:   196 'cubyz:glow_crystal/dark_grey'
[debug]: Registered item:   197 'cubyz:sign/baobab'
[debug]: Registered item:   198 'cubyz:terracotta/bricks'
[debug]: Registered item:   199 'cubyz:glacite/wall'
[debug]: Registered item:   200 'cubyz:iron_ore'
[debug]: Registered item:   201 'cubyz:sandstone/tile'
[debug]: Registered item:   202 'cubyz:nimbusite/bricks'
[debug]: Registered item:   203 'cubyz:torch'
[debug]: Registered item:   204 'cubyz:toadstool_cap'
[debug]: Registered item:   205 'cubyz:silver_ore'
[debug]: Registered item:   206 'cubyz:chalk/violet'
[debug]: Registered item:   207 'cubyz:terracotta/wall'
[debug]: Registered item:   208 'cubyz:kiln'
[debug]: Registered item:   209 'cubyz:branch/leafy/pine'
[debug]: Registered item:   210 'cubyz:cloth/grey'
[debug]: Registered item:   211 'cubyz:planks/oak'
[debug]: Registered item:   212 'cubyz:cloth/green'
[debug]: Registered item:   213 'cubyz:sbb/child/pink'
[debug]: Registered item:   214 'cubyz:marble/bricks'
[debug]: Registered item:   215 'cubyz:dandelions'
[debug]: Registered item:   216 'cubyz:slate/bricks'
[debug]: Registered item:   217 'cubyz:lush_grass_vegetation'
[debug]: Registered item:   218 'cubyz:amber_ore'
[debug]: Registered item:   219 'cubyz:log/cirrus'
[debug]: Registered item:   220 'cubyz:branch/palm'
[debug]: Registered item:   221 'cubyz:chalk/purple'
[debug]: Registered item:   222 'cubyz:limestone/smooth'
[debug]: Registered item:   223 'cubyz:basalt/wall'
[debug]: Registered item:   224 'cubyz:log/toadstool'
[debug]: Registered item:   225 'cubyz:sandstone/smooth'
[debug]: Registered item:   226 'cubyz:candy_cane_block'
[debug]: Registered item:   227 'cubyz:log/glimmergill'
[debug]: Registered item:   228 'cubyz:vine/glimmer_worms'
[debug]: Registered item:   229 'cubyz:cloth/dark_grey'
[debug]: Registered item:   230 'cubyz:glass/grey'
[debug]: Registered item:   231 'cubyz:cloth/blue'
[debug]: Registered item:   232 'cubyz:voidstone/smooth'
[debug]: Registered item:   233 'cubyz:sbb/child/cyan'
[debug]: Registered item:   234 'cubyz:moss'
[debug]: Registered item:   235 'cubyz:meteorite_ore'
[debug]: Registered item:   236 'cubyz:cloth/block/purple'
[debug]: Registered item:   237 'cubyz:chalk/orange'
[debug]: Registered item:   238 'cubyz:glow_crystal/pink'
[debug]: Registered item:   239 'cubyz:glass/indigo'
[debug]: Registered item:   240 'cubyz:glow_crystal/purple'
[debug]: Registered item:   241 'cubyz:glass/aqua'
[debug]: Registered item:   242 'cubyz:planks/willow'
[debug]: Registered item:   243 'cubyz:cloth/block/pink'
[debug]: Registered item:   244 'cubyz:glass/brown'
[debug]: Registered item:   245 'cubyz:grass'
[debug]: Registered item:   246 'cubyz:sulfur_block'
[debug]: Registered item:   247 'cubyz:sign/oak'
[debug]: Registered item:   248 'cubyz:yellow_leaf_pile'
[debug]: Registered item:   249 'cubyz:ash'
[debug]: Registered item:   250 'cubyz:glow_crystal/brown'
[debug]: Registered item:   251 'cubyz:sbb/child/purple'
[debug]: Registered item:   252 'cubyz:fog/cyan'
[debug]: Registered item:   253 'cubyz:sbb/child/magenta'
[debug]: Registered item:   254 'cubyz:sulfur_lamp'
[debug]: Registered item:   255 'cubyz:cloth/block/blue'
[debug]: Registered item:   256 'cubyz:cloth/block/green'
[debug]: Registered item:   257 'cubyz:terracotta/pillar'
[debug]: Registered item:   258 'cubyz:glass/pink'
[debug]: Registered item:   259 'cubyz:chest/pine'
[debug]: Registered item:   260 'cubyz:leaves/baobab'
[debug]: Registered item:   261 'cubyz:log/pine'
[debug]: Registered item:   262 'cubyz:snow'
[debug]: Registered item:   263 'cubyz:tussock'
[debug]: Registered item:   264 'cubyz:fence/willow'
[debug]: Registered item:   265 'cubyz:glow_crystal/indigo'
[debug]: Registered item:   266 'cubyz:glass/uranium'
[debug]: Registered item:   267 'cubyz:sbb/child/black'
[debug]: Registered item:   268 'cubyz:nimbusite/smooth'
[debug]: Registered item:   269 'cubyz:ferrock/bricks'
[debug]: Registered item:   270 'cubyz:glow_crystal/black'
[debug]: Registered item:   271 'cubyz:void'
[debug]: Registered item:   272 'cubyz:pyrolite/smooth'
[debug]: Registered item:   273 'cubyz:monstera'
[debug]: Registered item:   274 'cubyz:kamacite'
[debug]: Registered item:   275 'cubyz:cactus_flower'
[debug]: Registered item:   276 'cubyz:chest/willow'
[debug]: Registered item:   277 'cubyz:vine/willow'
[debug]: Registered item:   278 'cubyz:ruby_block'
[debug]: Registered item:   279 'cubyz:glow_crystal/cyan'
[debug]: Registered item:   280 'cubyz:glow_crystal/red'
[debug]: Registered item:   281 'cubyz:glacite/tile'
[debug]: Registered item:   282 'cubyz:fence/mahogany'
[debug]: Registered item:   283 'cubyz:chalk/magenta'
[debug]: Registered item:   284 'cubyz:sbb/origin'
[debug]: Registered item:   285 'cubyz:branch/leafy/birch'
[debug]: Registered item:   286 'cubyz:frost'
[debug]: Registered item:   287 'cubyz:ivy'
[debug]: Registered item:   288 'cubyz:branch/baobab'
[debug]: Registered item:   289 'cubyz:chalk/black'
[debug]: Registered item:   290 'cubyz:chalk/aqua'
[debug]: Registered item:   291 'cubyz:lily_pad'
[debug]: Registered item:   292 'cubyz:cloth/crimson'
[debug]: Registered item:   293 'cubyz:sandstone/wall'
[debug]: Registered item:   294 'cubyz:leaves/dead'
[debug]: Registered item:   295 'cubyz:cloth/brown'
[debug]: Registered item:   296 'cubyz:sbb/child/grey'
[debug]: Registered item:   297 'cubyz:cloth/viridian'
[debug]: Registered item:   298 'cubyz:coal_block'
[debug]: Registered item:   299 'cubyz:glass/blue'
[debug]: Registered item:   300 'cubyz:diamond_ore'
[debug]: Registered item:   301 'cubyz:iron_block'
[debug]: Registered item:   302 'cubyz:bluebells'
[debug]: Registered item:   303 'cubyz:dead_leaf_pile'
[debug]: Registered item:   304 'cubyz:branch/leafy/mahogany'
[debug]: Registered item:   305 'cubyz:aerosoil'
[debug]: Registered item:   306 'cubyz:ferrock/tile'
[debug]: Registered item:   307 'cubyz:sbb/child/aqua'
[debug]: Registered item:   308 'cubyz:fence/palm'
[debug]: Registered item:   309 'cubyz:terracotta/tile'
[debug]: Registered item:   310 'cubyz:furnace'
[debug]: Registered item:   311 'cubyz:basalt/bricks'
[debug]: Registered item:   312 'cubyz:glimmergill_stem'
[debug]: Registered item:   313 'cubyz:sbb/child/crimson'
[debug]: Registered item:   314 'cubyz:voidstone/pillar'
[debug]: Registered item:   315 'cubyz:terracotta/smooth'
[debug]: Registered item:   316 'cubyz:bellows'
[debug]: Registered item:   317 'cubyz:nimbusite/tile'
[debug]: Registered item:   318 'cubyz:cloth/block/magenta'
[debug]: Registered item:   319 'cubyz:sbb/child/blue'
[debug]: Registered item:   320 'cubyz:uranium_ore'
[debug]: Registered item:   321 'cubyz:branch/candy_cane'
[debug]: Registered item:   322 'cubyz:glow_crystal/aqua'
[debug]: Registered item:   323 'cubyz:grass_vegetation'
[debug]: Registered item:   324 'cubyz:glass/purple'
[debug]: Registered item:   325 'cubyz:sbb/child/yellow'
[debug]: Registered item:   326 'cubyz:sbb/child/orange'
[debug]: Registered item:   327 'cubyz:fog/blue'
[debug]: Registered item:   328 'cubyz:basalt/tile'
[debug]: Registered item:   329 'cubyz:pebbles'
[debug]: Registered item:   330 'cubyz:sbb/child/brown'
[debug]: Registered item:   331 'cubyz:chalk/brown'
[debug]: Registered item:   332 'cubyz:chest/baobab'
[debug]: Registered item:   333 'cubyz:sbb/child/red'
[debug]: Registered item:   334 'cubyz:marigold'
[debug]: Registered item:   335 'cubyz:log/baobab'
[debug]: Registered item:   336 'cubyz:cloth/block/cyan'
[debug]: Registered item:   337 'cubyz:chest/palm'
[debug]: Registered item:   338 'cubyz:sbb/child/green'
[debug]: Registered item:   339 'cubyz:osier'
[debug]: Registered item:   340 'cubyz:nimbusite/rough'
[debug]: Registered item:   341 'cubyz:chalk/green'
[debug]: Registered item:   342 'cubyz:hibiscus'
[debug]: Registered item:   343 'cubyz:branch/glimmergill'
[debug]: Registered item:   344 'cubyz:sbb/child/dark_grey'
[debug]: Registered item:   345 'cubyz:leaves/pine'
[debug]: Registered item:   346 'cubyz:chalk/blue'
[debug]: Registered item:   347 'cubyz:glow_crystal/crimson'
[debug]: Registered item:   348 'cubyz:chalk/crimson'
[debug]: Registered item:   349 'cubyz:sbb/child/viridian'
[debug]: Registered item:   350 'cubyz:grass/dew'
[debug]: Registered item:   351 'cubyz:cloth/block/crimson'
[debug]: Registered item:   352 'cubyz:cloth/red'
[debug]: Registered item:   353 'cubyz:fence/pine'
[debug]: Registered item:   354 'cubyz:bolete_stem'
[debug]: Registered item:   355 'cubyz:slate/rough'
[debug]: Registered item:   356 'cubyz:leaves/birch'
[debug]: Registered item:   357 'cubyz:sulfur_torch'
[debug]: Registered item:   358 'cubyz:fog/green'
[debug]: Registered item:   359 'cubyz:cold_grass'
[debug]: Registered item:   360 'cubyz:cloth/cyan'
[debug]: Registered item:   361 'cubyz:limestone/bricks'
[debug]: Registered item:   362 'cubyz:chalk/lime'
[debug]: Registered item:   363 'cubyz:cloth/block/dark_grey'
[debug]: Registered item:   364 'cubyz:leaves/oak'
[debug]: Registered item:   365 'cubyz:uranium_block'
[debug]: Registered item:   366 'cubyz:cloth/block/red'
[debug]: Registered item:   367 'cubyz:branch/willow'
[debug]: Registered item:   368 'cubyz:log/oak'
[debug]: Registered item:   369 'cubyz:branch/leafy/willow'
[debug]: Registered item:   370 'cubyz:planks/mahogany'
[debug]: Registered item:   371 'cubyz:glow_crystal/orange'
[debug]: Registered item:   372 'cubyz:toadstool'
[debug]: Registered item:   373 'cubyz:daffodil'
[debug]: Registered item:   374 'cubyz:cloth/block/black'
[debug]: Registered item:   375 'cubyz:sand'
[debug]: Registered item:   376 'cubyz:marble/smooth'
[debug]: Registered item:   377 'cubyz:cloth/block/white'
[debug]: Registered item:   378 'cubyz:cloth/block/aqua'
[debug]: Registered item:   379 'cubyz:fog/magenta'
[debug]: Registered item:   380 'cubyz:fence/oak'
[debug]: Registered item:   381 'cubyz:glass/white'
[debug]: Registered item:   382 'cubyz:limestone/rough'
[debug]: Registered item:   383 'cubyz:sign/cirrus'
[debug]: Registered item:   384 'cubyz:fence/baobab'
[debug]: Registered item:   385 'cubyz:planks/palm'
[debug]: Registered item:   386 'cubyz:voidstone/wall'
[debug]: Registered item:   387 'cubyz:copper_ingot'
[debug]: Registered item:   388 'cubyz:gold_ingot'
[debug]: Registered item:   389 'cubyz:meteorite_ingot'
[debug]: Registered item:   390 'cubyz:selection_wand'
[debug]: Registered item:   391 'cubyz:uranium_ingot'
[debug]: Registered item:   392 'cubyz:grass_seeds'
[debug]: Registered item:   393 'cubyz:iron_ingot'
[debug]: Registered item:   394 'cubyz:silver_ingot'
[debug]: Registered item:   395 'cubyz:apple'
[debug]: Registered item:   396 'cubyz:raw_meat'
[debug]: Registered procedural item: 'cubyz:shover'
[debug]: Registered procedural item: 'cubyz:axe'
[debug]: Registered procedural item: 'cubyz:pickaxe'
[debug]: Registered procedural item: 'cubyz:sickle'
[debug]: Registered procedural item: 'cubyz:sword'
[debug]: Registered procedural item: 'cubyz:chisel'
[info]: Migrating block cubyz:pine_needles -> cubyz:leaves/pine
[info]: Migrating block cubyz:pine_branch -> cubyz:branch/pine
[debug]: Registered blueprint: 'cubyz:tree/coniferous/branch/normal/5/3'
[info]: Migrating block cubyz:toadstool_branch -> cubyz:branch/toadstool
[debug]: Registered blueprint: 'cubyz:mushroom/small/toadstool/variant/1'
[debug]: Registered blueprint: 'cubyz:tree/oak/young/branch/2'
[info]: Migrating block cubyz:basalt -> cubyz:basalt/smooth
[debug]: Registered blueprint: 'cubyz:phantasmal/auroras/low/7'
[info]: Migrating block cubyz:birch_leaves -> cubyz:leaves/birch
[info]: Migrating block cubyz:birch_branch -> cubyz:branch/birch
[debug]: Registered blueprint: 'cubyz:tree/birch/stub/2'
[info]: Migrating block cubyz:toadstool_branch -> cubyz:branch/toadstool
[debug]: Registered blueprint: 'cubyz:mushroom/big/toadstool/base/3'
[debug]: Registered blueprint: 'cubyz:deco/bolete'
[info]: Migrating block cubyz:candy_cane/block -> cubyz:candy_cane_block
[debug]: Registered blueprint: 'cubyz:candy_cane/thick/top/0'
[debug]: Registered blueprint: 'cubyz:phantasmal/base/large/2'
[info]: Migrating block cubyz:mahogany_leaves -> cubyz:leaves/mahogany
[info]: Migrating block cubyz:mahogany_branch -> cubyz:branch/mahogany
[debug]: Registered blueprint: 'cubyz:tree/mahogany/sapele/large/top/0'
[debug]: Registered blueprint: 'cubyz:tree/cirrus/rings/middle/3'
[info]: Migrating block cubyz:candy_cane/block -> cubyz:candy_cane_block
[debug]: Registered blueprint: 'cubyz:tree/tuften/tufts/small/1/yellow'
[debug]: Registered blueprint: 'cubyz:tree/coniferous/stem/5/0'
[info]: Migrating block cubyz:candy_cane/branch -> cubyz:branch/candy_cane
[debug]: Registered blueprint: 'cubyz:candy_cane/thin/stem/5'
[info]: Migrating block cubyz:mahogany_branch -> cubyz:branch/mahogany
[info]: Migrating block cubyz:mahogany_leaves -> cubyz:leaves/mahogany
[debug]: Registered blueprint: 'cubyz:tree/mahogany/sapele/large/branch/red/1'
[info]: Migrating block cubyz:oak_leaves -> cubyz:leaves/oak
[debug]: Registered blueprint: 'cubyz:tree/oak/leaf/1'
[debug]: Registered blueprint: 'cubyz:tree/oak/young/branch/6'
[debug]: Registered blueprint: 'cubyz:tree/oak/trunk/6'
[debug]: Registered blueprint: 'cubyz:tree/oak/old_growth/branch/extender/1'
[debug]: Registered blueprint: 'cubyz:tree/palm/coconut/fronds/2'
[info]: Migrating block cubyz:pine_needles -> cubyz:leaves/pine
[info]: Migrating block cubyz:pine_branch -> cubyz:branch/pine
[debug]: Registered blueprint: 'cubyz:tree/coniferous/branch/normal/4/1'
[debug]: Registered blueprint: 'cubyz:tree/cirrus/vine/4'
[debug]: Registered blueprint: 'cubyz:tree/cirrus/rings/middle/double'
[info]: Migrating block cubyz:birch_leaves -> cubyz:leaves/birch
[debug]: Registered blueprint: 'cubyz:tree/birch/top/2'
[info]: Migrating block cubyz:toadstool_branch -> cubyz:branch/toadstool
[debug]: Registered blueprint: 'cubyz:mushroom/small/toadstool/variant/8'
[info]: Migrating block cubyz:slate/base -> cubyz:slate/smooth
[info]: Migrating block cubyz:slate/base -> cubyz:slate/smooth
[debug]: Registered blueprint: 'cubyz:ruins/slate/circle/treasure/meteorite'
[info]: Migrating block cubyz:pine_needles -> cubyz:leaves/pine
[info]: Migrating block cubyz:pine_branch -> cubyz:branch/pine
[debug]: Registered blueprint: 'cubyz:tree/coniferous/sapling/1'
[debug]: Registered blueprint: 'cubyz:tree/palm/coconut/trunk/tilt/10'
[debug]: Registered blueprint: 'cubyz:tree/palm/coconut/trunk/tilt/12'
[info]: Migrating block cubyz:candy_cane/branch -> cubyz:branch/candy_cane
[debug]: Registered blueprint: 'cubyz:tree/tuften/young/stem/tilt/7'
[debug]: Registered blueprint: 'cubyz:starlit/star/0'
[debug]: Registered blueprint: 'cubyz:tree/birch/trunk/4'
[info]: Migrating block cubyz:basalt -> cubyz:basalt/smooth
[debug]: Registered blueprint: 'cubyz:phantasmal/bubble/0'
[debug]: Registered blueprint: 'cubyz:tree/cirrus/upper_trunk/0'
[debug]: Registered blueprint: 'cubyz:rare/snow_snale/medium'
[info]: Migrating block cubyz:basalt -> cubyz:basalt/smooth
[debug]: Registered blueprint: 'cubyz:phantasmal/bubble/4'
[debug]: Registered blueprint: 'cubyz:phantasmal/pillar/large/2'
[info]: Migrating block cubyz:baobab_leaves -> cubyz:leaves/baobab
[info]: Migrating block cubyz:baobab_branch -> cubyz:branch/baobab
[debug]: Registered blueprint: 'cubyz:tree/baobab/young/leaves/side/3'
[info]: Migrating block cubyz:oak_leaves -> cubyz:leaves/oak
[debug]: Registered blueprint: 'cubyz:tree/oak/stub/1'
[info]: Migrating block cubyz:pine_needles -> cubyz:leaves/pine
[info]: Migrating block cubyz:pine_branch -> cubyz:branch/pine
[debug]: Registered blueprint: 'cubyz:tree/coniferous/tip/5/2'
[debug]: Registered blueprint: 'cubyz:tree/cirrus/vine/2'
[debug]: Registered blueprint: 'cubyz:tree/oak/young/base/2'
[debug]: Registered blueprint: 'cubyz:phantasmal/star/blood_star'
[info]: Migrating block cubyz:cactus_arm -> cubyz:branch/cactus
[debug]: Registered blueprint: 'cubyz:cactus/young/5_tall'
[debug]: Registered blueprint: 'cubyz:tree/cirrus/trunk/0'
[info]: Migrating block cubyz:baobab_leaves -> cubyz:leaves/baobab
[info]: Migrating block cubyz:baobab_branch -> cubyz:branch/baobab
[debug]: Registered blueprint: 'cubyz:tree/baobab/young/leaves/side/0'
[debug]: Registered blueprint: 'cubyz:tree/oak/young/branch/7'
[info]: Migrating block cubyz:glimmergill_branch -> cubyz:branch/glimmergill
[debug]: Registered blueprint: 'cubyz:mushroom/small/glimmergill/variant/6'
[debug]: Registered blueprint: 'cubyz:phantasmal/pillar/top/1'
[debug]: Registered blueprint: 'cubyz:phantasmal/pillar/small/3'
[info]: Migrating block cubyz:pine_branch -> cubyz:branch/pine
[info]: Migrating block cubyz:pine_needles -> cubyz:leaves/pine
[debug]: Registered blueprint: 'cubyz:tree/coniferous/branch/normal/5/1'
[info]: Migrating block cubyz:toadstool_branch -> cubyz:branch/toadstool
[debug]: Registered blueprint: 'cubyz:mushroom/big/toadstool/branch/green/0'
[info]: Migrating block cubyz:pyrolite/base -> cubyz:pyrolite/rough
[debug]: Registered blueprint: 'cubyz:cave/mantle/ruins/1'
[debug]: Registered blueprint: 'cubyz:phantasmal/pillar/offshoot/1'
[debug]: Registered blueprint: 'cubyz:cactus/base/3_tall_1'
[debug]: Registered blueprint: 'cubyz:rare/triclops_statue/light/4'
[info]: Migrating block cubyz:glimmergill_branch -> cubyz:branch/glimmergill
[debug]: Registered blueprint: 'cubyz:mushroom/big/glimmergill/cap/5'
[info]: Migrating block cubyz:basalt -> cubyz:basalt/smooth
[debug]: Registered blueprint: 'cubyz:phantasmal/auroras/low/broken_1'
[debug]: Registered blueprint: 'cubyz:tree/baobab/grandidieri/trunk/3'
[debug]: Registered blueprint: 'cubyz:phantasmal/pillar/small/6'
[info]: Migrating block cubyz:mahogany_leaves -> cubyz:leaves/mahogany
[info]: Migrating block cubyz:mahogany_branch -> cubyz:branch/mahogany
[debug]: Registered blueprint: 'cubyz:tree/mahogany/sapele/ancient/top/0'
[info]: Migrating block cubyz:willow_branch -> cubyz:branch/willow
[debug]: Registered blueprint: 'cubyz:tree/curl/base/1'
[debug]: Registered blueprint: 'cubyz:mushroom/big/toadstool/base/0'
[info]: Migrating block cubyz:pine_needles -> cubyz:leaves/pine
[debug]: Registered blueprint: 'cubyz:tree/coniferous/branch/normal/6/4'
[debug]: Registered blueprint: 'cubyz:tears/6'
[debug]: Registered blueprint: 'cubyz:phantasmal/pillar/offshoot/6'
[debug]: Registered blueprint: 'cubyz:cactus/upper/2'
[info]: Migrating block cubyz:pine_needles -> cubyz:leaves/pine
[debug]: Registered blueprint: 'cubyz:tree/coniferous/sapling/0'
[info]: Migrating block cubyz:mahogany_leaves -> cubyz:leaves/mahogany
[info]: Migrating block cubyz:mahogany_branch -> cubyz:branch/mahogany
[debug]: Registered blueprint: 'cubyz:tree/mahogany/sapele/large/branch/blue/0'
[debug]: Registered blueprint: 'cubyz:rare/triclops_statue/light/2'
[debug]: Registered blueprint: 'cubyz:tree/cirrus/rings/bottom/6'
[info]: Migrating block cubyz:basalt -> cubyz:basalt/smooth
[debug]: Registered blueprint: 'cubyz:phantasmal/bubble/3'
[info]: Migrating block cubyz:birch_leaves -> cubyz:leaves/birch
[debug]: Registered blueprint: 'cubyz:tree/birch/small_branch/1'
[info]: Migrating block cubyz:birch_branch -> cubyz:branch/birch
[debug]: Registered blueprint: 'cubyz:tree/birch/trunk/1'
[info]: Migrating block cubyz:oak_leaves -> cubyz:leaves/oak
[info]: Migrating block cubyz:oak_branch -> cubyz:branch/oak
[debug]: Registered blueprint: 'cubyz:tree/oak/branch/2'
[info]: Migrating block cubyz:basalt -> cubyz:basalt/smooth
[debug]: Registered blueprint: 'cubyz:phantasmal/star/7'
[info]: Migrating block cubyz:pine_branch -> cubyz:branch/pine
[debug]: Registered blueprint: 'cubyz:tree/coniferous/roots/alone/0'
[info]: Migrating block cubyz:basalt -> cubyz:basalt/smooth
[debug]: Registered blueprint: 'cubyz:phantasmal/auroras/low/1'
[info]: Migrating block cubyz:basalt -> cubyz:basalt/smooth
[debug]: Registered blueprint: 'cubyz:phantasmal/bubble/red'
[info]: Migrating block cubyz:sandstone -> cubyz:sandstone/rough
[info]: Migrating block cubyz:limestone -> cubyz:limestone/smooth
[debug]: Registered blueprint: 'cubyz:rock/hoodoo/large/2'
[info]: Migrating block cubyz:candy_cane/block -> cubyz:candy_cane_block
[debug]: Registered blueprint: 'cubyz:candy_cane/large/top/0'
[info]: Migrating block cubyz:bolete_branch -> cubyz:branch/bolete
[debug]: Registered blueprint: 'cubyz:mushroom/small/bolete/variant/7'
[info]: Migrating block cubyz:candy_cane/block -> cubyz:candy_cane_block
[debug]: Registered blueprint: 'cubyz:candy_cane/thick/stem/5'
[info]: Migrating block cubyz:basalt -> cubyz:basalt/smooth
[debug]: Registered blueprint: 'cubyz:phantasmal/pillar/medium/5'
[info]: Migrating block cubyz:candy_cane/branch -> cubyz:branch/candy_cane
[debug]: Registered blueprint: 'cubyz:tree/tuften/young/stem/tilt/5'
[info]: Migrating block cubyz:mahogany_leaves -> cubyz:leaves/mahogany
[info]: Migrating block cubyz:mahogany_branch -> cubyz:branch/mahogany
[debug]: Registered blueprint: 'cubyz:tree/mahogany/sapele/large/branch/blue/1'
[info]: Migrating block cubyz:pine_needles -> cubyz:leaves/pine
[debug]: Registered blueprint: 'cubyz:tree/coniferous/branch/lushy/2/0'
[info]: Migrating block cubyz:birch_leaves -> cubyz:leaves/birch
[info]: Migrating block cubyz:birch_branch -> cubyz:branch/birch
[debug]: Registered blueprint: 'cubyz:tree/birch/trunk/3'
[info]: Migrating block cubyz:basalt -> cubyz:basalt/smooth
[debug]: Registered blueprint: 'cubyz:cave/lava_spout/3'
[info]: Migrating block cubyz:mahogany_branch -> cubyz:branch/mahogany
[info]: Migrating block cubyz:mahogany_leaves -> cubyz:leaves/mahogany
[debug]: Registered blueprint: 'cubyz:tree/mahogany/sapele/large/branch/green/0'
[info]: Migrating block cubyz:basalt -> cubyz:basalt/smooth
[debug]: Registered blueprint: 'cubyz:phantasmal/auroras/low/8'
[debug]: Registered blueprint: 'cubyz:tree/palm/coconut/trunk/straight/10'
[info]: Migrating block cubyz:basalt -> cubyz:basalt/smooth
[debug]: Registered blueprint: 'cubyz:phantasmal/auroras/low/0'
[info]: Migrating block cubyz:basalt -> cubyz:basalt/smooth
[debug]: Registered blueprint: 'cubyz:phantasmal/pillar/small/7'
[info]: Migrating block cubyz:oak_leaves -> cubyz:leaves/oak
[debug]: Registered blueprint: 'cubyz:tree/oak/leaf/3'
[debug]: Registered blueprint: 'cubyz:meteorite/rock/0'
[debug]: Registered blueprint: 'cubyz:tree/cirrus/trunk/2'
[debug]: Registered blueprint: 'cubyz:rare/mushroom_pole/spacer/8'
[info]: Migrating block cubyz:baobab_branch -> cubyz:branch/baobab
[debug]: Registered blueprint: 'cubyz:tree/baobab/grandidieri/branch/1'
[debug]: Registered blueprint: 'cubyz:mushroom/big/bolete/cap/0'
[info]: Migrating block cubyz:basalt -> cubyz:basalt/smooth
[debug]: Registered blueprint: 'cubyz:phantasmal/auroras/low/broken_0'
[debug]: Registered blueprint: 'cubyz:tree/mahogany/sapele/ancient/extender/1'
[debug]: Registered blueprint: 'cubyz:rare/mushroom_pole/pole'
[debug]: Registered blueprint: 'cubyz:phantasmal/pillar/large/1'
[info]: Migrating block cubyz:basalt -> cubyz:basalt/smooth
[debug]: Registered blueprint: 'cubyz:phantasmal/star/broken_1'
[debug]: Registered blueprint: 'cubyz:tree/coniferous/branch/normal/1/1'
[info]: Migrating block cubyz:candy_cane/block -> cubyz:candy_cane_block
[debug]: Registered blueprint: 'cubyz:tree/tuften/tufts/big/red'
[info]: Migrating block cubyz:baobab_branch -> cubyz:branch/baobab
[debug]: Registered blueprint: 'cubyz:tree/baobab/young/trunk/2'
[info]: Migrating block cubyz:candy_cane/block -> cubyz:candy_cane_block
[debug]: Registered blueprint: 'cubyz:tree/tuften/tufts/small/1/red'
[info]: Migrating block cubyz:pine_needles -> cubyz:leaves/pine
[info]: Migrating block cubyz:pine_branch -> cubyz:branch/pine
[debug]: Registered blueprint: 'cubyz:tree/coniferous/branch/normal/6/5'
[debug]: Registered blueprint: 'cubyz:tree/oak/old_growth/root/1'
[info]: Migrating block cubyz:glimmergill_branch -> cubyz:branch/glimmergill
[debug]: Registered blueprint: 'cubyz:mushroom/big/glimmergill/cap/4'
[info]: Migrating block cubyz:pine_branch -> cubyz:branch/pine
[debug]: Registered blueprint: 'cubyz:tree/coniferous/branch/normal/1/0'
[debug]: Registered blueprint: 'cubyz:tree/cirrus/rings/bottom/4'
[debug]: Registered blueprint: 'cubyz:cactus/base/3_tall'
[debug]: Registered blueprint: 'cubyz:tree/baobab/grandidieri/trunk/0'
[info]: Migrating block cubyz:pine_needles -> cubyz:leaves/pine
[info]: Migrating block cubyz:pine_branch -> cubyz:branch/pine
[debug]: Registered blueprint: 'cubyz:tree/coniferous/branch/normal/5/0'
[info]: Migrating block cubyz:oak_branch -> cubyz:branch/oak
[debug]: Registered blueprint: 'cubyz:tree/oak/root/1'
[info]: Migrating block cubyz:toadstool_branch -> cubyz:branch/toadstool
[debug]: Registered blueprint: 'cubyz:mushroom/small/toadstool/variant/4'
[info]: Migrating block cubyz:pine_needles -> cubyz:leaves/pine
[debug]: Registered blueprint: 'cubyz:tree/coniferous/branch/normal/5/4'
[debug]: Registered blueprint: 'cubyz:mushroom/big/glimmergill/base/0'
[debug]: Registered blueprint: 'cubyz:tree/oak/young/branch/4'
[debug]: Registered blueprint: 'cubyz:tree/oak/old_growth/root/0'
[info]: Migrating block cubyz:oak_leaves -> cubyz:leaves/oak
[debug]: Registered blueprint: 'cubyz:tree/oak/stub/3'
[info]: Migrating block cubyz:birch_leaves -> cubyz:leaves/birch
[debug]: Registered blueprint: 'cubyz:tree/birch/top/1'
[debug]: Registered blueprint: 'cubyz:phantasmal/pillar/offshoot/2'
[info]: Migrating block cubyz:pine_branch -> cubyz:branch/pine
[debug]: Registered blueprint: 'cubyz:tree/coniferous/branch/normal/2/2'
[info]: Migrating block cubyz:baobab_branch -> cubyz:branch/baobab
[debug]: Registered blueprint: 'cubyz:tree/baobab/young/trunk/1'
[info]: Migrating block cubyz:pine_needles -> cubyz:leaves/pine
[info]: Migrating block cubyz:pine_branch -> cubyz:branch/pine
[debug]: Registered blueprint: 'cubyz:tree/coniferous/branch/normal/6/1'
[info]: Migrating block cubyz:cactus_arm -> cubyz:branch/cactus
[debug]: Registered blueprint: 'cubyz:cactus/young/3_tall'
[info]: Migrating block cubyz:glimmergill_branch -> cubyz:branch/glimmergill
[debug]: Registered blueprint: 'cubyz:mushroom/small/glimmergill/variant/4'
[debug]: Registered blueprint: 'cubyz:starlit/star/2'
[debug]: Registered blueprint: 'cubyz:phantasmal/pillar/top/11'
[debug]: Registered blueprint: 'cubyz:tree/oak/young/trunk/0'
[debug]: Registered blueprint: 'cubyz:cactus/base/3_arms'
[info]: Migrating block cubyz:pine_branch -> cubyz:branch/pine
[debug]: Registered blueprint: 'cubyz:tree/coniferous/branch/normal/2/0'
[info]: Migrating block cubyz:birch_leaves -> cubyz:leaves/birch
[debug]: Registered blueprint: 'cubyz:tree/birch/leaf/1'
[info]: Migrating block cubyz:candy_cane/block -> cubyz:candy_cane_block
[debug]: Registered blueprint: 'cubyz:tree/tuften/tufts/small/0/yellow'
[info]: Migrating block cubyz:candy_cane/block -> cubyz:candy_cane_block
[debug]: Registered blueprint: 'cubyz:tree/tuften/stem/curvy/10'
[debug]: Registered blueprint: 'cubyz:rare/mushroom_pole/top/bolete'
[debug]: Registered blueprint: 'cubyz:phantasmal/pillar/offshoot/13'
[debug]: Registered blueprint: 'cubyz:tree/palm/coconut/fronds/3'
[info]: Migrating block cubyz:mahogany_branch -> cubyz:branch/mahogany
[debug]: Registered blueprint: 'cubyz:tree/mahogany/sapele/ancient/root/0'
[info]: Migrating block cubyz:mahogany_leaves -> cubyz:leaves/mahogany
[debug]: Registered blueprint: 'cubyz:tree/mahogany/sapele/small/5'
[debug]: Registered blueprint: 'cubyz:tree/oak/old_growth/branch/1'
[info]: Migrating block cubyz:candy_cane/block -> cubyz:candy_cane_block
[debug]: Registered blueprint: 'cubyz:tree/tuften/tufts/small/0/pink'
[debug]: Registered blueprint: 'cubyz:rare/mushroom_pole/spacer/7'
[info]: Migrating block cubyz:basalt -> cubyz:basalt/smooth
[debug]: Registered blueprint: 'cubyz:phantasmal/bubble/broken_1'
[info]: Migrating block cubyz:cactus_arm -> cubyz:branch/cactus
[debug]: Registered blueprint: 'cubyz:cactus/arm/2'
[info]: Migrating block cubyz:pine_branch -> cubyz:branch/pine
[info]: Migrating block cubyz:pine_needles -> cubyz:leaves/pine
[debug]: Registered blueprint: 'cubyz:tree/coniferous/branch/normal/4/4'
[debug]: Registered blueprint: 'cubyz:tree/oak/old_growth/root/3'
[debug]: Registered blueprint: 'cubyz:tree/oak/trunk/3'
[info]: Migrating block cubyz:candy_cane/block -> cubyz:candy_cane_block
[debug]: Registered blueprint: 'cubyz:tree/tuften/stem/straight/7'
[debug]: Registered blueprint: 'cubyz:mushroom/big/bolete/cap/3'
[debug]: Registered blueprint: 'cubyz:tree/coniferous/core'
[debug]: Registered blueprint: 'cubyz:tree/mahogany/sapele/large/full/1'
[info]: Migrating block cubyz:toadstool_branch -> cubyz:branch/toadstool
[debug]: Registered blueprint: 'cubyz:mushroom/small/toadstool/variant/2'
[info]: Migrating block cubyz:basalt -> cubyz:basalt/smooth
[debug]: Registered blueprint: 'cubyz:phantasmal/auroras/low/6'
[debug]: Registered blueprint: 'cubyz:tree/palm/coconut/trunk/tilt/8'
[info]: Migrating block cubyz:mahogany_leaves -> cubyz:leaves/mahogany
[info]: Migrating block cubyz:mahogany_branch -> cubyz:branch/mahogany
[debug]: Registered blueprint: 'cubyz:tree/mahogany/sapele/medium/1'
[info]: Migrating block cubyz:glimmergill_branch -> cubyz:branch/glimmergill
[debug]: Registered blueprint: 'cubyz:mushroom/big/glimmergill/cap/1'
[debug]: Registered blueprint: 'cubyz:tree/oak/old_growth/top/3'
[info]: Migrating block cubyz:baobab_branch -> cubyz:branch/baobab
[debug]: Registered blueprint: 'cubyz:tree/baobab/grandidieri/roots/1'
[info]: Migrating block cubyz:candy_cane/branch -> cubyz:branch/candy_cane
[debug]: Registered blueprint: 'cubyz:tree/tuften/young/stem/straight/5'
[info]: Migrating block cubyz:sandstone -> cubyz:sandstone/rough
[info]: Migrating block cubyz:limestone -> cubyz:limestone/smooth
[debug]: Registered blueprint: 'cubyz:rock/hoodoo/medium/1'
[info]: Migrating block cubyz:baobab_leaves -> cubyz:leaves/baobab
[info]: Migrating block cubyz:baobab_branch -> cubyz:branch/baobab
[debug]: Registered blueprint: 'cubyz:tree/baobab/young/leaves/top/2'
[info]: Migrating block cubyz:candy_cane/block -> cubyz:candy_cane_block
[debug]: Registered blueprint: 'cubyz:tree/tuften/stem/askew/10'
[info]: Migrating block cubyz:candy_cane/block -> cubyz:candy_cane_block
[debug]: Registered blueprint: 'cubyz:tree/tuften/tufts/small/1/orange'
[info]: Migrating block cubyz:toadstool_branch -> cubyz:branch/toadstool
[debug]: Registered blueprint: 'cubyz:mushroom/big/toadstool/large_cap/0'
[debug]: Registered blueprint: 'cubyz:tears/1'
[info]: Migrating block cubyz:slate/base -> cubyz:slate/smooth
[info]: Migrating block cubyz:slate/base -> cubyz:slate/smooth
[debug]: Registered blueprint: 'cubyz:ruins/slate/circle/treasure/copper'
[info]: Migrating block cubyz:candy_cane/block -> cubyz:candy_cane_block
[debug]: Registered blueprint: 'cubyz:candy_cane/thick/stem/3'
[info]: Migrating block cubyz:pine_needles -> cubyz:leaves/pine
[info]: Migrating block cubyz:pine_branch -> cubyz:branch/pine
[debug]: Registered blueprint: 'cubyz:tree/coniferous/branch/normal/7/0'
[info]: Migrating block cubyz:slate/base -> cubyz:slate/smooth
[info]: Migrating block cubyz:slate/base -> cubyz:slate/smooth
[debug]: Registered blueprint: 'cubyz:ruins/slate/circle/treasure/coal'
[debug]: Registered blueprint: 'cubyz:phantasmal/pillar/large/3'
[debug]: Registered blueprint: 'cubyz:tree/palm/coconut/trunk/straight/8a'
[info]: Migrating block cubyz:willow_branch -> cubyz:branch/willow
[debug]: Registered blueprint: 'cubyz:tree/curl/curl/2'
[debug]: Registered blueprint: 'cubyz:tree/oak/young/branch/5'
[debug]: Registered blueprint: 'cubyz:tree/oak/old_growth/trunk/0'
[info]: Migrating block cubyz:pine_needles -> cubyz:leaves/pine
[debug]: Registered blueprint: 'cubyz:tree/coniferous/tip/5/0'
[info]: Migrating block cubyz:pine_branch -> cubyz:branch/pine
[info]: Migrating block cubyz:pine_needles -> cubyz:leaves/pine
[debug]: Registered blueprint: 'cubyz:tree/coniferous/branch/normal/3/2'
[info]: Migrating block cubyz:birch_leaves -> cubyz:leaves/birch
[debug]: Registered blueprint: 'cubyz:tree/birch/stub/4'
[info]: Migrating block cubyz:candy_cane/branch -> cubyz:branch/candy_cane
[debug]: Registered blueprint: 'cubyz:candy_cane/thin/stem/2'
[debug]: Registered blueprint: 'cubyz:mushroom/side/bolete'
[info]: Migrating block cubyz:birch_branch -> cubyz:branch/birch
[debug]: Registered blueprint: 'cubyz:tree/birch/branch/3'
[info]: Migrating block cubyz:baobab_branch -> cubyz:branch/baobab
[debug]: Registered blueprint: 'cubyz:tree/baobab/grandidieri/branch/0'
[debug]: Registered blueprint: 'cubyz:tree/coniferous/stem/extender/0'
[info]: Migrating block cubyz:cactus_arm -> cubyz:branch/cactus
[debug]: Registered blueprint: 'cubyz:cactus/young/4_tall'
[info]: Migrating block cubyz:candy_cane/block -> cubyz:candy_cane_block
[debug]: Registered blueprint: 'cubyz:candy_cane/thick/top/1'
[debug]: Registered blueprint: 'cubyz:tree/cirrus/rings/middle/2'
[info]: Migrating block cubyz:willow_branch -> cubyz:branch/willow
[debug]: Registered blueprint: 'cubyz:tree/curl/curl/0'
[info]: Migrating block cubyz:candy_cane/block -> cubyz:candy_cane_block
[debug]: Registered blueprint: 'cubyz:tree/tuften/stem/tilt/7'
[debug]: Registered blueprint: 'cubyz:rare/triclops_statue/head/0'
[info]: Migrating block cubyz:basalt -> cubyz:basalt/smooth
[debug]: Registered blueprint: 'cubyz:phantasmal/pillar/small/9'
[info]: Migrating block cubyz:candy_cane/branch -> cubyz:branch/candy_cane
[debug]: Registered blueprint: 'cubyz:tree/tuften/young/stem/curvy/6'
[info]: Migrating block cubyz:glimmergill_branch -> cubyz:branch/glimmergill
[debug]: Registered blueprint: 'cubyz:mushroom/big/glimmergill/cap/2'
[debug]: Registered blueprint: 'cubyz:tree/oak/young/canopy/0'
[debug]: Registered blueprint: 'cubyz:tears/4'
[info]: Migrating block cubyz:pyrolite/base -> cubyz:pyrolite/rough
[debug]: Registered blueprint: 'cubyz:cave/mantle/lava_pool/1'
[info]: Migrating block cubyz:basalt -> cubyz:basalt/smooth
[debug]: Registered blueprint: 'cubyz:cave/lava_spout/4'
[info]: Migrating block cubyz:basalt -> cubyz:basalt/smooth
[debug]: Registered blueprint: 'cubyz:phantasmal/pillar/offshoot/14'
[debug]: Registered blueprint: 'cubyz:tree/baobab/grandidieri/trunk/1'
[debug]: Registered blueprint: 'cubyz:phantasmal/pillar/medium/3'
[debug]: Registered blueprint: 'cubyz:deco/ivy_side_1'
[info]: Migrating block cubyz:toadstool_branch -> cubyz:branch/toadstool
[debug]: Registered blueprint: 'cubyz:mushroom/small/toadstool/variant/0'
[debug]: Registered blueprint: 'cubyz:meteorite/crater/0'
[info]: Migrating block cubyz:pine_needles -> cubyz:leaves/pine
[info]: Migrating block cubyz:pine_branch -> cubyz:branch/pine
[debug]: Registered blueprint: 'cubyz:tree/coniferous/branch/normal/5/2'
[info]: Migrating block cubyz:candy_cane/block -> cubyz:candy_cane_block
[debug]: Registered blueprint: 'cubyz:tree/tuften/tufts/big/pink'
[debug]: Registered blueprint: 'cubyz:tree/cirrus/rings/middle/4'
[info]: Migrating block cubyz:toadstool_branch -> cubyz:branch/toadstool
[debug]: Registered blueprint: 'cubyz:mushroom/big/toadstool/small_cap/2'
[info]: Migrating block cubyz:pine_branch -> cubyz:branch/pine
[debug]: Registered blueprint: 'cubyz:tree/coniferous/roots/0'
[info]: Migrating block cubyz:mahogany_leaves -> cubyz:leaves/mahogany
[info]: Migrating block cubyz:mahogany_branch -> cubyz:branch/mahogany
[debug]: Registered blueprint: 'cubyz:tree/mahogany/sapele/large/top/1'
[debug]: Registered blueprint: 'cubyz:deco/ivy_side_3'
[info]: Migrating block cubyz:mahogany_branch -> cubyz:branch/mahogany
[info]: Migrating block cubyz:mahogany_leaves -> cubyz:leaves/mahogany
[debug]: Registered blueprint: 'cubyz:tree/mahogany/sapele/large/branch/red/0'
[debug]: Registered blueprint: 'cubyz:cactus/base/2_tall_1'
[info]: Migrating block cubyz:birch_branch -> cubyz:branch/birch
[debug]: Registered blueprint: 'cubyz:tree/birch/trunk/2'
[info]: Migrating block cubyz:toadstool_branch -> cubyz:branch/toadstool
[debug]: Registered blueprint: 'cubyz:mushroom/big/toadstool/branch/green/1'
[info]: Migrating block cubyz:basalt -> cubyz:basalt/smooth
[debug]: Registered blueprint: 'cubyz:phantasmal/star/5'
[debug]: Registered blueprint: 'cubyz:tree/coniferous/tip/4/2'
[info]: Migrating block cubyz:sandstone -> cubyz:sandstone/rough
[info]: Migrating block cubyz:limestone -> cubyz:limestone/smooth
[debug]: Registered blueprint: 'cubyz:rock/hoodoo/medium/3'
[info]: Migrating block cubyz:toadstool_branch -> cubyz:branch/toadstool
[debug]: Registered blueprint: 'cubyz:mushroom/big/toadstool/branch/red/1'
[debug]: Registered blueprint: 'cubyz:rare/snow_snale/large'
[debug]: Registered blueprint: 'cubyz:rare/snow_snale/shelled'
[info]: Migrating block cubyz:basalt -> cubyz:basalt/smooth
[debug]: Registered blueprint: 'cubyz:phantasmal/auroras/high/6'
[debug]: Registered blueprint: 'cubyz:phantasmal/pillar/offshoot/8'
[debug]: Registered blueprint: 'cubyz:tree/oak/young/trunk/3'
[debug]: Registered blueprint: 'cubyz:tree/cirrus/rings/top/3'
[debug]: Registered blueprint: 'cubyz:rare/mushroom_pole/spacer/10'
[debug]: Registered blueprint: 'cubyz:phantasmal/pillar/offshoot/9'
[debug]: Registered blueprint: 'cubyz:tree/cirrus/rings/bottom/1'
[debug]: Registered blueprint: 'cubyz:phantasmal/pillar/medium/0'
[info]: Migrating block cubyz:basalt -> cubyz:basalt/smooth
[debug]: Registered blueprint: 'cubyz:phantasmal/star/0'
[info]: Migrating block cubyz:basalt/base -> cubyz:basalt/smooth
[debug]: Registered blueprint: 'cubyz:rare/triclops_statue/base/1'
[info]: Migrating block cubyz:toadstool_branch -> cubyz:branch/toadstool
[debug]: Registered blueprint: 'cubyz:mushroom/small/toadstool/variant/3'
[debug]: Registered blueprint: 'cubyz:tree/coniferous/stem/extender/4'
[info]: Migrating block cubyz:pyrolite/base -> cubyz:pyrolite/rough
[debug]: Registered blueprint: 'cubyz:cave/mantle/lava_pool/4'
[info]: Migrating block cubyz:birch_leaves -> cubyz:leaves/birch
[info]: Migrating block cubyz:birch_branch -> cubyz:branch/birch
[debug]: Registered blueprint: 'cubyz:tree/birch/small_branch/2'
[info]: Migrating block cubyz:basalt -> cubyz:basalt/smooth
[debug]: Registered blueprint: 'cubyz:phantasmal/auroras/high/0'
[info]: Migrating block cubyz:oak_leaves -> cubyz:leaves/oak
[debug]: Registered blueprint: 'cubyz:tree/oak/leaf/2'
[info]: Migrating block cubyz:pyrolite/base -> cubyz:pyrolite/rough
[debug]: Registered blueprint: 'cubyz:cave/mantle/ruins/0'
[debug]: Registered blueprint: 'cubyz:tears/2'
[debug]: Registered blueprint: 'cubyz:tree/oak/base/1'
[debug]: Registered blueprint: 'cubyz:meteorite/rock/1'
[debug]: Registered blueprint: 'cubyz:tree/oak/old_growth/top/2'
[info]: Migrating block cubyz:candy_cane/branch -> cubyz:branch/candy_cane
[debug]: Registered blueprint: 'cubyz:tree/tuften/young/tufts/big/yellow'
[debug]: Registered blueprint: 'cubyz:tree/oak/old_growth/branch/0'
[info]: Migrating block cubyz:candy_cane/block -> cubyz:candy_cane_block
[debug]: Registered blueprint: 'cubyz:tree/tuften/stem/tilt/10'
[info]: Migrating block cubyz:candy_cane/branch -> cubyz:branch/candy_cane
[debug]: Registered blueprint: 'cubyz:tree/tuften/young/stem/straight/6'
[info]: Migrating block cubyz:candy_cane/branch -> cubyz:branch/candy_cane
[debug]: Registered blueprint: 'cubyz:candy_cane/thin/stem/6'
[info]: Migrating block cubyz:basalt -> cubyz:basalt/smooth
[debug]: Registered blueprint: 'cubyz:phantasmal/bubble/broken_2'
[debug]: Registered blueprint: 'cubyz:tree/palm/coconut/trunk/leaning/11'
[debug]: Registered blueprint: 'cubyz:rare/mushroom_pole/spacer/6'
[debug]: Registered blueprint: 'cubyz:phantasmal/pillar/top/2'
[info]: Migrating block cubyz:pine_branch -> cubyz:branch/pine
[info]: Migrating block cubyz:pine_needles -> cubyz:leaves/pine
[debug]: Registered blueprint: 'cubyz:tree/coniferous/branch/normal/2/4'
[debug]: Registered blueprint: 'cubyz:cactus/base/2_tall'
[info]: Migrating block cubyz:mahogany_leaves -> cubyz:leaves/mahogany
[debug]: Registered blueprint: 'cubyz:tree/mahogany/bush/bush'
[debug]: Registered blueprint: 'cubyz:tree/palm/coconut/trunk/leaning/12'
[debug]: Registered blueprint: 'cubyz:tree/palm/coconut/fronds/1'
[debug]: Registered blueprint: 'cubyz:tree/baobab/grandidieri/trunk/2'
[debug]: Registered blueprint: 'cubyz:tree/coniferous/stem/extender/3'
[debug]: Registered blueprint: 'cubyz:deco/bolete_side'
[info]: Migrating block cubyz:sandstone -> cubyz:sandstone/rough
[info]: Migrating block cubyz:limestone -> cubyz:limestone/smooth
[debug]: Registered blueprint: 'cubyz:rock/hoodoo/medium/5'
[info]: Migrating block cubyz:pine_needles -> cubyz:leaves/pine
[debug]: Registered blueprint: 'cubyz:tree/coniferous/tip/6/1'
[debug]: Registered blueprint: 'cubyz:mushroom/big/toadstool/base/4'
[debug]: Registered blueprint: 'cubyz:tree/palm/coconut/trunk/tilt/6'
[debug]: Registered blueprint: 'cubyz:phantasmal/pillar/small/1'
[debug]: Registered blueprint: 'cubyz:phantasmal/pillar/top/3'
[info]: Migrating block cubyz:glimmergill_branch -> cubyz:branch/glimmergill
[debug]: Registered blueprint: 'cubyz:mushroom/big/glimmergill/cap/6'
[info]: Migrating block cubyz:basalt -> cubyz:basalt/smooth
[debug]: Registered blueprint: 'cubyz:phantasmal/bubble/2'
[info]: Migrating block cubyz:basalt -> cubyz:basalt/smooth
[debug]: Registered blueprint: 'cubyz:phantasmal/star/broken_0'
[info]: Migrating block cubyz:basalt -> cubyz:basalt/smooth
[debug]: Registered blueprint: 'cubyz:phantasmal/auroras/high/3'
[debug]: Registered blueprint: 'cubyz:tree/oak/trunk/4'
[info]: Migrating block cubyz:basalt -> cubyz:basalt/smooth
[debug]: Registered blueprint: 'cubyz:phantasmal/pillar/large/4'
[debug]: Registered blueprint: 'cubyz:tree/cirrus/rings/bottom/2'
[info]: Migrating block cubyz:birch_branch -> cubyz:branch/birch
[debug]: Registered blueprint: 'cubyz:tree/birch/root/1'
[info]: Migrating block cubyz:willow_branch -> cubyz:branch/willow
[debug]: Registered blueprint: 'cubyz:tree/curl/base/0'
[info]: Migrating block cubyz:basalt -> cubyz:basalt/smooth
[debug]: Registered blueprint: 'cubyz:phantasmal/auroras/low/broken_2'
[debug]: Registered blueprint: 'cubyz:tree/oak/young/trunk/2'
[debug]: Registered blueprint: 'cubyz:tree/oak/young/base/0'
[debug]: Registered blueprint: 'cubyz:phantasmal/pillar/medium/4'
[info]: Migrating block cubyz:basalt -> cubyz:basalt/smooth
[debug]: Registered blueprint: 'cubyz:cave/lava_spout/1'
[info]: Migrating block cubyz:glimmergill_branch -> cubyz:branch/glimmergill
[debug]: Registered blueprint: 'cubyz:mushroom/small/glimmergill/variant/3'
[debug]: Registered blueprint: 'cubyz:phantasmal/base/medium/3'
[info]: Migrating block cubyz:candy_cane/block -> cubyz:candy_cane_block
[debug]: Registered blueprint: 'cubyz:tree/tuften/stem/straight/10'
[info]: Migrating block cubyz:cactus_arm -> cubyz:branch/cactus
[debug]: Registered blueprint: 'cubyz:cactus/young/2_tall'
[info]: Migrating block cubyz:candy_cane/block -> cubyz:candy_cane_block
[debug]: Registered blueprint: 'cubyz:candy_cane/large/stem/11'
[debug]: Registered blueprint: 'cubyz:tree/oak/old_growth/top/1'
[info]: Migrating block cubyz:birch_branch -> cubyz:branch/birch
[debug]: Registered blueprint: 'cubyz:tree/birch/stub/1'
[info]: Migrating block cubyz:pine_branch -> cubyz:branch/pine
[debug]: Registered blueprint: 'cubyz:tree/coniferous/roots/alone/1'
[info]: Migrating block cubyz:cactus_arm -> cubyz:branch/cactus
[debug]: Registered blueprint: 'cubyz:cactus/arm/0'
[debug]: Registered blueprint: 'cubyz:phantasmal/pillar/offshoot/12'
[info]: Migrating block cubyz:cactus_arm -> cubyz:branch/cactus
[debug]: Registered blueprint: 'cubyz:cactus/old_growth/1'
[debug]: Registered blueprint: 'cubyz:meteorite/rock/2'
[info]: Migrating block cubyz:limestone_wall -> cubyz:limestone/wall
[info]: Migrating block cubyz:basalt -> cubyz:basalt/smooth
[debug]: Registered blueprint: 'cubyz:phantasmal/bubble/abandoned'
[debug]: Registered blueprint: 'cubyz:phantasmal/pillar/offshoot/5'
[debug]: Registered blueprint: 'cubyz:tree/oak/young/canopy/3'
[info]: Migrating block cubyz:willow_branch -> cubyz:branch/willow
[debug]: Registered blueprint: 'cubyz:tree/curl/curl/4'
[debug]: Registered blueprint: 'cubyz:phantasmal/base/medium/0'
[debug]: Registered blueprint: 'cubyz:tree/cirrus/rings/top/4'
[debug]: Registered blueprint: 'cubyz:tree/palm/coconut/trunk/leaning/10'
[info]: Migrating block cubyz:candy_cane/block -> cubyz:candy_cane_block
[debug]: Registered blueprint: 'cubyz:tree/tuften/stem/askew/8'
[info]: Migrating block cubyz:oak_branch -> cubyz:branch/oak
[debug]: Registered blueprint: 'cubyz:tree/oak/root/2'
[info]: Migrating block cubyz:candy_cane/block -> cubyz:candy_cane_block
[debug]: Registered blueprint: 'cubyz:candy_cane/large/stem/13'
[info]: Migrating block cubyz:oak_branch -> cubyz:branch/oak
[debug]: Registered blueprint: 'cubyz:tree/oak/root/5'
[debug]: Registered blueprint: 'cubyz:tree/oak/young/branch/0'
[debug]: Registered blueprint: 'cubyz:mushroom/big/bolete/cap/4'
[info]: Migrating block cubyz:pine_needles -> cubyz:leaves/pine
[info]: Migrating block cubyz:pine_branch -> cubyz:branch/pine
[debug]: Registered blueprint: 'cubyz:tree/coniferous/branch/lushy/6/0'
[debug]: Registered blueprint: 'cubyz:mushroom/big/bolete/base/0'
[info]: Migrating block cubyz:oak_leaves -> cubyz:leaves/oak
[info]: Migrating block cubyz:oak_branch -> cubyz:branch/oak
[debug]: Registered blueprint: 'cubyz:tree/oak/branch/1'
[info]: Migrating block cubyz:slate/base -> cubyz:slate/smooth
[info]: Migrating block cubyz:slate/base -> cubyz:slate/smooth
[debug]: Registered blueprint: 'cubyz:ruins/slate/circle/treasure/silver'
[info]: Migrating block cubyz:pine_branch -> cubyz:branch/pine
[info]: Migrating block cubyz:pine_needles -> cubyz:leaves/pine
[debug]: Registered blueprint: 'cubyz:tree/coniferous/branch/normal/4/0'
[info]: Migrating block cubyz:basalt -> cubyz:basalt/smooth
[debug]: Registered blueprint: 'cubyz:phantasmal/auroras/low/2'
[debug]: Registered blueprint: 'cubyz:phantasmal/pillar/medium/2'
[info]: Migrating block cubyz:pine_needles -> cubyz:leaves/pine
[info]: Migrating block cubyz:pine_branch -> cubyz:branch/pine
[debug]: Registered blueprint: 'cubyz:tree/coniferous/branch/normal/4/2'
[debug]: Registered blueprint: 'cubyz:tears/3'
[info]: Migrating block cubyz:toadstool_branch -> cubyz:branch/toadstool
[debug]: Registered blueprint: 'cubyz:mushroom/big/toadstool/branch/blue/1'
[info]: Migrating block cubyz:candy_cane/branch -> cubyz:branch/candy_cane
[debug]: Registered blueprint: 'cubyz:candy_cane/thin/stem/7'
[debug]: Registered blueprint: 'cubyz:tree/palm/coconut/trunk/tilt/7a'
[debug]: Registered blueprint: 'cubyz:tree/oak/old_growth/branch/extender/2'
[debug]: Registered blueprint: 'cubyz:phantasmal/pillar/medium/1'
[debug]: Registered blueprint: 'cubyz:tree/palm/coconut/trunk/tilt/7'
[info]: Migrating block cubyz:basalt -> cubyz:basalt/smooth
[debug]: Registered blueprint: 'cubyz:phantasmal/bubble/1'
[info]: Migrating block cubyz:basalt -> cubyz:basalt/smooth
[debug]: Registered blueprint: 'cubyz:phantasmal/auroras/high/broken_0'
[info]: Migrating block cubyz:mahogany_branch -> cubyz:branch/mahogany
[info]: Migrating block cubyz:mahogany_leaves -> cubyz:leaves/mahogany
[debug]: Registered blueprint: 'cubyz:tree/mahogany/sapele/large/branch/green/1'
[debug]: Registered blueprint: 'cubyz:phantasmal/pillar/small/4'
[info]: Migrating block cubyz:glimmergill_branch -> cubyz:branch/glimmergill
[debug]: Registered blueprint: 'cubyz:mushroom/small/glimmergill/variant/7'
[info]: Migrating block cubyz:candy_cane/block -> cubyz:candy_cane_block
[debug]: Registered blueprint: 'cubyz:tree/tuften/stem/straight/8'
[info]: Migrating block cubyz:candy_cane/branch -> cubyz:branch/candy_cane
[debug]: Registered blueprint: 'cubyz:candy_cane/thin/stem/3'
[info]: Migrating block cubyz:candy_cane/branch -> cubyz:branch/candy_cane
[debug]: Registered blueprint: 'cubyz:tree/tuften/young/stem/straight/7'
[info]: Migrating block cubyz:candy_cane/block -> cubyz:candy_cane_block
[debug]: Registered blueprint: 'cubyz:candy_cane/large/stem/12'
[info]: Migrating block cubyz:basalt -> cubyz:basalt/smooth
[debug]: Registered blueprint: 'cubyz:phantasmal/star/1'
[debug]: Registered blueprint: 'cubyz:tree/palm/coconut/fronds/4'
[debug]: Registered blueprint: 'cubyz:tree/coniferous/stem/5/1'
[info]: Migrating block cubyz:sandstone -> cubyz:sandstone/rough
[info]: Migrating block cubyz:limestone -> cubyz:limestone/smooth
[debug]: Registered blueprint: 'cubyz:rock/hoodoo/medium/4'
[info]: Migrating block cubyz:toadstool_branch -> cubyz:branch/toadstool
[debug]: Registered blueprint: 'cubyz:mushroom/big/toadstool/branch/blue/0'
[debug]: Registered blueprint: 'cubyz:phantasmal/pillar/offshoot/0'
[info]: Migrating block cubyz:toadstool_branch -> cubyz:branch/toadstool
[debug]: Registered blueprint: 'cubyz:mushroom/big/toadstool/large_cap/4'
[info]: Migrating block cubyz:slate/base -> cubyz:slate/smooth
[debug]: Registered blueprint: 'cubyz:ruins/slate/circle/rock/0'
[info]: Migrating block cubyz:basalt -> cubyz:basalt/smooth
[debug]: Registered blueprint: 'cubyz:phantasmal/auroras/high/7'
[debug]: Registered blueprint: 'cubyz:phantasmal/base/large/1'
[debug]: Registered blueprint: 'cubyz:tree/palm/coconut/trunk/straight/7'
[debug]: Registered blueprint: 'cubyz:tree/palm/coconut/trunk/leaning/7'
[debug]: Registered blueprint: 'cubyz:tree/oak/old_growth/trunk/1'
[info]: Migrating block cubyz:pine_branch -> cubyz:branch/pine
[debug]: Registered blueprint: 'cubyz:tree/coniferous/roots/2'
[debug]: Registered blueprint: 'cubyz:phantasmal/pillar/top/5'
[info]: Migrating block cubyz:pine_needles -> cubyz:leaves/pine
[info]: Migrating block cubyz:pine_branch -> cubyz:branch/pine
[debug]: Registered blueprint: 'cubyz:tree/coniferous/branch/normal/6/2'
[info]: Migrating block cubyz:oak_leaves -> cubyz:leaves/oak
[debug]: Registered blueprint: 'cubyz:tree/oak/stub/2'
[debug]: Registered blueprint: 'cubyz:tree/oak/old_growth/trunk/4'
[info]: Migrating block cubyz:candy_cane/block -> cubyz:candy_cane_block
[debug]: Registered blueprint: 'cubyz:tree/tuften/tufts/big/yellow'
[debug]: Registered blueprint: 'cubyz:rare/mushroom_pole/top/toadstool'
[info]: Migrating block cubyz:basalt -> cubyz:basalt/smooth
[debug]: Registered blueprint: 'cubyz:cave/lava_spout/0'
[debug]: Registered blueprint: 'cubyz:tree/coniferous/stem/3/0'
[debug]: Registered blueprint: 'cubyz:tree/coniferous/stem/extender/2'
[info]: Migrating block cubyz:candy_cane/block -> cubyz:candy_cane_block
[debug]: Registered blueprint: 'cubyz:tree/tuften/stem/tilt/8'
[info]: Migrating block cubyz:candy_cane/branch -> cubyz:branch/candy_cane
[debug]: Registered blueprint: 'cubyz:tree/tuften/young/tufts/big/red'
[info]: Migrating block cubyz:baobab_branch -> cubyz:branch/baobab
[debug]: Registered blueprint: 'cubyz:tree/baobab/grandidieri/branch/3'
[info]: Migrating block cubyz:pine_branch -> cubyz:branch/pine
[info]: Migrating block cubyz:pine_needles -> cubyz:leaves/pine
[debug]: Registered blueprint: 'cubyz:tree/coniferous/branch/normal/3/1'
[info]: Migrating block cubyz:candy_cane/branch -> cubyz:branch/candy_cane
[debug]: Registered blueprint: 'cubyz:candy_cane/thin/top/big'
[debug]: Registered blueprint: 'cubyz:mushroom/big/bolete/base/3'
[info]: Migrating block cubyz:basalt/base -> cubyz:basalt/smooth
[debug]: Registered blueprint: 'cubyz:rare/triclops_statue/base/0'
[info]: Migrating block cubyz:mahogany_leaves -> cubyz:leaves/mahogany
[info]: Migrating block cubyz:mahogany_branch -> cubyz:branch/mahogany
[debug]: Registered blueprint: 'cubyz:tree/mahogany/khaya_ivorensis/small/1'
[info]: Migrating block cubyz:toadstool_branch -> cubyz:branch/toadstool
[debug]: Registered blueprint: 'cubyz:mushroom/small/toadstool/variant/7'
[info]: Migrating block cubyz:bolete_branch -> cubyz:branch/bolete
[debug]: Registered blueprint: 'cubyz:mushroom/small/bolete/variant/0'
[info]: Migrating block cubyz:candy_cane/block -> cubyz:candy_cane_block
[debug]: Registered blueprint: 'cubyz:tree/tuften/tufts/big/orange'
[debug]: Registered blueprint: 'cubyz:tree/coniferous/stem/extender/1'
[debug]: Registered blueprint: 'cubyz:tree/mahogany/sapele/large/full/0'
[debug]: Registered blueprint: 'cubyz:rare/triclops_statue/light/1'
[info]: Migrating block cubyz:sandstone -> cubyz:sandstone/rough
[info]: Migrating block cubyz:limestone -> cubyz:limestone/smooth
[debug]: Registered blueprint: 'cubyz:rock/hoodoo/large/0'
[debug]: Registered blueprint: 'cubyz:phantasmal/pillar/top/4'
[info]: Migrating block cubyz:bolete_branch -> cubyz:branch/bolete
[debug]: Registered blueprint: 'cubyz:mushroom/small/bolete/variant/5'
[debug]: Registered blueprint: 'cubyz:tree/cirrus/rings/bottom/0'
[debug]: Registered blueprint: 'cubyz:cactus/upper/1'
[debug]: Registered blueprint: 'cubyz:tree/cirrus/rings/middle/0'
[info]: Migrating block cubyz:oak_branch -> cubyz:branch/oak
[debug]: Registered blueprint: 'cubyz:tree/oak/branch/3'
[info]: Migrating block cubyz:oak_leaves -> cubyz:leaves/oak
[debug]: Registered blueprint: 'cubyz:tree/oak/stub/4'
[info]: Migrating block cubyz:baobab_branch -> cubyz:branch/baobab
[debug]: Registered blueprint: 'cubyz:tree/baobab/young/trunk/0'
[debug]: Registered blueprint: 'cubyz:tree/palm/coconut/trunk/tilt/11'
[info]: Migrating block cubyz:pine_branch -> cubyz:branch/pine
[debug]: Registered blueprint: 'cubyz:tree/coniferous/roots/alone/2'
[debug]: Registered blueprint: 'cubyz:tree/oak/young/base/1'
[debug]: Registered blueprint: 'cubyz:ruins/slate/circle/treasure/spacer'
[info]: Migrating block cubyz:pine_branch -> cubyz:branch/pine
[info]: Migrating block cubyz:pine_needles -> cubyz:leaves/pine
[debug]: Registered blueprint: 'cubyz:tree/coniferous/branch/normal/2/3'
[debug]: Registered blueprint: 'cubyz:tree/palm/coconut/trunk/straight/6'
[info]: Migrating block cubyz:birch_branch -> cubyz:branch/birch
[debug]: Registered blueprint: 'cubyz:tree/birch/branch/1'
[info]: Migrating block cubyz:pine_needles -> cubyz:leaves/pine
[info]: Migrating block cubyz:pine_branch -> cubyz:branch/pine
[debug]: Registered blueprint: 'cubyz:tree/coniferous/branch/normal/7/1'
[info]: Migrating block cubyz:mahogany_leaves -> cubyz:leaves/mahogany
[info]: Migrating block cubyz:mahogany_branch -> cubyz:branch/mahogany
[debug]: Registered blueprint: 'cubyz:tree/mahogany/sapele/small/4'
[info]: Migrating block cubyz:oak_branch -> cubyz:branch/oak
[debug]: Registered blueprint: 'cubyz:tree/oak/root/4'
[info]: Migrating block cubyz:mahogany_leaves -> cubyz:leaves/mahogany
[info]: Migrating block cubyz:mahogany_branch -> cubyz:branch/mahogany
[debug]: Registered blueprint: 'cubyz:tree/mahogany/sapele/small/2'
[info]: Migrating block cubyz:pine_needles -> cubyz:leaves/pine
[debug]: Registered blueprint: 'cubyz:tree/coniferous/branch/normal/3/5'
[info]: Migrating block cubyz:glimmergill_branch -> cubyz:branch/glimmergill
[debug]: Registered blueprint: 'cubyz:mushroom/big/glimmergill/cap/0'
[debug]: Registered blueprint: 'cubyz:rare/snow_snale/small/1'
[debug]: Registered blueprint: 'cubyz:tears/0'
[debug]: Registered blueprint: 'cubyz:tree/cirrus/rings/bottom/5'
[debug]: Registered blueprint: 'cubyz:tree/cirrus/base/0'
[debug]: Registered blueprint: 'cubyz:tears/5'
[debug]: Registered blueprint: 'cubyz:phantasmal/base/small/5'
[info]: Migrating block cubyz:basalt -> cubyz:basalt/smooth
[debug]: Registered blueprint: 'cubyz:phantasmal/star/6'
[info]: Migrating block cubyz:cactus_arm -> cubyz:branch/cactus
[debug]: Registered blueprint: 'cubyz:cactus/arm/1'
[info]: Migrating block cubyz:baobab_branch -> cubyz:branch/baobab
[debug]: Registered blueprint: 'cubyz:tree/baobab/grandidieri/roots/0'
[info]: Migrating block cubyz:basalt -> cubyz:basalt/smooth
[debug]: Registered blueprint: 'cubyz:phantasmal/auroras/high/8'
[info]: Migrating block cubyz:pine_needles -> cubyz:leaves/pine
[info]: Migrating block cubyz:pine_branch -> cubyz:branch/pine
[debug]: Registered blueprint: 'cubyz:tree/coniferous/branch/normal/3/4'
[info]: Migrating block cubyz:candy_cane/block -> cubyz:candy_cane_block
[debug]: Registered blueprint: 'cubyz:tree/tuften/stem/tilt/9'
[debug]: Registered blueprint: 'cubyz:phantasmal/pillar/top/8'
[debug]: Registered blueprint: 'cubyz:phantasmal/base/small/4'
[info]: Migrating block cubyz:cactus_arm -> cubyz:branch/cactus
[debug]: Registered blueprint: 'cubyz:cactus/arm/3'
[debug]: Registered blueprint: 'cubyz:tree/oak/young/canopy/1'
[info]: Migrating block cubyz:mahogany_branch -> cubyz:branch/mahogany
[debug]: Registered blueprint: 'cubyz:tree/mahogany/sapele/small/3'
[info]: Migrating block cubyz:toadstool_branch -> cubyz:branch/toadstool
[debug]: Registered blueprint: 'cubyz:mushroom/big/toadstool/large_cap/1'
[info]: Migrating block cubyz:candy_cane/block -> cubyz:candy_cane_block
[debug]: Registered blueprint: 'cubyz:tree/tuften/tufts/small/1/pink'
[info]: Migrating block cubyz:pine_needles -> cubyz:leaves/pine
[info]: Migrating block cubyz:pine_branch -> cubyz:branch/pine
[debug]: Registered blueprint: 'cubyz:tree/coniferous/branch/lushy/3/0'
[debug]: Registered blueprint: 'cubyz:tree/oak/old_growth/trunk/3'
[info]: Migrating block cubyz:pyrolite/base -> cubyz:pyrolite/rough
[debug]: Registered blueprint: 'cubyz:cave/mantle/ruins/2'
[info]: Migrating block cubyz:candy_cane/block -> cubyz:candy_cane_block
[debug]: Registered blueprint: 'cubyz:tree/tuften/stem/straight/5'
[info]: Migrating block cubyz:pine_branch -> cubyz:branch/pine
[debug]: Registered blueprint: 'cubyz:tree/coniferous/branch/normal/2/1'
[info]: Migrating block cubyz:candy_cane/branch -> cubyz:branch/candy_cane
[debug]: Registered blueprint: 'cubyz:tree/tuften/young/tufts/small/violet'
[debug]: Registered blueprint: 'cubyz:phantasmal/pillar/small/5'
[debug]: Registered blueprint: 'cubyz:tree/coniferous/stem/extender/5'
[debug]: Registered blueprint: 'cubyz:starlit/star/3'
[debug]: Registered blueprint: 'cubyz:tree/cirrus/base/2'
[debug]: Registered blueprint: 'cubyz:rare/triclops_statue/light/3'
[debug]: Registered blueprint: 'cubyz:tree/palm/coconut/trunk/tilt/9'
[info]: Migrating block cubyz:glimmergill_branch -> cubyz:branch/glimmergill
[debug]: Registered blueprint: 'cubyz:mushroom/small/glimmergill/variant/1'
[debug]: Registered blueprint: 'cubyz:phantasmal/pillar/offshoot/4'
[info]: Migrating block cubyz:pine_needles -> cubyz:leaves/pine
[debug]: Registered blueprint: 'cubyz:tree/coniferous/branch/normal/4/6'
[info]: Migrating block cubyz:pine_needles -> cubyz:leaves/pine
[debug]: Registered blueprint: 'cubyz:tree/coniferous/tip/4/0'
[info]: Migrating block cubyz:pine_branch -> cubyz:branch/pine
[info]: Migrating block cubyz:pine_needles -> cubyz:leaves/pine
[debug]: Registered blueprint: 'cubyz:tree/coniferous/branch/normal/3/3'
[info]: Migrating block cubyz:candy_cane/block -> cubyz:candy_cane_block
[debug]: Registered blueprint: 'cubyz:candy_cane/large/top/1'
[debug]: Registered blueprint: 'cubyz:tree/cirrus/vine/1'
[debug]: Registered blueprint: 'cubyz:tree/cirrus/rings/top/0'
[info]: Migrating block cubyz:candy_cane/branch -> cubyz:branch/candy_cane
[debug]: Registered blueprint: 'cubyz:candy_cane/thin/top/small'
[info]: Migrating block cubyz:birch_leaves -> cubyz:leaves/birch
[debug]: Registered blueprint: 'cubyz:tree/birch/small_branch/3'
[info]: Migrating block cubyz:bolete_branch -> cubyz:branch/bolete
[debug]: Registered blueprint: 'cubyz:mushroom/small/bolete/variant/2'
[debug]: Registered blueprint: 'cubyz:rare/triclops_statue/root/0'
[debug]: Registered blueprint: 'cubyz:phantasmal/pillar/top/6'
[info]: Migrating block cubyz:toadstool_branch -> cubyz:branch/toadstool
[debug]: Registered blueprint: 'cubyz:mushroom/big/toadstool/small_cap/0'
[debug]: Registered blueprint: 'cubyz:tree/cirrus/canopy/0'
[info]: Migrating block cubyz:basalt -> cubyz:basalt/smooth
[debug]: Registered blueprint: 'cubyz:phantasmal/auroras/low/9'
[info]: Migrating block cubyz:pine_needles -> cubyz:leaves/pine
[info]: Migrating block cubyz:pine_branch -> cubyz:branch/pine
[debug]: Registered blueprint: 'cubyz:tree/coniferous/branch/lushy/4/0'
[info]: Migrating block cubyz:slate/base -> cubyz:slate/smooth
[debug]: Registered blueprint: 'cubyz:ruins/slate/circle/rock/1'
[info]: Migrating block cubyz:basalt -> cubyz:basalt/smooth
[debug]: Registered blueprint: 'cubyz:phantasmal/auroras/high/broken_2'
[info]: Migrating block cubyz:pine_needles -> cubyz:leaves/pine
[debug]: Registered blueprint: 'cubyz:tree/coniferous/tip/4/3'
[debug]: Registered blueprint: 'cubyz:starlit/star/1'
[info]: Migrating block cubyz:pine_branch -> cubyz:branch/pine
[info]: Migrating block cubyz:pine_needles -> cubyz:leaves/pine
[debug]: Registered blueprint: 'cubyz:tree/coniferous/branch/normal/3/0'
[debug]: Registered blueprint: 'cubyz:tree/palm/coconut/trunk/straight/9'
[debug]: Registered blueprint: 'cubyz:tree/mahogany/sapele/large/stem/1'
[info]: Migrating block cubyz:candy_cane/block -> cubyz:candy_cane_block
[debug]: Registered blueprint: 'cubyz:tree/tuften/tufts/big/violet'
[info]: Migrating block cubyz:candy_cane/block -> cubyz:candy_cane_block
[debug]: Registered blueprint: 'cubyz:tree/tuften/stem/curvy/7'
[info]: Migrating block cubyz:toadstool_branch -> cubyz:branch/toadstool
[debug]: Registered blueprint: 'cubyz:mushroom/small/toadstool/variant/5'
[debug]: Registered blueprint: 'cubyz:phantasmal/base/small/0'
[info]: Migrating block cubyz:candy_cane/block -> cubyz:candy_cane_block
[debug]: Registered blueprint: 'cubyz:candy_cane/thick/stem/8'
[info]: Migrating block cubyz:pine_needles -> cubyz:leaves/pine
[info]: Migrating block cubyz:pine_branch -> cubyz:branch/pine
[debug]: Registered blueprint: 'cubyz:tree/coniferous/branch/normal/6/3'
[debug]: Registered blueprint: 'cubyz:tree/cirrus/rings/bottom/3'
[info]: Migrating block cubyz:candy_cane/branch -> cubyz:branch/candy_cane
[debug]: Registered blueprint: 'cubyz:tree/tuften/young/tufts/small/pink'
[info]: Migrating block cubyz:basalt -> cubyz:basalt/smooth
[debug]: Registered blueprint: 'cubyz:phantasmal/auroras/high/broken_1'
[info]: Migrating block cubyz:candy_cane/block -> cubyz:candy_cane_block
[debug]: Registered blueprint: 'cubyz:candy_cane/thick/stem/9'
[debug]: Registered blueprint: 'cubyz:tree/oak/young/branch/3'
[debug]: Registered blueprint: 'cubyz:mushroom/big/glimmergill/base/3'
[debug]: Registered blueprint: 'cubyz:phantasmal/pillar/small/0'
[info]: Migrating block cubyz:baobab_branch -> cubyz:branch/baobab
[debug]: Registered blueprint: 'cubyz:tree/baobab/grandidieri/branch/2'
[info]: Migrating block cubyz:pine_needles -> cubyz:leaves/pine
[info]: Migrating block cubyz:pine_branch -> cubyz:branch/pine
[debug]: Registered blueprint: 'cubyz:tree/coniferous/branch/normal/4/3'
[info]: Migrating block cubyz:basalt/base -> cubyz:basalt/smooth
[debug]: Registered blueprint: 'cubyz:rare/triclops_statue/base/3'
[info]: Migrating block cubyz:candy_cane/branch -> cubyz:branch/candy_cane
[debug]: Registered blueprint: 'cubyz:tree/tuften/young/tufts/big/orange'
[debug]: Registered blueprint: 'cubyz:tree/mahogany/sapele/ancient/extender/0'
[debug]: Registered blueprint: 'cubyz:tree/palm/coconut/trunk/straight/11'
[info]: Migrating block cubyz:candy_cane/block -> cubyz:candy_cane_block
[debug]: Registered blueprint: 'cubyz:tree/tuften/tufts/small/0/orange'
[debug]: Registered blueprint: 'cubyz:phantasmal/base/medium/1'
[debug]: Registered blueprint: 'cubyz:mushroom/big/bolete/cap/1'
[debug]: Registered blueprint: 'cubyz:mushroom/big/toadstool/small_cap/1'
[debug]: Registered blueprint: 'cubyz:phantasmal/pillar/small/2'
[debug]: Registered blueprint: 'cubyz:rare/mushroom_pole/base'
[info]: Migrating block cubyz:cactus_arm -> cubyz:branch/cactus
[debug]: Registered blueprint: 'cubyz:cactus/old_growth/0'
[info]: Migrating block cubyz:sandstone -> cubyz:sandstone/rough
[info]: Migrating block cubyz:limestone -> cubyz:limestone/smooth
[debug]: Registered blueprint: 'cubyz:rock/hoodoo/medium/2'
[debug]: Registered blueprint: 'cubyz:tears/8'
[info]: Migrating block cubyz:basalt -> cubyz:basalt/smooth
[debug]: Registered blueprint: 'cubyz:phantasmal/star/2'
[info]: Migrating block cubyz:bolete_branch -> cubyz:branch/bolete
[debug]: Registered blueprint: 'cubyz:mushroom/small/bolete/variant/4'
[info]: Migrating block cubyz:pine_needles -> cubyz:leaves/pine
[info]: Migrating block cubyz:pine_branch -> cubyz:branch/pine
[debug]: Registered blueprint: 'cubyz:tree/coniferous/branch/normal/7/2'
[debug]: Registered blueprint: 'cubyz:tree/cirrus/rings/top/1'
[info]: Migrating block cubyz:sandstone -> cubyz:sandstone/rough
[info]: Migrating block cubyz:limestone -> cubyz:limestone/smooth
[debug]: Registered blueprint: 'cubyz:rock/hoodoo/large/1'
[debug]: Registered blueprint: 'cubyz:tree/oak/old_growth/trunk/2'
[info]: Migrating block cubyz:candy_cane/block -> cubyz:candy_cane_block
[debug]: Registered blueprint: 'cubyz:candy_cane/thick/stem/6'
[info]: Migrating block cubyz:pine_branch -> cubyz:branch/pine
[info]: Migrating block cubyz:pine_needles -> cubyz:leaves/pine
[debug]: Registered blueprint: 'cubyz:tree/coniferous/branch/normal/2/5'
[debug]: Registered blueprint: 'cubyz:phantasmal/pillar/top/9'
[info]: Migrating block cubyz:pine_needles -> cubyz:leaves/pine
[info]: Migrating block cubyz:pine_branch -> cubyz:branch/pine
[debug]: Registered blueprint: 'cubyz:tree/coniferous/sapling/2'
[info]: Migrating block cubyz:candy_cane/block -> cubyz:candy_cane_block
[debug]: Registered blueprint: 'cubyz:tree/tuften/tufts/small/1/violet'
[info]: Migrating block cubyz:baobab_branch -> cubyz:branch/baobab
[info]: Migrating block cubyz:baobab_leaves -> cubyz:leaves/baobab
[debug]: Registered blueprint: 'cubyz:tree/baobab/young/leaves/top/1'
[debug]: Registered blueprint: 'cubyz:mushroom/big/bolete/base/4'
[debug]: Registered blueprint: 'cubyz:phantasmal/pillar/large/0'
[debug]: Registered blueprint: 'cubyz:tree/birch/stub/3'
[info]: Migrating block cubyz:pine_needles -> cubyz:leaves/pine
[info]: Migrating block cubyz:pine_branch -> cubyz:branch/pine
[debug]: Registered blueprint: 'cubyz:tree/coniferous/branch/normal/3/6'
[debug]: Registered blueprint: 'cubyz:tree/oak/old_growth/root/2'
[debug]: Registered blueprint: 'cubyz:rare/mushroom_pole/top/glimmergill'
[debug]: Registered blueprint: 'cubyz:rare/snow_snale/small/0'
[debug]: Registered blueprint: 'cubyz:tree/oak/trunk/1'
[info]: Migrating block cubyz:mahogany_leaves -> cubyz:leaves/mahogany
[info]: Migrating block cubyz:mahogany_branch -> cubyz:branch/mahogany
[debug]: Registered blueprint: 'cubyz:tree/mahogany/khaya_ivorensis/medium/1'
[info]: Migrating block cubyz:cactus_arm -> cubyz:branch/cactus
[debug]: Registered blueprint: 'cubyz:cactus/arm/4'
[debug]: Registered blueprint: 'cubyz:mushroom/big/bolete/base/2'
[debug]: Registered blueprint: 'cubyz:tree/palm/coconut/trunk/straight/8'
[info]: Migrating block cubyz:candy_cane/branch -> cubyz:branch/candy_cane
[debug]: Registered blueprint: 'cubyz:tree/tuften/young/stem/tilt/6'
[debug]: Registered blueprint: 'cubyz:mushroom/big/bolete/base/1'
[debug]: Registered blueprint: 'cubyz:phantasmal/pillar/offshoot/3'
[info]: Migrating block cubyz:candy_cane/block -> cubyz:candy_cane_block
[debug]: Registered blueprint: 'cubyz:tree/tuften/stem/askew/7'
[info]: Migrating block cubyz:candy_cane/branch -> cubyz:branch/candy_cane
[debug]: Registered blueprint: 'cubyz:tree/tuften/young/tufts/small/red'
[debug]: Registered blueprint: 'cubyz:phantasmal/base/small/2'
[info]: Migrating block cubyz:pine_needles -> cubyz:leaves/pine
[debug]: Registered blueprint: 'cubyz:tree/coniferous/tip/6/0'
[debug]: Registered blueprint: 'cubyz:phantasmal/base/medium/2'
[debug]: Registered blueprint: 'cubyz:tree/palm/coconut/trunk/tilt/6a'
[debug]: Registered blueprint: 'cubyz:tree/cirrus/vine/5'
[info]: Migrating block cubyz:candy_cane/branch -> cubyz:branch/candy_cane
[debug]: Registered blueprint: 'cubyz:tree/tuften/young/stem/curvy/7'
[info]: Migrating block cubyz:birch_branch -> cubyz:branch/birch
[debug]: Registered blueprint: 'cubyz:tree/birch/root/2'
[info]: Migrating block cubyz:candy_cane/block -> cubyz:candy_cane_block
[debug]: Registered blueprint: 'cubyz:tree/tuften/stem/straight/6'
[info]: Migrating block cubyz:basalt -> cubyz:basalt/smooth
[debug]: Registered blueprint: 'cubyz:phantasmal/auroras/low/3'
[debug]: Registered blueprint: 'cubyz:rare/triclops_statue/light/0'
[debug]: Registered blueprint: 'cubyz:rare/mushroom_pole/root'
[info]: Migrating block cubyz:candy_cane/branch -> cubyz:branch/candy_cane
[debug]: Registered blueprint: 'cubyz:tree/tuften/young/tufts/small/orange'
[info]: Migrating block cubyz:pyrolite/base -> cubyz:pyrolite/rough
[debug]: Registered blueprint: 'cubyz:cave/mantle/lava_pool/0'
[info]: Migrating block cubyz:candy_cane/block -> cubyz:candy_cane_block
[debug]: Registered blueprint: 'cubyz:candy_cane/large/top/2'
[info]: Migrating block cubyz:basalt -> cubyz:basalt/smooth
[debug]: Registered blueprint: 'cubyz:phantasmal/auroras/low/5'
[info]: Migrating block cubyz:basalt -> cubyz:basalt/smooth
[debug]: Registered blueprint: 'cubyz:phantasmal/auroras/high/1'
[info]: Migrating block cubyz:pine_branch -> cubyz:branch/pine
[debug]: Registered blueprint: 'cubyz:tree/coniferous/roots/1'
[debug]: Registered blueprint: 'cubyz:phantasmal/pillar/offshoot/11'
[info]: Migrating block cubyz:candy_cane/branch -> cubyz:branch/candy_cane
[debug]: Registered blueprint: 'cubyz:tree/tuften/young/tufts/small/yellow'
[info]: Migrating block cubyz:basalt -> cubyz:basalt/smooth
[debug]: Registered blueprint: 'cubyz:phantasmal/pillar/small/8'
[info]: Migrating block cubyz:birch_leaves -> cubyz:leaves/birch
[debug]: Registered blueprint: 'cubyz:deco/birch_leaf'
[info]: Migrating block cubyz:baobab_leaves -> cubyz:leaves/baobab
[info]: Migrating block cubyz:baobab_branch -> cubyz:branch/baobab
[debug]: Registered blueprint: 'cubyz:tree/baobab/grandidieri/leaves/0'
[debug]: Registered blueprint: 'cubyz:tree/palm/coconut/trunk/leaning/8'
[info]: Migrating block cubyz:glimmergill_branch -> cubyz:branch/glimmergill
[debug]: Registered blueprint: 'cubyz:mushroom/small/glimmergill/variant/2'
[info]: Migrating block cubyz:baobab_leaves -> cubyz:leaves/baobab
[info]: Migrating block cubyz:baobab_branch -> cubyz:branch/baobab
[debug]: Registered blueprint: 'cubyz:tree/baobab/young/leaves/side/2'
[info]: Migrating block cubyz:baobab_leaves -> cubyz:leaves/baobab
[info]: Migrating block cubyz:baobab_branch -> cubyz:branch/baobab
[debug]: Registered blueprint: 'cubyz:tree/baobab/grandidieri/leaves/1'
[info]: Migrating block cubyz:bolete_branch -> cubyz:branch/bolete
[debug]: Registered blueprint: 'cubyz:mushroom/small/bolete/variant/3'
[info]: Migrating block cubyz:pine_needles -> cubyz:leaves/pine
[info]: Migrating block cubyz:pine_branch -> cubyz:branch/pine
[debug]: Registered blueprint: 'cubyz:tree/coniferous/sapling/4'
[debug]: Registered blueprint: 'cubyz:ruins/slate/circle/base/1'
[debug]: Registered blueprint: 'cubyz:tree/oak/trunk/2'
[debug]: Registered blueprint: 'cubyz:mushroom/big/glimmergill/base/2'
[info]: Migrating block cubyz:candy_cane/branch -> cubyz:branch/candy_cane
[debug]: Registered blueprint: 'cubyz:candy_cane/thin/stem/4'
[debug]: Registered blueprint: 'cubyz:tree/oak/old_growth/branch/extender/0'
[debug]: Registered blueprint: 'cubyz:tree/cirrus/base/1'
[info]: Migrating block cubyz:candy_cane/branch -> cubyz:branch/candy_cane
[debug]: Registered blueprint: 'cubyz:tree/tuften/young/tufts/big/violet'
[debug]: Registered blueprint: 'cubyz:tree/oak/base/2'
[debug]: Registered blueprint: 'cubyz:tree/cirrus/rings/middle/no_top'
[info]: Migrating block cubyz:pine_needles -> cubyz:leaves/pine
[info]: Migrating block cubyz:pine_branch -> cubyz:branch/pine
[debug]: Registered blueprint: 'cubyz:tree/coniferous/branch/normal/7/3'
[debug]: Registered blueprint: 'cubyz:tree/palm/coconut/fronds/0'
[debug]: Registered blueprint: 'cubyz:cactus/base/4_arms'
[info]: Migrating block cubyz:glimmergill_branch -> cubyz:branch/glimmergill
[debug]: Registered blueprint: 'cubyz:mushroom/small/glimmergill/variant/5'
[info]: Migrating block cubyz:candy_cane/branch -> cubyz:branch/candy_cane
[debug]: Registered blueprint: 'cubyz:tree/tuften/young/tufts/big/pink'
[debug]: Registered blueprint: 'cubyz:tree/oak/trunk/5'
[info]: Migrating block cubyz:candy_cane/block -> cubyz:candy_cane_block
[debug]: Registered blueprint: 'cubyz:candy_cane/thick/stem/7'
[debug]: Registered blueprint: 'cubyz:tree/cirrus/rings/bottom/7'
[debug]: Registered blueprint: 'cubyz:tree/cirrus/trunk/1'
[info]: Migrating block cubyz:mahogany_leaves -> cubyz:leaves/mahogany
[info]: Migrating block cubyz:mahogany_branch -> cubyz:branch/mahogany
[debug]: Registered blueprint: 'cubyz:tree/mahogany/sapele/ancient/top/1'
[info]: Migrating block cubyz:basalt -> cubyz:basalt/smooth
[debug]: Registered blueprint: 'cubyz:phantasmal/auroras/low/4'
[debug]: Registered blueprint: 'cubyz:tree/oak/young/branch/1'
[info]: Migrating block cubyz:glimmergill_branch -> cubyz:branch/glimmergill
[debug]: Registered blueprint: 'cubyz:mushroom/small/glimmergill/variant/0'
[info]: Migrating block cubyz:toadstool_branch -> cubyz:branch/toadstool
[debug]: Registered blueprint: 'cubyz:mushroom/big/toadstool/large_cap/2'
[info]: Migrating block cubyz:basalt -> cubyz:basalt/smooth
[debug]: Registered blueprint: 'cubyz:phantasmal/pillar/medium/6'
[info]: Migrating block cubyz:candy_cane/block -> cubyz:candy_cane_block
[debug]: Registered blueprint: 'cubyz:tree/tuften/stem/curvy/8'
[info]: Migrating block cubyz:baobab_leaves -> cubyz:leaves/baobab
[info]: Migrating block cubyz:baobab_branch -> cubyz:branch/baobab
[debug]: Registered blueprint: 'cubyz:tree/baobab/young/leaves/top/0'
[info]: Migrating block cubyz:toadstool_branch -> cubyz:branch/toadstool
[debug]: Registered blueprint: 'cubyz:mushroom/big/toadstool/branch/red/0'
[debug]: Registered blueprint: 'cubyz:phantasmal/pillar/top/7'
[debug]: Registered blueprint: 'cubyz:tree/cirrus/upper_trunk/1'
[info]: Migrating block cubyz:candy_cane/block -> cubyz:candy_cane_block
[debug]: Registered blueprint: 'cubyz:candy_cane/large/stem/10'
[info]: Migrating block cubyz:pine_needles -> cubyz:leaves/pine
[info]: Migrating block cubyz:pine_branch -> cubyz:branch/pine
[debug]: Registered blueprint: 'cubyz:tree/coniferous/sapling/3'
[info]: Migrating block cubyz:oak_branch -> cubyz:branch/oak
[debug]: Registered blueprint: 'cubyz:tree/oak/root/6'
[debug]: Registered blueprint: 'cubyz:tree/cirrus/vine/6'
[debug]: Registered blueprint: 'cubyz:phantasmal/pillar/top/12'
[info]: Migrating block cubyz:toadstool_branch -> cubyz:branch/toadstool
[debug]: Registered blueprint: 'cubyz:mushroom/small/toadstool/variant/9'
[debug]: Registered blueprint: 'cubyz:tree/cirrus/rings/top/2'
[debug]: Registered blueprint: 'cubyz:tree/oak/young/canopy/2'
[debug]: Registered blueprint: 'cubyz:phantasmal/pillar/top/0'
[debug]: Registered blueprint: 'cubyz:phantasmal/pillar/offshoot/10'
[debug]: Registered blueprint: 'cubyz:rare/snow_snale/baby'
[info]: Migrating block cubyz:candy_cane/branch -> cubyz:branch/candy_cane
[debug]: Registered blueprint: 'cubyz:tree/tuften/young/stem/straight/4'
[info]: Migrating block cubyz:basalt -> cubyz:basalt/smooth
[debug]: Registered blueprint: 'cubyz:phantasmal/star/broken_2'
[debug]: Registered blueprint: 'cubyz:deco/ivy_side_2'
[info]: Migrating block cubyz:candy_cane/block -> cubyz:candy_cane_block
[debug]: Registered blueprint: 'cubyz:candy_cane/large/stem/8'
[info]: Migrating block cubyz:willow_branch -> cubyz:branch/willow
[debug]: Registered blueprint: 'cubyz:tree/curl/curl/1'
[info]: Migrating block cubyz:basalt -> cubyz:basalt/smooth
[debug]: Registered blueprint: 'cubyz:phantasmal/auroras/high/4'
[debug]: Registered blueprint: 'cubyz:tree/cirrus/vine/0'
[info]: Migrating block cubyz:baobab_leaves -> cubyz:leaves/baobab
[info]: Migrating block cubyz:baobab_branch -> cubyz:branch/baobab
[debug]: Registered blueprint: 'cubyz:tree/baobab/young/leaves/side/1'
[info]: Migrating block cubyz:candy_cane/block -> cubyz:candy_cane_block
[debug]: Registered blueprint: 'cubyz:tree/tuften/tufts/small/0/red'
[debug]: Registered blueprint: 'cubyz:tears/7'
[info]: Migrating block cubyz:baobab_branch -> cubyz:branch/baobab
[debug]: Registered blueprint: 'cubyz:tree/baobab/young/trunk/3'
[debug]: Registered blueprint: 'cubyz:phantasmal/pillar/top/10'
[debug]: Registered blueprint: 'cubyz:cactus/flowers/0'
[info]: Migrating block cubyz:pine_needles -> cubyz:leaves/pine
[info]: Migrating block cubyz:pine_branch -> cubyz:branch/pine
[debug]: Registered blueprint: 'cubyz:tree/coniferous/tip/5/1'
[info]: Migrating block cubyz:toadstool_branch -> cubyz:branch/toadstool
[debug]: Registered blueprint: 'cubyz:mushroom/small/toadstool/variant/6'
[debug]: Registered blueprint: 'cubyz:tree/coniferous/stem/5/2'
[debug]: Registered blueprint: 'cubyz:rare/mushroom_pole/spacer/optional'
[info]: Migrating block cubyz:basalt -> cubyz:basalt/smooth
[debug]: Registered blueprint: 'cubyz:phantasmal/star/3'
[debug]: Registered blueprint: 'cubyz:deco/toadstool_side'
[info]: Migrating block cubyz:pine_needles -> cubyz:leaves/pine
[info]: Migrating block cubyz:pine_branch -> cubyz:branch/pine
[debug]: Registered blueprint: 'cubyz:tree/coniferous/branch/normal/7/4'
[info]: Migrating block cubyz:oak_branch -> cubyz:branch/oak
[debug]: Registered blueprint: 'cubyz:tree/oak/root/3'
[info]: Migrating block cubyz:pine_needles -> cubyz:leaves/pine
[debug]: Registered blueprint: 'cubyz:tree/coniferous/branch/normal/4/5'
[info]: Migrating block cubyz:candy_cane/block -> cubyz:candy_cane_block
[debug]: Registered blueprint: 'cubyz:tree/tuften/stem/straight/9'
[info]: Migrating block cubyz:basalt -> cubyz:basalt/smooth
[debug]: Registered blueprint: 'cubyz:phantasmal/star/8'
[debug]: Registered blueprint: 'cubyz:tree/palm/coconut/trunk/leaning/9'
[info]: Migrating block cubyz:mahogany_leaves -> cubyz:leaves/mahogany
[info]: Migrating block cubyz:mahogany_branch -> cubyz:branch/mahogany
[debug]: Registered blueprint: 'cubyz:tree/mahogany/sapele/small/1'
[info]: Migrating block cubyz:willow_branch -> cubyz:branch/willow
[debug]: Registered blueprint: 'cubyz:tree/curl/curl/3'
[info]: Migrating block cubyz:toadstool_branch -> cubyz:branch/toadstool
[debug]: Registered blueprint: 'cubyz:mushroom/big/toadstool/base/1'
[info]: Migrating block cubyz:glimmergill_branch -> cubyz:branch/glimmergill
[debug]: Registered blueprint: 'cubyz:mushroom/big/glimmergill/cap/3'
[debug]: Registered blueprint: 'cubyz:rare/mushroom_pole/spacer/9'
[info]: Migrating block cubyz:basalt -> cubyz:basalt/smooth
[debug]: Registered blueprint: 'cubyz:phantasmal/star/4'
[debug]: Registered blueprint: 'cubyz:tree/cirrus/rings/middle/1'
[debug]: Registered blueprint: 'cubyz:tree/mahogany/sapele/large/stem/0'
[info]: Migrating block cubyz:candy_cane/block -> cubyz:candy_cane_block
[debug]: Registered blueprint: 'cubyz:tree/tuften/tufts/small/0/violet'
[info]: Migrating block cubyz:basalt -> cubyz:basalt/smooth
[debug]: Registered blueprint: 'cubyz:phantasmal/bubble/broken_0'
[info]: Migrating block cubyz:bolete_branch -> cubyz:branch/bolete
[debug]: Registered blueprint: 'cubyz:mushroom/small/bolete/variant/1'
[info]: Migrating block cubyz:cactus_arm -> cubyz:branch/cactus
[debug]: Registered blueprint: 'cubyz:cactus/young/5_tall_1'
[debug]: Registered blueprint: 'cubyz:mushroom/big/toadstool/base/2'
[info]: Migrating block cubyz:candy_cane/block -> cubyz:candy_cane_block
[debug]: Registered blueprint: 'cubyz:candy_cane/thick/stem/4'
[debug]: Registered blueprint: 'cubyz:phantasmal/base/small/3'
[debug]: Registered blueprint: 'cubyz:mushroom/big/toadstool/base/5'
[info]: Migrating block cubyz:sandstone -> cubyz:sandstone/rough
[info]: Migrating block cubyz:limestone -> cubyz:limestone/smooth
[debug]: Registered blueprint: 'cubyz:rock/hoodoo/medium/0'
[info]: Migrating block cubyz:basalt -> cubyz:basalt/smooth
[debug]: Registered blueprint: 'cubyz:cave/lava_spout/2'
[debug]: Registered blueprint: 'cubyz:tree/oak/young/trunk/1'
[info]: Migrating block cubyz:basalt/base -> cubyz:basalt/smooth
[debug]: Registered blueprint: 'cubyz:rare/triclops_statue/base/4'
[debug]: Registered blueprint: 'cubyz:cactus/upper/0'
[debug]: Registered blueprint: 'cubyz:mushroom/big/bolete/cap/2'
[info]: Migrating block cubyz:basalt -> cubyz:basalt/smooth
[debug]: Registered blueprint: 'cubyz:phantasmal/auroras/high/5'
[info]: Migrating block cubyz:pyrolite/base -> cubyz:pyrolite/rough
[debug]: Registered blueprint: 'cubyz:cave/mantle/lava_pool/3'
[debug]: Registered blueprint: 'cubyz:tree/oak/old_growth/top/0'
[debug]: Registered blueprint: 'cubyz:tree/cirrus/canopy/1'
[info]: Migrating block cubyz:basalt -> cubyz:basalt/smooth
[debug]: Registered blueprint: 'cubyz:phantasmal/auroras/high/2'
[debug]: Registered blueprint: 'cubyz:tree/oak/base/3'
[info]: Migrating block cubyz:pine_branch -> cubyz:branch/pine
[debug]: Registered blueprint: 'cubyz:tree/coniferous/roots/alone/3'
[info]: Migrating block cubyz:pine_needles -> cubyz:leaves/pine
[debug]: Registered blueprint: 'cubyz:tree/coniferous/tip/4/1'
[info]: Migrating block cubyz:birch_branch -> cubyz:branch/birch
[debug]: Registered blueprint: 'cubyz:tree/birch/branch/2'
[debug]: Registered blueprint: 'cubyz:phantasmal/base/large/0'
[info]: Migrating block cubyz:birch_branch -> cubyz:branch/birch
[debug]: Registered blueprint: 'cubyz:tree/birch/root/3'
[info]: Migrating block cubyz:pine_needles -> cubyz:leaves/pine
[info]: Migrating block cubyz:pine_branch -> cubyz:branch/pine
[debug]: Registered blueprint: 'cubyz:tree/coniferous/branch/lushy/5/0'
[info]: Migrating block cubyz:mahogany_leaves -> cubyz:leaves/mahogany
[info]: Migrating block cubyz:mahogany_branch -> cubyz:branch/mahogany
[debug]: Registered blueprint: 'cubyz:tree/mahogany/khaya_ivorensis/medium/2'
[debug]: Registered blueprint: 'cubyz:phantasmal/base/small/1'
[debug]: Registered blueprint: 'cubyz:phantasmal/pillar/offshoot/7'
[info]: Migrating block cubyz:sandstone -> cubyz:sandstone/rough
[debug]: Registered blueprint: 'cubyz:rock/hoodoo/small/0'
[debug]: Registered blueprint: 'cubyz:mushroom/big/glimmergill/base/1'
[debug]: Registered blueprint: 'cubyz:tree/oak/old_growth/branch/3'
[info]: Migrating block cubyz:candy_cane/block -> cubyz:candy_cane_block
[debug]: Registered blueprint: 'cubyz:candy_cane/large/stem/9'
[debug]: Registered blueprint: 'cubyz:tree/palm/coconut/trunk/straight/6a'
[info]: Migrating block cubyz:toadstool_branch -> cubyz:branch/toadstool
[debug]: Registered blueprint: 'cubyz:mushroom/big/toadstool/large_cap/3'
[debug]: Registered blueprint: 'cubyz:tree/cirrus/vine/3'
[debug]: Registered blueprint: 'cubyz:mushroom/small/bolete/variant/6'
[debug]: Registered blueprint: 'cubyz:ruins/slate/circle/base/0'
[debug]: Registered blueprint: 'cubyz:tree/oak/old_growth/branch/2'
[info]: Migrating block cubyz:basalt/base -> cubyz:basalt/smooth
[debug]: Registered blueprint: 'cubyz:rare/triclops_statue/base/2'
[info]: Migrating block cubyz:basalt -> cubyz:basalt/smooth
[debug]: Registered blueprint: 'cubyz:phantasmal/bubble/5'
[info]: Migrating block cubyz:pine_branch -> cubyz:branch/pine
[info]: Migrating block cubyz:pine_needles -> cubyz:leaves/pine
[debug]: Registered blueprint: 'cubyz:tree/coniferous/branch/normal/6/0'
[info]: Migrating block cubyz:pyrolite/base -> cubyz:pyrolite/rough
[debug]: Registered blueprint: 'cubyz:cave/mantle/lava_pool/2'
[debug]: Registered structure building block: 'cubyz:tree/baobab/grandidieri/roots'
[debug]: Registered structure building block: 'cubyz:tree/mahogany/sapele/large'
[debug]: Registered structure building block: 'cubyz:rare/triclops_statue/root/extension3'
[debug]: Registered structure building block: 'cubyz:tree/cirrus/rings/bottom'
[debug]: Registered structure building block: 'cubyz:rare/triclops_statue/root/base'
[debug]: Registered structure building block: 'cubyz:tree/mahogany/sapele/large/branch/green'
[debug]: Registered structure building block: 'cubyz:phantasmal/auroras/high'
[debug]: Registered structure building block: 'cubyz:rare/mushroom_pole/top'
[debug]: Registered structure building block: 'cubyz:candy_cane/thin/big'
[debug]: Registered structure building block: 'cubyz:tree/coniferous/pine/loblolly/branches/lushy/2_top'
[debug]: Registered structure building block: 'cubyz:tree/oak/white/leaf'
[debug]: Registered structure building block: 'cubyz:tree/oak/young'
[debug]: Registered structure building block: 'cubyz:tree/oak/white'
[debug]: Registered structure building block: 'cubyz:cactus/saguaro'
[debug]: Registered structure building block: 'cubyz:candy_cane/thick'
[debug]: Registered structure building block: 'cubyz:rare/mushroom_pole/root'
[debug]: Registered structure building block: 'cubyz:phantasmal/pillar/medium/medium'
[debug]: Registered structure building block: 'cubyz:tree/oak/old_growth/root'
[debug]: Registered structure building block: 'cubyz:phantasmal/pillar/small/small'
[debug]: Registered structure building block: 'cubyz:tree/cirrus/rings/middle'
[debug]: Registered structure building block: 'cubyz:mushroom/side/bolete'
[debug]: Registered structure building block: 'cubyz:tree/baobab/grandidieri/branch'
[debug]: Registered structure building block: 'cubyz:tree/mahogany/sapele/ancient/extender_tall'
[debug]: Registered structure building block: 'cubyz:tree/coniferous/pine/eastern_white/branches/normal/4_top'
[debug]: Registered structure building block: 'cubyz:tree/curl/curl'
[debug]: Registered structure building block: 'cubyz:candy_cane/large'
[debug]: Registered structure building block: 'cubyz:tree/oak/young/canopy'
[debug]: Registered structure building block: 'cubyz:tree/tuften/tuft_canopy'
[debug]: Registered structure building block: 'cubyz:ruins/slate/circle/rock'
[debug]: Registered structure building block: 'cubyz:deco/birch_leaf'
[debug]: Registered structure building block: 'cubyz:tree/oak/old_growth'
[debug]: Registered structure building block: 'cubyz:phantasmal/pillar/offshoot/offshoot'
[debug]: Registered structure building block: 'cubyz:tree/coniferous/pine/loblolly/2_branched_trunk'
[debug]: Registered structure building block: 'cubyz:mushroom/big/toadstool/branch/green'
[debug]: Registered structure building block: 'cubyz:rare/triclops_statue/head'
[debug]: Registered structure building block: 'cubyz:rock/hoodoo/large'
[debug]: Registered structure building block: 'cubyz:phantasmal/phantasmal_pillars'
[debug]: Registered structure building block: 'cubyz:candy_cane/thin/top/big'
[debug]: Registered structure building block: 'cubyz:cave/lava_spout'
[debug]: Registered structure building block: 'cubyz:cave/mantle/ruins'
[debug]: Registered structure building block: 'cubyz:tree/birch/silver/1'
[debug]: Registered structure building block: 'cubyz:mushroom/big/bolete'
[debug]: Registered structure building block: 'cubyz:rare/triclops_statue/lights'
[debug]: Registered structure building block: 'cubyz:tree/birch/silver/mixed_branch'
[debug]: Registered structure building block: 'cubyz:cave/mantle/lava_pool'
[debug]: Registered structure building block: 'cubyz:tree/coniferous/pine/eastern_white/branches/normal/2_middle'
[debug]: Registered structure building block: 'cubyz:tears/tears'
[debug]: Registered structure building block: 'cubyz:tree/oak/old_growth/small_branch'
[debug]: Registered structure building block: 'cubyz:mushroom/big/toadstool/branch/blue'
[debug]: Registered structure building block: 'cubyz:mushroom/big/toadstool/branch/red'
[debug]: Registered structure building block: 'cubyz:mushroom/big/glimmergill/cap'
[debug]: Registered structure building block: 'cubyz:tree/cirrus/trunk'
[debug]: Registered structure building block: 'cubyz:deco/side_dense'
[debug]: Registered structure building block: 'cubyz:ruins/slate/circle'
[debug]: Registered structure building block: 'cubyz:tree/curl'
[debug]: Registered structure building block: 'cubyz:tree/mahogany/sapele/medium'
[debug]: Registered structure building block: 'cubyz:ruins/slate/circle/treasure_spacer'
[debug]: Registered structure building block: 'cubyz:tree/baobab/young/leaves/side'
[debug]: Registered structure building block: 'cubyz:tree/coniferous/tree_roots'
[debug]: Registered structure building block: 'cubyz:cactus/flower'
[debug]: Registered structure building block: 'cubyz:tree/birch/silver/small_branch'
[debug]: Registered structure building block: 'cubyz:cactus/young'
[debug]: Registered structure building block: 'cubyz:tree/cirrus/vine'
[debug]: Registered structure building block: 'cubyz:tree/mahogany/deco'
[debug]: Registered structure building block: 'cubyz:meteorite/base'
[debug]: Registered structure building block: 'cubyz:tree/oak/old_growth/top'
[debug]: Registered structure building block: 'cubyz:tree/baobab/grandidieri/leaves'
[debug]: Registered structure building block: 'cubyz:cactus/saguaro_upper'
[debug]: Registered structure building block: 'cubyz:candy_cane/thick/top'
[debug]: Registered structure building block: 'cubyz:tree/coniferous/pine/eastern_white/branches/normal/1_bottom_middle'
[debug]: Registered structure building block: 'cubyz:tree/coniferous/pine/eastern_white/3_tip'
[debug]: Registered structure building block: 'cubyz:tree/mahogany/khaya_ivorensis/small'
[debug]: Registered structure building block: 'cubyz:tree/oak/young/trunk'
[debug]: Registered structure building block: 'cubyz:tree/coniferous/pine/loblolly'
[debug]: Registered structure building block: 'cubyz:rare/snow_snale'
[debug]: Registered structure building block: 'cubyz:tree/baobab/grandidieri'
[debug]: Registered structure building block: 'cubyz:phantasmal/bubble/bubble'
[debug]: Registered structure building block: 'cubyz:tree/cirrus/base'
[debug]: Registered structure building block: 'cubyz:tree/coniferous/pine/loblolly/3_tip'
[debug]: Registered structure building block: 'cubyz:tree/coniferous/pine/eastern_white/2_branched_trunk'
[debug]: Registered structure building block: 'cubyz:tree/mahogany/sapele/ancient_short'
[debug]: Registered structure building block: 'cubyz:tree/palm/coconut/fronds'
[debug]: Registered structure building block: 'cubyz:tree/mahogany/sapele/small'
[debug]: Registered structure building block: 'cubyz:tree/palm/coconut'
[debug]: Registered structure building block: 'cubyz:tree/mahogany/sapele/ancient/extender_short'
[debug]: Registered structure building block: 'cubyz:rare/mushroom_pole/pole'
[debug]: Registered structure building block: 'cubyz:tree/mahogany/sapele/large/top'
[debug]: Registered structure building block: 'cubyz:rare/mushroom_pole/spacer/optional'
[debug]: Registered structure building block: 'cubyz:phantasmal/pillar/top/top'
[debug]: Registered structure building block: 'cubyz:tree/oak/white/stub'
[debug]: Registered structure building block: 'cubyz:candy_cane/thin/top/small'
[debug]: Registered structure building block: 'cubyz:tree/birch/silver/stub'
[debug]: Registered structure building block: 'cubyz:tree/mahogany/sapele/ancient/top'
[debug]: Registered structure building block: 'cubyz:mushroom/big/toadstool/small_cap'
[debug]: Registered structure building block: 'cubyz:tree/coniferous/pine/eastern_white/branches/normal/0_bottom'
[debug]: Registered structure building block: 'cubyz:rare/mushroom_pole/spacer'
[debug]: Registered structure building block: 'cubyz:phantasmal/star/stars'
[debug]: Registered structure building block: 'cubyz:tree/coniferous/pine/eastern_white/branches/normal/3_middle_top'
[debug]: Registered structure building block: 'cubyz:tree/tuften/tuft_tree'
[debug]: Registered structure building block: 'cubyz:deco/side'
[debug]: Registered structure building block: 'cubyz:rock/hoodoo/small_medium'
[debug]: Registered structure building block: 'cubyz:tree/birch/silver/2'
[debug]: Registered structure building block: 'cubyz:tree/baobab/young'
[debug]: Registered structure building block: 'cubyz:mushroom/small/bolete'
[debug]: Registered structure building block: 'cubyz:mushroom/big/toadstool/large_cap'
[debug]: Registered structure building block: 'cubyz:tree/oak/white/trunk'
[debug]: Registered structure building block: 'cubyz:phantasmal/pillar/large/large'
[debug]: Registered structure building block: 'cubyz:tree/baobab/young/leaves/top'
[debug]: Registered structure building block: 'cubyz:tree/mahogany/khaya_ivorensis/medium'
[debug]: Registered structure building block: 'cubyz:tree/coniferous/pine/loblolly/1_branchless_trunk'
[debug]: Registered structure building block: 'cubyz:tree/cirrus/upper_trunk'
[debug]: Registered structure building block: 'cubyz:tree/coniferous/standalone_roots'
[debug]: Registered structure building block: 'cubyz:candy_cane/large/top'
[debug]: Registered structure building block: 'cubyz:tree/coniferous/pine/young_tree'
[debug]: Registered structure building block: 'cubyz:tree/oak/white/root'
[debug]: Registered structure building block: 'cubyz:tree/oak/white/branch'
[debug]: Registered structure building block: 'cubyz:tree/mahogany/sapele/large/branch/blue'
[debug]: Registered structure building block: 'cubyz:mushroom/big/glimmergill'
[debug]: Registered structure building block: 'cubyz:mushroom/big/bolete/cap'
[debug]: Registered structure building block: 'cubyz:tree/mahogany/sapele/ancient_tall'
[debug]: Registered structure building block: 'cubyz:tree/oak/young/branch'
[debug]: Registered structure building block: 'cubyz:tree/birch/silver/branch'
[debug]: Registered structure building block: 'cubyz:tree/cirrus/rings/top'
[debug]: Registered structure building block: 'cubyz:tree/mahogany/sapele/ancient/top_double'
[debug]: Registered structure building block: 'cubyz:ruins/slate/circle/treasure'
[debug]: Registered structure building block: 'cubyz:rare/triclops_statue/structure'
[debug]: Registered structure building block: 'cubyz:mushroom/small/toadstool'
[debug]: Registered structure building block: 'cubyz:tree/coniferous/pine/eastern_white'
[debug]: Registered structure building block: 'cubyz:candy_cane/thin/small'
[debug]: Registered structure building block: 'cubyz:tree/tuften/young_tuft_canopy'
[debug]: Registered structure building block: 'cubyz:rare/mushroom_pole/base'
[debug]: Registered structure building block: 'cubyz:tree/tuften/young_tuft_tree'
[debug]: Registered structure building block: 'cubyz:tree/birch/silver/leaf'
[debug]: Registered structure building block: 'cubyz:rare/triclops_statue/root/extension2'
[debug]: Registered structure building block: 'cubyz:starlit/star'
[debug]: Registered structure building block: 'cubyz:tree/oak/old_growth/deco'
[debug]: Registered structure building block: 'cubyz:tree/mahogany/sapele/ancient/branch'
[debug]: Registered structure building block: 'cubyz:meteorite/rock'
[debug]: Registered structure building block: 'cubyz:tree/mahogany/sapele/large/branch/red'
[debug]: Registered structure building block: 'cubyz:mushroom/small/glimmergill'
[debug]: Registered structure building block: 'cubyz:tree/oak/old_growth/branch'
[debug]: Registered structure building block: 'cubyz:tree/coniferous/pine/loblolly/branches/lushy/1_middle'
[debug]: Registered structure building block: 'cubyz:tree/oak/old_growth/branch_extender'
[debug]: Registered structure building block: 'cubyz:mushroom/big/toadstool'
[debug]: Registered structure building block: 'cubyz:tree/coniferous/pine/loblolly/branches/lushy/0_bottom'
[debug]: Registered structure building block: 'cubyz:tree/birch/silver/root'
[debug]: Registered structure building block: 'cubyz:phantasmal/auroras/low'
[debug]: Registered structure building block: 'cubyz:cactus/arms'
[debug]: Registered structure building block: 'cubyz:tree/birch/silver/top'
[debug]: Registered structure building block: 'cubyz:rare/triclops_statue/root/extension1'
[debug]: Registered structure building block: 'cubyz:tree/coniferous/pine/eastern_white/1_branchless_trunk'
[debug]: Registered structure table: 'cubyz:meteorite'
[debug]: Registered structure table: 'cubyz:wood/oak'
[debug]: Registered structure table: 'cubyz:snowy'
[debug]: Registered structure table: 'cubyz:rare'
[debug]: Registered particle type: cubyz:poof
[debug]: Registered particle type: cubyz:flame
[debug]: Registered surface biome:     0 'cubyz:volcano/slope3'
[debug]: Registered surface biome:     1 'cubyz:prairie/dry_spell/base'
[debug]: Registered surface biome:     2 'cubyz:tall_mountain/slope5'
[debug]: Registered surface biome:     3 'cubyz:tundra/snowy/base'
[debug]: Registered surface biome:     4 'cubyz:ocean/warm/island/shelf'
[debug]: Registered    cave biome:     5 'cubyz:cave/mushroom/big/glimmergill'
[debug]: Registered surface biome:     6 'cubyz:plateau/temperate'
[debug]: Registered surface biome:     7 'cubyz:prairie/hill'
[debug]: Registered surface biome:     8 'cubyz:highlands/thicket'
[debug]: Registered surface biome:     9 'cubyz:decorative/stone_pit'
[debug]: Registered surface biome:    10 'cubyz:ocean/cold/island/base'
[debug]: Registered    cave biome:    11 'cubyz:cave/mantle/lower/base'
[debug]: Registered surface biome:    12 'cubyz:ocean/warm/archipelago'
[debug]: Registered surface biome:    13 'cubyz:tundra/patchy'
[debug]: Registered surface biome:    14 'cubyz:forest/thin_birch'
[debug]: Registered surface biome:    15 'cubyz:rare/rainbow_forest'
[debug]: Registered surface biome:    16 'cubyz:volcano/base'
[debug]: Registered surface biome:    17 'cubyz:hills/temperate'
[debug]: Registered surface biome:    18 'cubyz:jungle/ancient'
[debug]: Registered surface biome:    19 'cubyz:ocean/cold/island/shelf'
[debug]: Registered surface biome:    20 'cubyz:forest/mixed/oak_pine'
[debug]: Registered surface biome:    21 'cubyz:tall_mountain/slope3'
[debug]: Registered surface biome:    22 'cubyz:forest/palm/thicket'
[debug]: Registered surface biome:    23 'cubyz:forest/palm/base'
[debug]: Registered surface biome:    24 'cubyz:hills/huge/cold'
[debug]: Registered surface biome:    25 'cubyz:volcano/peak'
[debug]: Registered surface biome:    26 'cubyz:ocean/temperate/base'
[debug]: Registered    cave biome:    27 'cubyz:cave/mushroom/big/toadstool'
[debug]: Registered surface biome:    28 'cubyz:bush_lands'
[debug]: Registered surface biome:    29 'cubyz:forest/lush/base'
[debug]: Registered surface biome:    30 'cubyz:jungle/mossy_rock'
[debug]: Registered surface biome:    31 'cubyz:prairie/dry_spell/dead'
[debug]: Registered    cave biome:    32 'cubyz:cave/stone_forest'
[debug]: Registered surface biome:    33 'cubyz:ocean/temperate/archipelago'
[debug]: Registered surface biome:    34 'cubyz:rare/knitted/funny_pit'
[debug]: Registered surface biome:    35 'cubyz:tall_mountain/base'
[debug]: Registered surface biome:    36 'cubyz:limestone_mountains/base'
[debug]: Registered surface biome:    37 'cubyz:swamp/base'
[debug]: Registered    cave biome:    38 'cubyz:cave/rare/phantasmal'
[debug]: Registered    cave biome:    39 'cubyz:cave/ice_cave'
[debug]: Registered surface biome:    40 'cubyz:plateau/stacked/cold'
[debug]: Registered surface biome:    41 'cubyz:mountains'
[debug]: Registered    cave biome:    42 'cubyz:cave/mushroom/big/bolete'
[debug]: Registered surface biome:    43 'cubyz:prairie/limestone_pit/base'
[debug]: Registered surface biome:    44 'cubyz:rare/tuften/fields'
[debug]: Registered surface biome:    45 'cubyz:jungle/sparse'
[debug]: Registered surface biome:    46 'cubyz:tall_mountain/summit2'
[debug]: Registered surface biome:    47 'cubyz:tundra/snowy/pit'
[debug]: Registered surface biome:    48 'cubyz:savannah/base'
[debug]: Registered    cave biome:    49 'cubyz:cave/mantle/ash'
[debug]: Registered    cave biome:    50 'cubyz:cave/basalt'
[debug]: Registered surface biome:    51 'cubyz:volcano/slope2'
[debug]: Registered surface biome:    52 'cubyz:forest/bluebell_woods'
[debug]: Registered surface biome:    53 'cubyz:desert/hoodoos/pit'
[debug]: Registered    cave biome:    54 'cubyz:cave/mantle/lava_pool'
[debug]: Registered surface biome:    55 'cubyz:plateau/cold'
[debug]: Registered surface biome:    56 'cubyz:tall_mountain/slope2'
[debug]: Registered surface biome:    57 'cubyz:rare/knitted/forest'
[debug]: Registered surface biome:    58 'cubyz:ocean/warm/base'
[debug]: Registered surface biome:    59 'cubyz:tall_mountain/slope4'
[debug]: Registered surface biome:    60 'cubyz:tall_mountain/slope8'
[debug]: Registered surface biome:    61 'cubyz:swamp/clearing'
[debug]: Registered surface biome:    62 'cubyz:beach/warm/wide'
[debug]: Registered surface biome:    63 'cubyz:rare/crimson_wasteland/black_pit'
[debug]: Registered surface biome:    64 'cubyz:hills/cold'
[debug]: Registered surface biome:    65 'cubyz:forest/lush/thicket'
[debug]: Registered    cave biome:    66 'cubyz:cave/slate/wide'
[debug]: Registered surface biome:    67 'cubyz:forest/chopped'
[debug]: Registered surface biome:    68 'cubyz:autumn/mixed_forest'
[debug]: Registered    cave biome:    69 'cubyz:cave/void/void_roots'
[debug]: Registered surface biome:    70 'cubyz:rare/knitted/mountain'
[debug]: Registered surface biome:    71 'cubyz:tall_mountain/slope7'
[debug]: Registered surface biome:    72 'cubyz:hills/large/cold'
[debug]: Registered surface biome:    73 'cubyz:savannah/elevated'
[debug]: Registered surface biome:    74 'cubyz:ocean/cold/archipelago'
[debug]: Registered surface biome:    75 'cubyz:glacier'
[debug]: Registered surface biome:    76 'cubyz:tall_mountain/summit3'
[debug]: Registered    cave biome:    77 'cubyz:cave/mushroom/glimmergill'
[debug]: Registered    cave biome:    78 'cubyz:cave/mushroom/toadstool_bolete'
[debug]: Registered    cave biome:    79 'cubyz:cave/void/rare/phantasmal/streamer'
[debug]: Registered surface biome:    80 'cubyz:beach/cold/base'
[debug]: Registered surface biome:    81 'cubyz:taiga/cold'
[debug]: Registered surface biome:    82 'cubyz:savannah/grassy'
[debug]: Registered surface biome:    83 'cubyz:tundra/base'
[debug]: Registered    cave biome:    84 'cubyz:cave/sky_islands/base'
[debug]: Registered    cave biome:    85 'cubyz:cave/void/void'
[debug]: Registered surface biome:    86 'cubyz:rare/winter_wonderland/forest'
[debug]: Registered surface biome:    87 'cubyz:wetlands/base'
[debug]: Registered surface biome:    88 'cubyz:forest/birch'
[debug]: Registered    cave biome:    89 'cubyz:cave/slate/low'
[debug]: Registered    cave biome:    90 'cubyz:cave/void/void_crystal'
[debug]: Registered surface biome:    91 'cubyz:volcano/slope1'
[debug]: Registered surface biome:    92 'cubyz:bog/base'
[debug]: Registered surface biome:    93 'cubyz:highlands/rock'
[debug]: Registered surface biome:    94 'cubyz:desert/hoodoos/base'
[debug]: Registered surface biome:    95 'cubyz:desert/base'
[debug]: Registered surface biome:    96 'cubyz:swamp/pond'
[debug]: Registered    cave biome:    97 'cubyz:cave/marble_cave'
[debug]: Registered surface biome:    98 'cubyz:ocean/cold/base'
[debug]: Registered surface biome:    99 'cubyz:rare/modern_art'
[debug]: Registered surface biome:   100 'cubyz:snowcapped_hill/snowcapped_rock'
[debug]: Registered surface biome:   101 'cubyz:forest/mixed/oak_birch'
[debug]: Registered surface biome:   102 'cubyz:peak'
[debug]: Registered    cave biome:   103 'cubyz:cave/rare/crying_cave'
[debug]: Registered surface biome:   104 'cubyz:development/flat'
[debug]: Registered surface biome:   105 'cubyz:beach/cold/wide'
[debug]: Registered    cave biome:   106 'cubyz:cave/lava_cave'
[debug]: Registered surface biome:   107 'cubyz:tall_mountain/slope1'
[debug]: Registered    cave biome:   108 'cubyz:cave/mantle/crystal'
[debug]: Registered surface biome:   109 'cubyz:rare/winter_wonderland/icicles'
[debug]: Registered surface biome:   110 'cubyz:savannah/butte'
[debug]: Registered    cave biome:   111 'cubyz:cave/slate/base'
[debug]: Registered    cave biome:   112 'cubyz:cave/mantle/lava'
[debug]: Registered    cave biome:   113 'cubyz:cave/stalagmite_cave'
[debug]: Registered surface biome:   114 'cubyz:rare/glass_forest'
[debug]: Registered    cave biome:   115 'cubyz:cave/crystal'
[debug]: Registered surface biome:   116 'cubyz:rare/winter_wonderland/base'
[debug]: Registered surface biome:   117 'cubyz:hills/large/temperate'
[debug]: Registered surface biome:   118 'cubyz:rare/spawn'
[debug]: Registered    cave biome:   119 'cubyz:cave/sky'
[debug]: Registered surface biome:   120 'cubyz:prairie/base'
[debug]: Registered surface biome:   121 'cubyz:forest/palm/raised'
[debug]: Registered surface biome:   122 'cubyz:snowcapped_hill/base'
[debug]: Registered surface biome:   123 'cubyz:jungle/base'
[debug]: Registered surface biome:   124 'cubyz:volcano/slope4'
[debug]: Registered    cave biome:   125 'cubyz:cave/crystal_forest'
[debug]: Registered    cave biome:   126 'cubyz:cave/dropoff'
[debug]: Registered surface biome:   127 'cubyz:ocean/warm/island/base'
[debug]: Registered surface biome:   128 'cubyz:volcano/slope6'
[debug]: Registered surface biome:   129 'cubyz:thicket'
[debug]: Registered surface biome:   130 'cubyz:ocean/temperate/island/shelf'
[debug]: Registered surface biome:   131 'cubyz:ocean/temperate/island/base'
[debug]: Registered surface biome:   132 'cubyz:taiga/base'
[debug]: Registered surface biome:   133 'cubyz:ocean/temperate/shelf'
[debug]: Registered    cave biome:   134 'cubyz:cave/curl_forest'
[debug]: Registered surface biome:   135 'cubyz:hills/huge/temperate'
[debug]: Registered surface biome:   136 'cubyz:savannah/baobab_shrublands'
[debug]: Registered surface biome:   137 'cubyz:highlands/base'
[debug]: Registered    cave biome:   138 'cubyz:cave/void/void_cavern'
[debug]: Registered surface biome:   139 'cubyz:plateau/stacked/temperate'
[debug]: Registered surface biome:   140 'cubyz:rare/crimson_wasteland/magma_rock'
[debug]: Registered surface biome:   141 'cubyz:desert/oasis/pond'
[debug]: Registered    cave biome:   142 'cubyz:cave/void/rare/phantasmal/starlight'
[debug]: Registered surface biome:   143 'cubyz:ocean/cold/shelf'
[debug]: Registered surface biome:   144 'cubyz:decorative/stone_rock'
[debug]: Registered surface biome:   145 'cubyz:ferrock_mountains'
[debug]: Registered surface biome:   146 'cubyz:desert/hoodoos/mound'
[debug]: Registered    cave biome:   147 'cubyz:cave/mantle/chasm'
[debug]: Registered surface biome:   148 'cubyz:volcano/slope5'
[debug]: Registered surface biome:   149 'cubyz:autumn/forest'
[debug]: Registered surface biome:   150 'cubyz:bush_mountains'
[debug]: Registered surface biome:   151 'cubyz:beach/warm/base'
[debug]: Registered surface biome:   152 'cubyz:desert/oasis/base'
[debug]: Registered surface biome:   153 'cubyz:rare/phantasmal_archipelago'
[debug]: Registered    cave biome:   154 'cubyz:cave/sky_islands/gap'
[debug]: Registered surface biome:   155 'cubyz:rocky_grassland'
[debug]: Registered    cave biome:   156 'cubyz:cave/starlit'
[debug]: Registered surface biome:   157 'cubyz:tundra/snowy/rock'
[debug]: Registered surface biome:   158 'cubyz:forest/mixed/oak_pine_clearing'
[debug]: Registered surface biome:   159 'cubyz:wetlands/willows'
[debug]: Registered surface biome:   160 'cubyz:bog/pond'
[debug]: Registered surface biome:   161 'cubyz:forest/mixed/oak_birch_clearing'
[debug]: Registered surface biome:   162 'cubyz:grassland'
[debug]: Registered surface biome:   163 'cubyz:autumn/dead_forest'
[debug]: Registered surface biome:   164 'cubyz:rare/crimson_wasteland/base'
[debug]: Registered surface biome:   165 'cubyz:tall_mountain/summit1'
[debug]: Registered surface biome:   166 'cubyz:tall_mountain/slope6'
[debug]: Registered cave layers:
[debug]: cubyz:void_roots: -60150 to -50300
[debug]: cubyz:void_root_transition: -50300 to -50150
[debug]: cubyz:void: -50150 to -48650
[debug]: cubyz:dropoff: -48650 to -48400
[debug]: cubyz:post_mantle: -48400 to -20300
[debug]: cubyz:lower_mantle: -20300 to -20000
[debug]: cubyz:mantle: -20000 to -15000
[debug]: cubyz:caves: -15000 to -250
[debug]: cubyz:surface_caves: -250 to 0
[debug]: cubyz:sky: 0 to 7000
[debug]: cubyz:sky_island_fog: 7000 to 10000
[debug]: cubyz:sky_islands: 10000 to 20000
[info]: Finished world assets reading with 411 blocks, 10 items, 6 procedural items, 167 biomes, 12 cave layers, 4 structure tables, 5 recipes, 151 structure building blocks, 645 blueprints, 2 particles, 0 world presets, block models 31, and 0 block model ZONs
[info]: Finding spawn position...
[info]: Trying roughly (1152, 5056)
[info]: Trying (1144, 5043)
[info]: Biomes have changed. Regenerating LODs... (this might take some time)
[info]: Finished LOD update.
[warning]: The server is lagging behind by 628.0 ms
[warning]: Update time is getting too high. It's already at 0.6780004 s!
[info]: User #d1f1ff***x***#8cc2e9***d***#5192d5***o***#2660bd***k***#2056b7***u***#192c9c***x*** joined using version 0.3.0-dev
[chat]: #d1f1ff***x***#8cc2e9***d***#5192d5***o***#2660bd***k***#2056b7***u***#192c9c***x***§#ffff00 joined
[warning]: The server is lagging behind by 0.1 ms
[info]: Received assets.
[debug]: Creating Texture Array of size 16×16 with 696 layers.
[debug]: Creating Texture Array of size 16×16 with 696 layers.
[debug]: Creating Texture Array of size 16×16 with 696 layers.
[debug]: Creating Texture Array of size 8×8 with 11 layers.
[debug]: Creating Texture Array of size 8×8 with 11 layers.
[warning]: Experienced time travel. Current time: 12584 Last time: 13463
[server]: User "#d1f1ff***x***#8cc2e9***d***#5192d5***o***#2660bd***k***#2056b7***u***#192c9c***x***@0§#ffffff" executed command "time day"
[info]: Framebuffer: 1280, 720
[info]: Framebuffer: 1920, 1020
[info]: irisbridge: 13 option override(s) from shaderpacks/superDuperVanilla.options.txt
[error]: OpenGL Shader Compiler error: 0:13(4): error: no matching function for call to `texture(sampler2D, vec2)'; candidates are:
[error]: OpenGL Shader Compiler error: 0:13(4): error:    vec4 texture(sampler2DArray, vec2)
[error]: OpenGL Shader Compiler error: 0:13(4): error:    vec4 texture(sampler1D, float)
[error]: OpenGL Shader Compiler error: 0:13(4): error:    ivec4 texture(isampler1D, float)
[error]: OpenGL Shader Compiler error: 0:13(4): error:    uvec4 texture(usampler1D, float)
[error]: OpenGL Shader Compiler error: 0:13(4): error:    vec4 texture(sampler2D, vec2)
[error]: OpenGL Shader Compiler error: 0:13(4): error:    ivec4 texture(isampler2D, vec2)
[error]: OpenGL Shader Compiler error: 0:13(4): error:    uvec4 texture(usampler2D, vec2)
[error]: OpenGL Shader Compiler error: 0:13(4): error:    vec4 texture(sampler3D, vec3)
[error]: OpenGL Shader Compiler error: 0:13(4): error:    ivec4 texture(isampler3D, vec3)
[error]: OpenGL Shader Compiler error: 0:13(4): error:    uvec4 texture(usampler3D, vec3)
[error]: OpenGL Shader Compiler error: 0:13(4): error:    vec4 texture(samplerCube, vec3)
[error]: OpenGL Shader Compiler error: 0:13(4): error:    ivec4 texture(isamplerCube, vec3)
[error]: OpenGL Shader Compiler error: 0:13(4): error:    uvec4 texture(usamplerCube, vec3)
[error]: OpenGL Shader Compiler error: 0:13(4): error:    float texture(sampler1DShadow, vec3)
[error]: OpenGL Shader Compiler error: 0:13(4): error:    float texture(sampler2DShadow, vec3)
[error]: OpenGL Shader Compiler error: 0:13(4): error:    float texture(samplerCubeShadow, vec4)
[error]: OpenGL Shader Compiler error: 0:13(4): error:    vec4 texture(sampler1DArray, vec2)
[error]: OpenGL Shader Compiler error: 0:13(4): error:    ivec4 texture(isampler1DArray, vec2)
[error]: OpenGL Shader Compiler error: 0:13(4): error:    uvec4 texture(usampler1DArray, vec2)
[error]: OpenGL Shader Compiler error: 0:13(4): error:    vec4 texture(sampler2DArray, vec3)
[error]: OpenGL Shader Compiler error: 0:13(4): error:    ivec4 texture(isampler2DArray, vec3)
[error]: OpenGL Shader Compiler error: 0:13(4): error:    uvec4 texture(usampler2DArray, vec3)
[error]: OpenGL Shader Compiler error: 0:13(4): error:    vec4 texture(samplerCubeArray, vec4)
[error]: OpenGL Shader Compiler error: 0:13(4): error:    ivec4 texture(isamplerCubeArray, vec4)
[error]: OpenGL Shader Compiler error: 0:13(4): error:    uvec4 texture(usamplerCubeArray, vec4)
[error]: OpenGL Shader Compiler error: 0:13(4): error:    float texture(sampler1DArrayShadow, vec3)
[error]: OpenGL Shader Compiler error: 0:13(4): error:    float texture(sampler2DArrayShadow, vec4)
[error]: OpenGL Shader Compiler error: 0:13(4): error:    float texture(samplerCubeArrayShadow, vec4, float)
[error]: OpenGL Shader Compiler error: 0:13(4): error:    vec4 texture(sampler2DRect, vec2)
[error]: OpenGL Shader Compiler error: 0:13(4): error:    ivec4 texture(isampler2DRect, vec2)
[error]: OpenGL Shader Compiler error: 0:13(4): error:    uvec4 texture(usampler2DRect, vec2)
[error]: OpenGL Shader Compiler error: 0:13(4): error:    float texture(sampler2DRectShadow, vec3)
[error]: OpenGL Shader Compiler error: 0:13(4): error:    vec4 texture(sampler1D, float, float)
[error]: OpenGL Shader Compiler error: 0:13(4): error:    ivec4 texture(isampler1D, float, float)
[error]: OpenGL Shader Compiler error: 0:13(4): error:    uvec4 texture(usampler1D, float, float)
[error]: OpenGL Shader Compiler error: 0:13(4): error:    vec4 texture(sampler2D, vec2, float)
[error]: OpenGL Shader Compiler error: 0:13(4): error:    ivec4 texture(isampler2D, vec2, float)
[error]: OpenGL Shader Compiler error: 0:13(4): error:    uvec4 texture(usampler2D, vec2, float)
[error]: OpenGL Shader Compiler error: 0:13(4): error:    vec4 texture(sampler3D, vec3, float)
[error]: OpenGL Shader Compiler error: 0:13(4): error:    ivec4 texture(isampler3D, vec3, float)
[error]: OpenGL Shader Compiler error: 0:13(4): error:    uvec4 texture(usampler3D, vec3, float)
[error]: OpenGL Shader Compiler error: 0:13(4): error:    vec4 texture(samplerCube, vec3, float)
[error]: OpenGL Shader Compiler error: 0:13(4): error:    ivec4 texture(isamplerCube, vec3, float)
[error]: OpenGL Shader Compiler error: 0:13(4): error:    uvec4 texture(usamplerCube, vec3, float)
[error]: OpenGL Shader Compiler error: 0:13(4): error:    float texture(sampler1DShadow, vec3, float)
[error]: OpenGL Shader Compiler error: 0:13(4): error:    float texture(sampler2DShadow, vec3, float)
[error]: OpenGL Shader Compiler error: 0:13(4): error:    float texture(samplerCubeShadow, vec4, float)
[error]: OpenGL Shader Compiler error: 0:13(4): error:    vec4 texture(sampler1DArray, vec2, float)
[error]: OpenGL Shader Compiler error: 0:13(4): error:    ivec4 texture(isampler1DArray, vec2, float)
[error]: OpenGL Shader Compiler error: 0:13(4): error:    uvec4 texture(usampler1DArray, vec2, float)
[error]: OpenGL Shader Compiler error: 0:13(4): error:    vec4 texture(sampler2DArray, vec3, float)
[error]: OpenGL Shader Compiler error: 0:13(4): error:    ivec4 texture(isampler2DArray, vec3, float)
[error]: OpenGL Shader Compiler error: 0:13(4): error:    uvec4 texture(usampler2DArray, vec3, float)
[error]: OpenGL Shader Compiler error: 0:13(4): error:    vec4 texture(samplerCubeArray, vec4, float)
[error]: OpenGL Shader Compiler error: 0:13(4): error:    ivec4 texture(isamplerCubeArray, vec4, float)
[error]: OpenGL Shader Compiler error: 0:13(4): error:    uvec4 texture(usamplerCubeArray, vec4, float)
[error]: OpenGL Shader Compiler error: 0:13(4): error:    float texture(sampler1DArrayShadow, vec3, float)
[error]: OpenGL Shader Compiler error: 0:12(13): error: operands to arithmetic operators must be numeric
[error]: OpenGL Shader Compiler error: 0:14(4): error: no matching function for call to `texture(sampler2DArray, vec3)'; candidates are:
[error]: OpenGL Shader Compiler error: 0:14(4): error:    vec4 texture(sampler2DArray, vec2)
[error]: OpenGL Shader Compiler error: 0:14(4): error:    vec4 texture(sampler1D, float)
[error]: OpenGL Shader Compiler error: 0:14(4): error:    ivec4 texture(isampler1D, float)
[error]: OpenGL Shader Compiler error: 0:14(4): error:    uvec4 texture(usampler1D, float)
[error]: OpenGL Shader Compiler error: 0:14(4): error:    vec4 texture(sampler2D, vec2)
[error]: OpenGL Shader Compiler error: 0:14(4): error:    ivec4 texture(isampler2D, vec2)
[error]: OpenGL Shader Compiler error: 0:14(4): error:    uvec4 texture(usampler2D, vec2)
[error]: OpenGL Shader Compiler error: 0:14(4): error:    vec4 texture(sampler3D, vec3)
[error]: OpenGL Shader Compiler error: 0:14(4): error:    ivec4 texture(isampler3D, vec3)
[error]: OpenGL Shader Compiler error: 0:14(4): error:    uvec4 texture(usampler3D, vec3)
[error]: OpenGL Shader Compiler error: 0:14(4): error:    vec4 texture(samplerCube, vec3)
[error]: OpenGL Shader Compiler error: 0:14(4): error:    ivec4 texture(isamplerCube, vec3)
[error]: OpenGL Shader Compiler error: 0:14(4): error:    uvec4 texture(usamplerCube, vec3)
[error]: OpenGL Shader Compiler error: 0:14(4): error:    float texture(sampler1DShadow, vec3)
[error]: OpenGL Shader Compiler error: 0:14(4): error:    float texture(sampler2DShadow, vec3)
[error]: OpenGL Shader Compiler error: 0:14(4): error:    float texture(samplerCubeShadow, vec4)
[error]: OpenGL Shader Compiler error: 0:14(4): error:    vec4 texture(sampler1DArray, vec2)
[error]: OpenGL Shader Compiler error: 0:14(4): error:    ivec4 texture(isampler1DArray, vec2)
[error]: OpenGL Shader Compiler error: 0:14(4): error:    uvec4 texture(usampler1DArray, vec2)
[error]: OpenGL Shader Compiler error: 0:14(4): error:    vec4 texture(sampler2DArray, vec3)
[error]: OpenGL Shader Compiler error: 0:14(4): error:    ivec4 texture(isampler2DArray, vec3)
[error]: OpenGL Shader Compiler error: 0:14(4): error:    uvec4 texture(usampler2DArray, vec3)
[error]: OpenGL Shader Compiler error: 0:14(4): error:    vec4 texture(samplerCubeArray, vec4)
[error]: OpenGL Shader Compiler error: 0:14(4): error:    ivec4 texture(isamplerCubeArray, vec4)
[error]: OpenGL Shader Compiler error: 0:14(4): error:    uvec4 texture(usamplerCubeArray, vec4)
[error]: OpenGL Shader Compiler error: 0:14(4): error:    float texture(sampler1DArrayShadow, vec3)
[error]: OpenGL Shader Compiler error: 0:14(4): error:    float texture(sampler2DArrayShadow, vec4)
[error]: OpenGL Shader Compiler error: 0:14(4): error:    float texture(samplerCubeArrayShadow, vec4, float)
[error]: OpenGL Shader Compiler error: 0:14(4): error:    vec4 texture(sampler2DRect, vec2)
[error]: OpenGL Shader Compiler error: 0:14(4): error:    ivec4 texture(isampler2DRect, vec2)
[error]: OpenGL Shader Compiler error: 0:14(4): error:    uvec4 texture(usampler2DRect, vec2)
[error]: OpenGL Shader Compiler error: 0:14(4): error:    float texture(sampler2DRectShadow, vec3)
[error]: OpenGL Shader Compiler error: 0:14(4): error:    vec4 texture(sampler1D, float, float)
[error]: OpenGL Shader Compiler error: 0:14(4): error:    ivec4 texture(isampler1D, float, float)
[error]: OpenGL Shader Compiler error: 0:14(4): error:    uvec4 texture(usampler1D, float, float)
[error]: OpenGL Shader Compiler error: 0:14(4): error:    vec4 texture(sampler2D, vec2, float)
[error]: OpenGL Shader Compiler error: 0:14(4): error:    ivec4 texture(isampler2D, vec2, float)
[error]: OpenGL Shader Compiler error: 0:14(4): error:    uvec4 texture(usampler2D, vec2, float)
[error]: OpenGL Shader Compiler error: 0:14(4): error:    vec4 texture(sampler3D, vec3, float)
[error]: OpenGL Shader Compiler error: 0:14(4): error:    ivec4 texture(isampler3D, vec3, float)
[error]: OpenGL Shader Compiler error: 0:14(4): error:    uvec4 texture(usampler3D, vec3, float)
[error]: OpenGL Shader Compiler error: 0:14(4): error:    vec4 texture(samplerCube, vec3, float)
[error]: OpenGL Shader Compiler error: 0:14(4): error:    ivec4 texture(isamplerCube, vec3, float)
[error]: OpenGL Shader Compiler error: 0:14(4): error:    uvec4 texture(usamplerCube, vec3, float)
[error]: OpenGL Shader Compiler error: 0:14(4): error:    float texture(sampler1DShadow, vec3, float)
[error]: OpenGL Shader Compiler error: 0:14(4): error:    float texture(sampler2DShadow, vec3, float)
[error]: OpenGL Shader Compiler error: 0:14(4): error:    float texture(samplerCubeShadow, vec4, float)
[error]: OpenGL Shader Compiler error: 0:14(4): error:    vec4 texture(sampler1DArray, vec2, float)
[error]: OpenGL Shader Compiler error: 0:14(4): error:    ivec4 texture(isampler1DArray, vec2, float)
[error]: OpenGL Shader Compiler error: 0:14(4): error:    uvec4 texture(usampler1DArray, vec2, float)
[error]: OpenGL Shader Compiler error: 0:14(4): error:    vec4 texture(sampler2DArray, vec3, float)
[error]: OpenGL Shader Compiler error: 0:14(4): error:    ivec4 texture(isampler2DArray, vec3, float)
[error]: OpenGL Shader Compiler error: 0:14(4): error:    uvec4 texture(usampler2DArray, vec3, float)
[error]: OpenGL Shader Compiler error: 0:14(4): error:    vec4 texture(samplerCubeArray, vec4, float)
[error]: OpenGL Shader Compiler error: 0:14(4): error:    ivec4 texture(isamplerCubeArray, vec4, float)
[error]: OpenGL Shader Compiler error: 0:14(4): error:    uvec4 texture(usamplerCubeArray, vec4, float)
[error]: OpenGL Shader Compiler error: 0:14(4): error:    float texture(sampler1DArrayShadow, vec3, float)
[error]: OpenGL Shader Compiler error: 0:12(13): error: operands to arithmetic operators must be numeric
[info]: irisbridge: driver rejects overloading a built-in sampling name, so a pack's own sampling macro cannot be redirected this way:
0:13(4): error: no matching function for call to `texture(sampler2D, vec2)'; candidates are:
0:13(4): error:    vec4 texture(sampler2DArray, vec2)
0:13(4): error:    vec4 texture(sampler1D, float)
0:13(4): error:    ivec4 texture(isampler1D, float)
0:13(4): error:    uvec4 texture(usampler1D, float)
0:13(4): error:    vec4 texture(sampler2D, vec2)
0:13(4): error:    ivec4 texture(isampler2D, vec2)
0:13(4): error:    uvec4 texture(usampler2D, vec2)
0:13(4): error:    vec4 texture(sampler3D, vec3)
0:13(4): error:    ivec4 texture(isampler3D, vec3)
0:13(4): error:    uvec4 texture(usampler3D, vec3)
0:13(4): error:    vec4 texture(samplerCube, vec3)
0:13(4): error:    ivec4 texture(isamplerCube, vec3)
0:13(4): error:    uvec4 texture(usamplerCube, vec3)
0:13(4): error:    float texture(sampler1DShadow, vec3)
0:13(4): error:    float texture(sampler2DShadow, vec3)
0:13(4): error:    float texture(samplerCubeShadow, vec4)
0:13(4): error:    vec4 texture(sampler1DArray, vec2)
0:13(4): error:    ivec4 texture(isampler1DArray, vec2)
0:13(4): error:    uvec4 texture(usampler1DArray, vec2)
0:13(4): error:    vec4 texture(sampler2DArray, vec3)
0:13(4): error:    ivec4 texture(isampler2DArray, vec3)
0:13(4): error:    uvec4 texture(usampler2DArray, vec3)
0:13(4): error:    vec4 texture(samplerCubeArray, vec4)
0:13(4): error:    ivec4 texture(isamplerCubeArray, vec4)
0:13(4): error:    uvec4 texture(usamplerCubeArray, vec4)
0:13(4): error:    float texture(sampler1DArrayShadow, vec3)
0:13(4): error:    float texture(sampler2DArrayShadow, vec4)
0:13(4): error:    float texture(samplerCubeArrayShadow, vec4, float)
0:13(4): error:    vec4 texture(sampler2DRect, vec2)
0:13(4): error:    ivec4 texture(isampler2DRect, vec2)
0:13(4): error:    uvec4 texture(usampler2DRect, vec2)
0:13(4): error:    float texture(sampler2DRectShadow, vec3)
0:13(4): error:    vec4 texture(sampler1D, float, float)
0:13(4): error:    ivec4 texture(isampler1D, float, float)
0:13(4): error:    uvec4 texture(usampler1D, float, float)
0:13(4): error:    vec4
[info]: irisbridge: profile 'MEDIUM' set 12 option(s)
[warning]: irisbridge: /world0/gbuffers_clouds.fsh: no DRAWBUFFERS directive survives preprocessing; taking the raw text's

[info]: irisbridge: block.properties: 398 entries (state-predicated entries dropped)
[info]: irisbridge: 39 block entry(s) carry state predicates Cubyz cannot express, and are skipped
[info]: irisbridge: option overrides rewrote 1744 declaring line(s) across the pack's sources
[warning]: irisbridge: superDuperVanilla reads 4 uniform(s) nothing supplies, so they are zero: dhProjection, dhProjectionInverse, modelViewMatrix, projectionMatrix
[info]: irisbridge: superDuperVanilla reads 6 documented constant(s) Cubyz has no equivalent for, so they never change: rainStrength, nightVision, blindness, darknessFactor, darknessLightFactor, dhNearPlane
[warning]: irisbridge: superDuperVanilla sets `shadowHardwareFiltering`, which this bridge cannot honour: superseded by per-program sampler objects, which handle packs that declare shadowtex both ways
[info]: irisbridge: pack declares no buffer sizes; every colortex is screen-sized
[info]: irisbridge: resolved pass order and colortex0 sides:
    deferred0 draws 2   colortex0 read=main write=alt
    deferred1 draws 4   colortex0 read=main write=alt
    composite0 draws 4   colortex0 read=main write=alt
    composite1 draws 4 5   colortex0 read=main write=alt
    composite2 draws 4   colortex0 read=main write=alt
    composite3 draws 4   colortex0 read=main write=alt
    composite4 draws 0   colortex0 read=main write=alt
    composite5 draws 0   colortex0 read=alt write=main
    composite6 draws 3   colortex0 read=main write=alt
    composite7 draws 3   colortex0 read=main write=alt
    final0 draws 0   colortex0 read=main write=alt
[info]: irisbridge: gbuffers_terrain declares mc_Entity vec3, mc_midTexCoord vec2, at_tangent vec4
[info]: irisbridge: gbuffers_terrain compiled against the Cubyz vertex prologue
[info]: irisbridge: shadow declares mc_Entity vec3, mc_midTexCoord vec4, at_tangent vec4
[info]: irisbridge: shadow program compiled
[info]: irisbridge: gbuffers_water declares mc_Entity vec3, mc_midTexCoord vec2, at_tangent vec4
[info]: irisbridge: gbuffers_water compiled; transparent chunks draw through the pack
[info]: irisbridge: gbuffers_skybasic compiled; the pack's own sky draws before terrain
[info]: irisbridge: 20 custom uniforms declared, 20 parsed, 20 evaluable
[info]: irisbridge: texture.deferred.colortex0 -> textures/clouds.png (256x256) on unit 0
[info]: irisbridge: texture.composite.colortex0 -> textures/clouds.png (256x256) on unit 0
[info]: irisbridge: loaded noise texture textures/noise.png (256x256)
[info]: irisbridge: mc_Entity table built for 411 block(s), 22 matched the pack
[info]: irisbridge: loaded superDuperVanilla (36 programs, 11 passes in the chain)
[server]: User "#d1f1ff***x***#8cc2e9***d***#5192d5***o***#2660bd***k***#2056b7***u***#192c9c***x***@0§#ffffff" executed command "time night"
[server]: User "#d1f1ff***x***#8cc2e9***d***#5192d5***o***#2660bd***k***#2056b7***u***#192c9c***x***@0§#ffffff" executed command "time day"
[info]: irisbridge: 22 option override(s) from shaderpacks/Tricked_Shaders 2.1.options.txt
[info]: irisbridge: block.properties: 75 entries (state-predicated entries dropped)
[info]: irisbridge: 14 block entry(s) carry state predicates Cubyz cannot express, and are skipped
[info]: irisbridge: option overrides rewrote 1276 declaring line(s) across the pack's sources
[warning]: irisbridge: Tricked_Shaders 2.1 reads 12 uniform(s) nothing supplies, so they are zero: dhPreviousProjection, dhProjection, dhProjectionInverse, vxDepthTexOpaque, vxDepthTexTrans, vxModelView, vxModelViewInv, vxModelViewPrev, vxProj, vxProjInv, vxProjPrev, vxRenderDistance
[info]: irisbridge: Tricked_Shaders 2.1 reads 12 documented constant(s) Cubyz has no equivalent for, so they never change: rainStrength, thunderStrength, nightVision, blindness, darknessFactor, darknessLightFactor, screenBrightness, heldBlockLightValue, hideGUI, lightningBoltPosition, endFlashIntensity, endFlashPosition
[warning]: irisbridge: Tricked_Shaders 2.1 sets `shadowHardwareFiltering`, which this bridge cannot honour: superseded by per-program sampler objects, which handle packs that declare shadowtex both ways
[info]: irisbridge: composite11 switched off by the pack's own `SMAA`
[info]: irisbridge: deferred switched off by the pack's own `USE_LQ_DEPTH`
[info]: irisbridge: composite13 switched off by the pack's own `DOF`
[info]: irisbridge: composite10 switched off by the pack's own `SMAA`
[info]: irisbridge: composite9 switched off by the pack's own `SMAA`
[info]: irisbridge: composite12 switched off by the pack's own `CHROMATIC_ABERRATION`
[info]: irisbridge: profile or option disabled program deferred0
[info]: irisbridge: profile or option disabled program composite9
[info]: irisbridge: profile or option disabled program composite10
[info]: irisbridge: profile or option disabled program composite11
[info]: irisbridge: profile or option disabled program composite12
[info]: irisbridge: profile or option disabled program composite13
[info]: irisbridge: declared buffer sizes: colortex5=480x255 (relative) (screen is 1920x1020)
[info]: irisbridge: resolved pass order and colortex0 sides:
    deferred1 draws 0   colortex0 read=main write=alt
    composite2 draws 1   colortex0 read=alt write=main
    composite3 draws 1   colortex0 read=alt write=main
    composite4 draws 1   colortex0 read=alt write=main
    composite5 draws 1   colortex0 read=alt write=main
    composite6 draws 1   colortex0 read=alt write=main
    composite7 draws 0   colortex0 read=alt write=main
    composite8 draws 0 4   colortex0 read=main write=alt
    final0 draws 0   colortex0 read=alt write=main
[info]: irisbridge: gbuffers_terrain declares mc_Entity vec4, mc_midTexCoord vec2, at_tangent vec4
[info]: irisbridge: gbuffers_terrain compiled against the Cubyz vertex prologue
[info]: irisbridge: shadow declares mc_Entity vec4, mc_midTexCoord vec2, at_tangent vec4
[info]: irisbridge: shadow program compiled
[info]: irisbridge: gbuffers_water declares mc_Entity vec4, mc_midTexCoord vec2, at_tangent vec4
[info]: irisbridge: gbuffers_water compiled; transparent chunks draw through the pack
[info]: irisbridge: gbuffers_skybasic compiled; the pack's own sky draws before terrain
[info]: irisbridge: 25 custom uniforms declared, 25 parsed, 25 evaluable
[info]: irisbridge: texture.gbuffers.noisetex -> /lib/cloud_noise+normal.png (256x256) on unit 26
[info]: irisbridge: texture.deferred.noisetex -> /lib/cloud_noise+normal.png (256x256) on unit 26
[info]: irisbridge: texture.composite.colortex5 -> /lib/smaaSearch.png (64x16) on unit 5
[info]: irisbridge: texture.deferred.colortex6 -> /lib/worley_perlin.bin (64x64x64 R8) on unit 6 repeating
[info]: irisbridge: texture.composite.colortex3 -> /lib/smaaArea.png (160x560) on unit 3
[info]: irisbridge: pack ships no noise texture, generated one at 256x256
[info]: irisbridge: mc_Entity table built for 411 block(s), 9 matched the pack
[info]: irisbridge: loaded Tricked_Shaders 2.1 (29 programs, 9 passes in the chain)
[info]: irisbridge: 6 option override(s) from shaderpacks/PotatoShaders_v1.0d.options.txt
[info]: irisbridge: block.properties: 150 entries (state-predicated entries dropped)
[info]: irisbridge: 16 block entry(s) carry state predicates Cubyz cannot express, and are skipped
[info]: irisbridge: option overrides rewrote 240 declaring line(s) across the pack's sources
[info]: irisbridge: PotatoShaders_v1.0d declares no uniforms the bridge is missing
[info]: irisbridge: PotatoShaders_v1.0d reads 1 documented constant(s) Cubyz has no equivalent for, so they never change: currentColorSpace
[info]: irisbridge: pack declares no buffer sizes; every colortex is screen-sized
[info]: irisbridge: resolved pass order and colortex0 sides:
    deferred0 draws 0 3   colortex0 read=main write=alt
    composite0 draws 0   colortex0 read=alt write=main
    composite1 draws 0   colortex0 read=main write=alt
    composite3 draws 0 1   colortex0 read=alt write=main
    composite4 draws 0   colortex0 read=main write=alt
    composite5 draws 0   colortex0 read=alt write=main
    composite6 draws 3   colortex0 read=main write=alt
    composite12 draws 0   colortex0 read=main write=alt
    final0 draws 0   colortex0 read=alt write=main
[debug]: irisbridge: 1 pack function(s) given a sampler2DArray overload
[info]: irisbridge: gbuffers_terrain compiled against the Cubyz vertex prologue
[debug]: irisbridge: 1 pack function(s) given a sampler2DArray overload
[info]: irisbridge: gbuffers_water compiled; transparent chunks draw through the pack
[info]: irisbridge: gbuffers_skybasic compiled; the pack's own sky draws before terrain
[info]: irisbridge: 45 custom uniforms declared, 45 parsed, 45 evaluable
[info]: irisbridge: loaded noise texture tex/noise2D.png (256x256)
[info]: irisbridge: mc_Entity table built for 411 block(s), 12 matched the pack
[info]: irisbridge: loaded PotatoShaders_v1.0d (22 programs, 9 passes in the chain)
[info]: irisbridge: 7 option override(s) from shaderpacks/BakedPotatoShadersV1.0.options.txt
[info]: irisbridge: profile 'QUALITY' set 6 option(s)
[info]: irisbridge: block.properties: 105 entries (state-predicated entries dropped)
[info]: irisbridge: 7 block entry(s) carry state predicates Cubyz cannot express, and are skipped
[info]: irisbridge: option overrides rewrote 2067 declaring line(s) across the pack's sources
[info]: irisbridge: BakedPotatoShadersV1.0 declares no uniforms the bridge is missing
[info]: irisbridge: BakedPotatoShadersV1.0 reads 8 documented constant(s) Cubyz has no equivalent for, so they never change: rainStrength, thunderStrength, heldItemId, heldItemId2, heldBlockLightValue, heldBlockLightValue2, currentRenderedItemId, lightningBoltPosition
[warning]: irisbridge: BakedPotatoShadersV1.0 sets `ambientOcclusionLevel`, which this bridge cannot honour: Cubyz's per-vertex light has no separable occlusion term to scale
[info]: irisbridge: pack declares no buffer sizes; every colortex is screen-sized
[info]: irisbridge: resolved pass order and colortex0 sides:
    composite0 draws 1   colortex0 read=main write=alt
    final0 draws 0   colortex0 read=main write=alt
[info]: irisbridge: gbuffers_terrain declares mc_Entity vec2, mc_midTexCoord vec4, at_tangent vec4
[info]: irisbridge: gbuffers_terrain compiled against the Cubyz vertex prologue
[info]: irisbridge: shadow declares mc_Entity vec2, mc_midTexCoord vec4, at_tangent vec4
[info]: irisbridge: shadow program compiled
[info]: irisbridge: gbuffers_water declares mc_Entity vec2, mc_midTexCoord vec4, at_tangent vec4
[info]: irisbridge: gbuffers_water compiled; transparent chunks draw through the pack
[info]: irisbridge: gbuffers_skybasic compiled; the pack's own sky draws before terrain
[info]: irisbridge: 22 custom uniforms declared, 22 parsed, 22 evaluable
[info]: irisbridge: pack ships no noise texture, generated one at 256x256
[info]: irisbridge: mc_Entity table built for 411 block(s), 8 matched the pack
[info]: irisbridge: loaded BakedPotatoShadersV1.0 (27 programs, 2 passes in the chain)
[info]: Framebuffer: 1920, 1080
[server]: User "#d1f1ff***x***#8cc2e9***d***#5192d5***o***#2660bd***k***#2056b7***u***#192c9c***x***@0§#ffffff" executed command "time stop"
[info]: Framebuffer: 1920, 1020
[info]: Framebuffer: 1280, 720
[info]: Framebuffer: 960, 1020
[info]: Framebuffer: 1280, 720
[info]: Framebuffer: 1920, 1020
[server]: User "#d1f1ff***x***#8cc2e9***d***#5192d5***o***#2660bd***k***#2056b7***u***#192c9c***x***@0§#ffffff" executed command "copy"
[server]: User "#d1f1ff***x***#8cc2e9***d***#5192d5***o***#2660bd***k***#2056b7***u***#192c9c***x***@0§#ffffff" executed command "copy"
[server]: User "#d1f1ff***x***#8cc2e9***d***#5192d5***o***#2660bd***k***#2056b7***u***#192c9c***x***@0§#ffffff" executed command "paste"
[server]: User "#d1f1ff***x***#8cc2e9***d***#5192d5***o***#2660bd***k***#2056b7***u***#192c9c***x***@0§#ffffff" executed command "undo"
[server]: User "#d1f1ff***x***#8cc2e9***d***#5192d5***o***#2660bd***k***#2056b7***u***#192c9c***x***@0§#ffffff" executed command "paste"
[server]: User "#d1f1ff***x***#8cc2e9***d***#5192d5***o***#2660bd***k***#2056b7***u***#192c9c***x***@0§#ffffff" executed command "paste"
[info]: Framebuffer: 1920, 1080
[server]: User "#d1f1ff***x***#8cc2e9***d***#5192d5***o***#2660bd***k***#2056b7***u***#192c9c***x***@0§#ffffff" executed command "copy"
[server]: User "#d1f1ff***x***#8cc2e9***d***#5192d5***o***#2660bd***k***#2056b7***u***#192c9c***x***@0§#ffffff" executed command "paste"
[server]: User "#d1f1ff***x***#8cc2e9***d***#5192d5***o***#2660bd***k***#2056b7***u***#192c9c***x***@0§#ffffff" executed command "paste"
[server]: User "#d1f1ff***x***#8cc2e9***d***#5192d5***o***#2660bd***k***#2056b7***u***#192c9c***x***@0§#ffffff" executed command "undo"
[server]: User "#d1f1ff***x***#8cc2e9***d***#5192d5***o***#2660bd***k***#2056b7***u***#192c9c***x***@0§#ffffff" executed command "paste"
[server]: User "#d1f1ff***x***#8cc2e9***d***#5192d5***o***#2660bd***k***#2056b7***u***#192c9c***x***@0§#ffffff" executed command "paste"
[server]: User "#d1f1ff***x***#8cc2e9***d***#5192d5***o***#2660bd***k***#2056b7***u***#192c9c***x***@0§#ffffff" executed command "paste"
[server]: User "#d1f1ff***x***#8cc2e9***d***#5192d5***o***#2660bd***k***#2056b7***u***#192c9c***x***@0§#ffffff" executed command "paste"
[server]: User "#d1f1ff***x***#8cc2e9***d***#5192d5***o***#2660bd***k***#2056b7***u***#192c9c***x***@0§#ffffff" executed command "paste"
[server]: User "#d1f1ff***x***#8cc2e9***d***#5192d5***o***#2660bd***k***#2056b7***u***#192c9c***x***@0§#ffffff" executed command "copy"
[server]: User "#d1f1ff***x***#8cc2e9***d***#5192d5***o***#2660bd***k***#2056b7***u***#192c9c***x***@0§#ffffff" executed command "paste"
[server]: User "#d1f1ff***x***#8cc2e9***d***#5192d5***o***#2660bd***k***#2056b7***u***#192c9c***x***@0§#ffffff" executed command "undo"
[server]: User "#d1f1ff***x***#8cc2e9***d***#5192d5***o***#2660bd***k***#2056b7***u***#192c9c***x***@0§#ffffff" executed command "paste"
[server]: User "#d1f1ff***x***#8cc2e9***d***#5192d5***o***#2660bd***k***#2056b7***u***#192c9c***x***@0§#ffffff" executed command "paste"
[server]: User "#d1f1ff***x***#8cc2e9***d***#5192d5***o***#2660bd***k***#2056b7***u***#192c9c***x***@0§#ffffff" executed command "copy"
[server]: User "#d1f1ff***x***#8cc2e9***d***#5192d5***o***#2660bd***k***#2056b7***u***#192c9c***x***@0§#ffffff" executed command "paste"
[server]: User "#d1f1ff***x***#8cc2e9***d***#5192d5***o***#2660bd***k***#2056b7***u***#192c9c***x***@0§#ffffff" executed command "set cubyz:chalk/dark_grey"
[server]: User "#d1f1ff***x***#8cc2e9***d***#5192d5***o***#2660bd***k***#2056b7***u***#192c9c***x***@0§#ffffff" executed command "set cubyz:chalk/dark_grey"
[server]: User "#d1f1ff***x***#8cc2e9***d***#5192d5***o***#2660bd***k***#2056b7***u***#192c9c***x***@0§#ffffff" executed command "set cubyz:chalk/dark_grey"
[server]: User "#d1f1ff***x***#8cc2e9***d***#5192d5***o***#2660bd***k***#2056b7***u***#192c9c***x***@0§#ffffff" executed command "set cubyz:planks/willow"
[server]: User "#d1f1ff***x***#8cc2e9***d***#5192d5***o***#2660bd***k***#2056b7***u***#192c9c***x***@0§#ffffff" executed command "set cubyz:planks/willow"
[server]: User "#d1f1ff***x***#8cc2e9***d***#5192d5***o***#2660bd***k***#2056b7***u***#192c9c***x***@0§#ffffff" executed command "set cubyz:planks/willow"
[server]: User "#d1f1ff***x***#8cc2e9***d***#5192d5***o***#2660bd***k***#2056b7***u***#192c9c***x***@0§#ffffff" executed command "set cubyz:planks/willow"
[server]: User "#d1f1ff***x***#8cc2e9***d***#5192d5***o***#2660bd***k***#2056b7***u***#192c9c***x***@0§#ffffff" executed command "set cubyz:planks/willow"
[server]: User "#d1f1ff***x***#8cc2e9***d***#5192d5***o***#2660bd***k***#2056b7***u***#192c9c***x***@0§#ffffff" executed command "copy"
[server]: User "#d1f1ff***x***#8cc2e9***d***#5192d5***o***#2660bd***k***#2056b7***u***#192c9c***x***@0§#ffffff" executed command "paste"
[server]: User "#d1f1ff***x***#8cc2e9***d***#5192d5***o***#2660bd***k***#2056b7***u***#192c9c***x***@0§#ffffff" executed command "undo"
[server]: User "#d1f1ff***x***#8cc2e9***d***#5192d5***o***#2660bd***k***#2056b7***u***#192c9c***x***@0§#ffffff" executed command "copy"
[server]: User "#d1f1ff***x***#8cc2e9***d***#5192d5***o***#2660bd***k***#2056b7***u***#192c9c***x***@0§#ffffff" executed command "paste"
[server]: User "#d1f1ff***x***#8cc2e9***d***#5192d5***o***#2660bd***k***#2056b7***u***#192c9c***x***@0§#ffffff" executed command "undo"
[server]: User "#d1f1ff***x***#8cc2e9***d***#5192d5***o***#2660bd***k***#2056b7***u***#192c9c***x***@0§#ffffff" executed command "paste"
[server]: User "#d1f1ff***x***#8cc2e9***d***#5192d5***o***#2660bd***k***#2056b7***u***#192c9c***x***@0§#ffffff" executed command "undo"
[server]: User "#d1f1ff***x***#8cc2e9***d***#5192d5***o***#2660bd***k***#2056b7***u***#192c9c***x***@0§#ffffff" executed command "paste"
[server]: User "#d1f1ff***x***#8cc2e9***d***#5192d5***o***#2660bd***k***#2056b7***u***#192c9c***x***@0§#ffffff" executed command "undo"
[server]: User "#d1f1ff***x***#8cc2e9***d***#5192d5***o***#2660bd***k***#2056b7***u***#192c9c***x***@0§#ffffff" executed command "paste"
[server]: User "#d1f1ff***x***#8cc2e9***d***#5192d5***o***#2660bd***k***#2056b7***u***#192c9c***x***@0§#ffffff" executed command "undo"
[server]: User "#d1f1ff***x***#8cc2e9***d***#5192d5***o***#2660bd***k***#2056b7***u***#192c9c***x***@0§#ffffff" executed command "paste"
[server]: User "#d1f1ff***x***#8cc2e9***d***#5192d5***o***#2660bd***k***#2056b7***u***#192c9c***x***@0§#ffffff" executed command "undo"
[server]: User "#d1f1ff***x***#8cc2e9***d***#5192d5***o***#2660bd***k***#2056b7***u***#192c9c***x***@0§#ffffff" executed command "paste"
[server]: User "#d1f1ff***x***#8cc2e9***d***#5192d5***o***#2660bd***k***#2056b7***u***#192c9c***x***@0§#ffffff" executed command "undo"
[server]: User "#d1f1ff***x***#8cc2e9***d***#5192d5***o***#2660bd***k***#2056b7***u***#192c9c***x***@0§#ffffff" executed command "paste"
[server]: User "#d1f1ff***x***#8cc2e9***d***#5192d5***o***#2660bd***k***#2056b7***u***#192c9c***x***@0§#ffffff" executed command "set cubyz:chalk/red"
[server]: User "#d1f1ff***x***#8cc2e9***d***#5192d5***o***#2660bd***k***#2056b7***u***#192c9c***x***@0§#ffffff" executed command "set cubyz:chalk/black"
[server]: User "#d1f1ff***x***#8cc2e9***d***#5192d5***o***#2660bd***k***#2056b7***u***#192c9c***x***@0§#ffffff" executed command "time 500"
[server]: User "#d1f1ff***x***#8cc2e9***d***#5192d5***o***#2660bd***k***#2056b7***u***#192c9c***x***@0§#ffffff" executed command "time 100"
[server]: User "#d1f1ff***x***#8cc2e9***d***#5192d5***o***#2660bd***k***#2056b7***u***#192c9c***x***@0§#ffffff" executed command "time 5000"
[server]: User "#d1f1ff***x***#8cc2e9***d***#5192d5***o***#2660bd***k***#2056b7***u***#192c9c***x***@0§#ffffff" executed command "time 5500"
[server]: User "#d1f1ff***x***#8cc2e9***d***#5192d5***o***#2660bd***k***#2056b7***u***#192c9c***x***@0§#ffffff" executed command "time 6000"
[server]: User "#d1f1ff***x***#8cc2e9***d***#5192d5***o***#2660bd***k***#2056b7***u***#192c9c***x***@0§#ffffff" executed command "time 7000"
[server]: User "#d1f1ff***x***#8cc2e9***d***#5192d5***o***#2660bd***k***#2056b7***u***#192c9c***x***@0§#ffffff" executed command "time 8000"
[server]: User "#d1f1ff***x***#8cc2e9***d***#5192d5***o***#2660bd***k***#2056b7***u***#192c9c***x***@0§#ffffff" executed command "time 9000"
[server]: User "#d1f1ff***x***#8cc2e9***d***#5192d5***o***#2660bd***k***#2056b7***u***#192c9c***x***@0§#ffffff" executed command "time 1000"
[server]: User "#d1f1ff***x***#8cc2e9***d***#5192d5***o***#2660bd***k***#2056b7***u***#192c9c***x***@0§#ffffff" executed command "time 10000"
[server]: User "#d1f1ff***x***#8cc2e9***d***#5192d5***o***#2660bd***k***#2056b7***u***#192c9c***x***@0§#ffffff" executed command "time 10500"
[server]: User "#d1f1ff***x***#8cc2e9***d***#5192d5***o***#2660bd***k***#2056b7***u***#192c9c***x***@0§#ffffff" executed command "time 10000"
[server]: User "#d1f1ff***x***#8cc2e9***d***#5192d5***o***#2660bd***k***#2056b7***u***#192c9c***x***@0§#ffffff" executed command "time 9700"
[server]: User "#d1f1ff***x***#8cc2e9***d***#5192d5***o***#2660bd***k***#2056b7***u***#192c9c***x***@0§#ffffff" executed command "time 9500"
[server]: User "#d1f1ff***x***#8cc2e9***d***#5192d5***o***#2660bd***k***#2056b7***u***#192c9c***x***@0§#ffffff" executed command "time stop"
[info]: irisbridge: 7 option override(s) from shaderpacks/BakedPotatoShadersV1.0.options.txt
[info]: irisbridge: profile 'QUALITY' set 6 option(s)
[info]: irisbridge: block.properties: 105 entries (state-predicated entries dropped)
[info]: irisbridge: 7 block entry(s) carry state predicates Cubyz cannot express, and are skipped
[info]: irisbridge: option overrides rewrote 2067 declaring line(s) across the pack's sources
[info]: irisbridge: BakedPotatoShadersV1.0 declares no uniforms the bridge is missing
[info]: irisbridge: BakedPotatoShadersV1.0 reads 8 documented constant(s) Cubyz has no equivalent for, so they never change: rainStrength, thunderStrength, heldItemId, heldItemId2, heldBlockLightValue, heldBlockLightValue2, currentRenderedItemId, lightningBoltPosition
[warning]: irisbridge: BakedPotatoShadersV1.0 sets `ambientOcclusionLevel`, which this bridge cannot honour: Cubyz's per-vertex light has no separable occlusion term to scale
[info]: irisbridge: pack declares no buffer sizes; every colortex is screen-sized
[info]: irisbridge: resolved pass order and colortex0 sides:
    composite0 draws 1   colortex0 read=main write=alt
    final0 draws 0   colortex0 read=main write=alt
[info]: irisbridge: gbuffers_terrain declares mc_Entity vec2, mc_midTexCoord vec4, at_tangent vec4
[info]: irisbridge: gbuffers_terrain compiled against the Cubyz vertex prologue
[info]: irisbridge: shadow declares mc_Entity vec2, mc_midTexCoord vec4, at_tangent vec4
[info]: irisbridge: shadow program compiled
[info]: irisbridge: gbuffers_water declares mc_Entity vec2, mc_midTexCoord vec4, at_tangent vec4
[info]: irisbridge: gbuffers_water compiled; transparent chunks draw through the pack
[info]: irisbridge: gbuffers_skybasic compiled; the pack's own sky draws before terrain
[info]: irisbridge: 22 custom uniforms declared, 22 parsed, 22 evaluable
[info]: irisbridge: pack ships no noise texture, generated one at 256x256
[info]: irisbridge: mc_Entity table built for 411 block(s), 8 matched the pack
[info]: irisbridge: loaded BakedPotatoShadersV1.0 (27 programs, 2 passes in the chain)
[info]: irisbridge: 7 option override(s) from shaderpacks/BakedPotatoShadersV1.0.options.txt
[info]: irisbridge: profile 'QUALITY' set 6 option(s)
[info]: irisbridge: block.properties: 105 entries (state-predicated entries dropped)
[info]: irisbridge: 7 block entry(s) carry state predicates Cubyz cannot express, and are skipped
[info]: irisbridge: option overrides rewrote 2067 declaring line(s) across the pack's sources
[info]: irisbridge: BakedPotatoShadersV1.0 declares no uniforms the bridge is missing
[info]: irisbridge: BakedPotatoShadersV1.0 reads 8 documented constant(s) Cubyz has no equivalent for, so they never change: rainStrength, thunderStrength, heldItemId, heldItemId2, heldBlockLightValue, heldBlockLightValue2, currentRenderedItemId, lightningBoltPosition
[warning]: irisbridge: BakedPotatoShadersV1.0 sets `ambientOcclusionLevel`, which this bridge cannot honour: Cubyz's per-vertex light has no separable occlusion term to scale
[info]: irisbridge: pack declares no buffer sizes; every colortex is screen-sized
[info]: irisbridge: resolved pass order and colortex0 sides:
    composite0 draws 1   colortex0 read=main write=alt
    final0 draws 0   colortex0 read=main write=alt
[info]: irisbridge: gbuffers_terrain declares mc_Entity vec2, mc_midTexCoord vec4, at_tangent vec4
[info]: irisbridge: gbuffers_terrain compiled against the Cubyz vertex prologue
[info]: irisbridge: shadow declares mc_Entity vec2, mc_midTexCoord vec4, at_tangent vec4
[info]: irisbridge: shadow program compiled
[info]: irisbridge: gbuffers_water declares mc_Entity vec2, mc_midTexCoord vec4, at_tangent vec4
[info]: irisbridge: gbuffers_water compiled; transparent chunks draw through the pack
[info]: irisbridge: gbuffers_skybasic compiled; the pack's own sky draws before terrain
[info]: irisbridge: 22 custom uniforms declared, 22 parsed, 22 evaluable
[info]: irisbridge: pack ships no noise texture, generated one at 256x256
[info]: irisbridge: mc_Entity table built for 411 block(s), 8 matched the pack
[info]: irisbridge: loaded BakedPotatoShadersV1.0 (27 programs, 2 passes in the chain)
[info]: irisbridge: 7 option override(s) from shaderpacks/BakedPotatoShadersV1.0.options.txt
[info]: irisbridge: profile 'QUALITY' set 6 option(s)
[info]: irisbridge: block.properties: 105 entries (state-predicated entries dropped)
[info]: irisbridge: 7 block entry(s) carry state predicates Cubyz cannot express, and are skipped
[info]: irisbridge: option overrides rewrote 2067 declaring line(s) across the pack's sources
[info]: irisbridge: BakedPotatoShadersV1.0 declares no uniforms the bridge is missing
[info]: irisbridge: BakedPotatoShadersV1.0 reads 8 documented constant(s) Cubyz has no equivalent for, so they never change: rainStrength, thunderStrength, heldItemId, heldItemId2, heldBlockLightValue, heldBlockLightValue2, currentRenderedItemId, lightningBoltPosition
[warning]: irisbridge: BakedPotatoShadersV1.0 sets `ambientOcclusionLevel`, which this bridge cannot honour: Cubyz's per-vertex light has no separable occlusion term to scale
[info]: irisbridge: pack declares no buffer sizes; every colortex is screen-sized
[info]: irisbridge: resolved pass order and colortex0 sides:
    composite0 draws 1   colortex0 read=main write=alt
    final0 draws 0   colortex0 read=main write=alt
[info]: irisbridge: gbuffers_terrain declares mc_Entity vec2, mc_midTexCoord vec4, at_tangent vec4
[info]: irisbridge: gbuffers_terrain compiled against the Cubyz vertex prologue
[info]: irisbridge: shadow declares mc_Entity vec2, mc_midTexCoord vec4, at_tangent vec4
[info]: irisbridge: shadow program compiled
[info]: irisbridge: gbuffers_water declares mc_Entity vec2, mc_midTexCoord vec4, at_tangent vec4
[info]: irisbridge: gbuffers_water compiled; transparent chunks draw through the pack
[info]: irisbridge: gbuffers_skybasic compiled; the pack's own sky draws before terrain
[info]: irisbridge: 22 custom uniforms declared, 22 parsed, 22 evaluable
[info]: irisbridge: pack ships no noise texture, generated one at 256x256
[info]: irisbridge: mc_Entity table built for 411 block(s), 8 matched the pack
[info]: irisbridge: loaded BakedPotatoShadersV1.0 (27 programs, 2 passes in the chain)
[info]: irisbridge: 7 option override(s) from shaderpacks/BakedPotatoShadersV1.0.options.txt
[info]: irisbridge: profile 'QUALITY' set 6 option(s)
[info]: irisbridge: block.properties: 105 entries (state-predicated entries dropped)
[info]: irisbridge: 7 block entry(s) carry state predicates Cubyz cannot express, and are skipped
[info]: irisbridge: option overrides rewrote 2067 declaring line(s) across the pack's sources
[info]: irisbridge: BakedPotatoShadersV1.0 declares no uniforms the bridge is missing
[info]: irisbridge: BakedPotatoShadersV1.0 reads 8 documented constant(s) Cubyz has no equivalent for, so they never change: rainStrength, thunderStrength, heldItemId, heldItemId2, heldBlockLightValue, heldBlockLightValue2, currentRenderedItemId, lightningBoltPosition
[warning]: irisbridge: BakedPotatoShadersV1.0 sets `ambientOcclusionLevel`, which this bridge cannot honour: Cubyz's per-vertex light has no separable occlusion term to scale
[info]: irisbridge: pack declares no buffer sizes; every colortex is screen-sized
[info]: irisbridge: resolved pass order and colortex0 sides:
    composite0 draws 1   colortex0 read=main write=alt
    final0 draws 0   colortex0 read=main write=alt
[info]: irisbridge: gbuffers_terrain declares mc_Entity vec2, mc_midTexCoord vec4, at_tangent vec4
[info]: irisbridge: gbuffers_terrain compiled against the Cubyz vertex prologue
[info]: irisbridge: shadow declares mc_Entity vec2, mc_midTexCoord vec4, at_tangent vec4
[info]: irisbridge: shadow program compiled
[info]: irisbridge: gbuffers_water declares mc_Entity vec2, mc_midTexCoord vec4, at_tangent vec4
[info]: irisbridge: gbuffers_water compiled; transparent chunks draw through the pack
[info]: irisbridge: gbuffers_skybasic compiled; the pack's own sky draws before terrain
[info]: irisbridge: 22 custom uniforms declared, 22 parsed, 22 evaluable
[info]: irisbridge: pack ships no noise texture, generated one at 256x256
[info]: irisbridge: mc_Entity table built for 411 block(s), 8 matched the pack
[info]: irisbridge: loaded BakedPotatoShadersV1.0 (27 programs, 2 passes in the chain)
[info]: irisbridge: 7 option override(s) from shaderpacks/BakedPotatoShadersV1.0.options.txt
[info]: irisbridge: profile 'QUALITY' set 6 option(s)
[info]: irisbridge: block.properties: 105 entries (state-predicated entries dropped)
[info]: irisbridge: 7 block entry(s) carry state predicates Cubyz cannot express, and are skipped
[info]: irisbridge: option overrides rewrote 2067 declaring line(s) across the pack's sources
[info]: irisbridge: BakedPotatoShadersV1.0 declares no uniforms the bridge is missing
[info]: irisbridge: BakedPotatoShadersV1.0 reads 8 documented constant(s) Cubyz has no equivalent for, so they never change: rainStrength, thunderStrength, heldItemId, heldItemId2, heldBlockLightValue, heldBlockLightValue2, currentRenderedItemId, lightningBoltPosition
[warning]: irisbridge: BakedPotatoShadersV1.0 sets `ambientOcclusionLevel`, which this bridge cannot honour: Cubyz's per-vertex light has no separable occlusion term to scale
[info]: irisbridge: pack declares no buffer sizes; every colortex is screen-sized
[info]: irisbridge: resolved pass order and colortex0 sides:
    composite0 draws 1   colortex0 read=main write=alt
    final0 draws 0   colortex0 read=main write=alt
[info]: irisbridge: gbuffers_terrain declares mc_Entity vec2, mc_midTexCoord vec4, at_tangent vec4
[info]: irisbridge: gbuffers_terrain compiled against the Cubyz vertex prologue
[info]: irisbridge: shadow declares mc_Entity vec2, mc_midTexCoord vec4, at_tangent vec4
[info]: irisbridge: shadow program compiled
[info]: irisbridge: gbuffers_water declares mc_Entity vec2, mc_midTexCoord vec4, at_tangent vec4
[info]: irisbridge: gbuffers_water compiled; transparent chunks draw through the pack
[info]: irisbridge: gbuffers_skybasic compiled; the pack's own sky draws before terrain
[info]: irisbridge: 22 custom uniforms declared, 22 parsed, 22 evaluable
[info]: irisbridge: pack ships no noise texture, generated one at 256x256
[info]: irisbridge: mc_Entity table built for 411 block(s), 8 matched the pack
[info]: irisbridge: loaded BakedPotatoShadersV1.0 (27 programs, 2 passes in the chain)
[info]: irisbridge: 7 option override(s) from shaderpacks/BakedPotatoShadersV1.0.options.txt
[info]: irisbridge: profile 'QUALITY' set 6 option(s)
[info]: irisbridge: block.properties: 105 entries (state-predicated entries dropped)
[info]: irisbridge: 7 block entry(s) carry state predicates Cubyz cannot express, and are skipped
[info]: irisbridge: option overrides rewrote 2067 declaring line(s) across the pack's sources
[info]: irisbridge: BakedPotatoShadersV1.0 declares no uniforms the bridge is missing
[info]: irisbridge: BakedPotatoShadersV1.0 reads 8 documented constant(s) Cubyz has no equivalent for, so they never change: rainStrength, thunderStrength, heldItemId, heldItemId2, heldBlockLightValue, heldBlockLightValue2, currentRenderedItemId, lightningBoltPosition
[warning]: irisbridge: BakedPotatoShadersV1.0 sets `ambientOcclusionLevel`, which this bridge cannot honour: Cubyz's per-vertex light has no separable occlusion term to scale
[info]: irisbridge: pack declares no buffer sizes; every colortex is screen-sized
[info]: irisbridge: resolved pass order and colortex0 sides:
    composite0 draws 1   colortex0 read=main write=alt
    final0 draws 0   colortex0 read=main write=alt
[info]: irisbridge: gbuffers_terrain declares mc_Entity vec2, mc_midTexCoord vec4, at_tangent vec4
[info]: irisbridge: gbuffers_terrain compiled against the Cubyz vertex prologue
[info]: irisbridge: shadow declares mc_Entity vec2, mc_midTexCoord vec4, at_tangent vec4
[info]: irisbridge: shadow program compiled
[info]: irisbridge: gbuffers_water declares mc_Entity vec2, mc_midTexCoord vec4, at_tangent vec4
[info]: irisbridge: gbuffers_water compiled; transparent chunks draw through the pack
[info]: irisbridge: gbuffers_skybasic compiled; the pack's own sky draws before terrain
[info]: irisbridge: 22 custom uniforms declared, 22 parsed, 22 evaluable
[info]: irisbridge: pack ships no noise texture, generated one at 256x256
[info]: irisbridge: mc_Entity table built for 411 block(s), 8 matched the pack
[info]: irisbridge: loaded BakedPotatoShadersV1.0 (27 programs, 2 passes in the chain)
[info]: irisbridge: 7 option override(s) from shaderpacks/BakedPotatoShadersV1.0.options.txt
[info]: irisbridge: profile 'QUALITY' set 6 option(s)
[info]: irisbridge: block.properties: 105 entries (state-predicated entries dropped)
[info]: irisbridge: 7 block entry(s) carry state predicates Cubyz cannot express, and are skipped
[info]: irisbridge: option overrides rewrote 2067 declaring line(s) across the pack's sources
[info]: irisbridge: BakedPotatoShadersV1.0 declares no uniforms the bridge is missing
[info]: irisbridge: BakedPotatoShadersV1.0 reads 8 documented constant(s) Cubyz has no equivalent for, so they never change: rainStrength, thunderStrength, heldItemId, heldItemId2, heldBlockLightValue, heldBlockLightValue2, currentRenderedItemId, lightningBoltPosition
[warning]: irisbridge: BakedPotatoShadersV1.0 sets `ambientOcclusionLevel`, which this bridge cannot honour: Cubyz's per-vertex light has no separable occlusion term to scale
[info]: irisbridge: pack declares no buffer sizes; every colortex is screen-sized
[info]: irisbridge: resolved pass order and colortex0 sides:
    composite0 draws 1   colortex0 read=main write=alt
    final0 draws 0   colortex0 read=main write=alt
[info]: irisbridge: gbuffers_terrain declares mc_Entity vec2, mc_midTexCoord vec4, at_tangent vec4
[info]: irisbridge: gbuffers_terrain compiled against the Cubyz vertex prologue
[info]: irisbridge: shadow declares mc_Entity vec2, mc_midTexCoord vec4, at_tangent vec4
[info]: irisbridge: shadow program compiled
[info]: irisbridge: gbuffers_water declares mc_Entity vec2, mc_midTexCoord vec4, at_tangent vec4
[info]: irisbridge: gbuffers_water compiled; transparent chunks draw through the pack
[info]: irisbridge: gbuffers_skybasic compiled; the pack's own sky draws before terrain
[info]: irisbridge: 22 custom uniforms declared, 22 parsed, 22 evaluable
[info]: irisbridge: pack ships no noise texture, generated one at 256x256
[info]: irisbridge: mc_Entity table built for 411 block(s), 8 matched the pack
[info]: irisbridge: loaded BakedPotatoShadersV1.0 (27 programs, 2 passes in the chain)
[server]: User "#d1f1ff***x***#8cc2e9***d***#5192d5***o***#2660bd***k***#2056b7***u***#192c9c***x***@0§#ffffff" executed command "time 9800"
[server]: User "#d1f1ff***x***#8cc2e9***d***#5192d5***o***#2660bd***k***#2056b7***u***#192c9c***x***@0§#ffffff" executed command "set cubyz:marble/smooth"
[server]: User "#d1f1ff***x***#8cc2e9***d***#5192d5***o***#2660bd***k***#2056b7***u***#192c9c***x***@0§#ffffff" executed command "set cubyz:marble/smooth"
[server]: User "#d1f1ff***x***#8cc2e9***d***#5192d5***o***#2660bd***k***#2056b7***u***#192c9c***x***@0§#ffffff" executed command "set cubyz:marble/smooth"
[server]: User "#d1f1ff***x***#8cc2e9***d***#5192d5***o***#2660bd***k***#2056b7***u***#192c9c***x***@0§#ffffff" executed command "set cubyz:marble/smooth"
[server]: User "#d1f1ff***x***#8cc2e9***d***#5192d5***o***#2660bd***k***#2056b7***u***#192c9c***x***@0§#ffffff" executed command "set cubyz:marble/smooth"
[server]: User "#d1f1ff***x***#8cc2e9***d***#5192d5***o***#2660bd***k***#2056b7***u***#192c9c***x***@0§#ffffff" executed command "cut"
[server]: User "#d1f1ff***x***#8cc2e9***d***#5192d5***o***#2660bd***k***#2056b7***u***#192c9c***x***@0§#ffffff" executed command "set cubyz:air"
[info]: Framebuffer: 1920, 1020
[info]: Framebuffer: 1280, 720
[info]: Framebuffer: 960, 496
[info]: Framebuffer: 1280, 720
[info]: Framebuffer: 1920, 1020
[server]: User "#d1f1ff***x***#8cc2e9***d***#5192d5***o***#2660bd***k***#2056b7***u***#192c9c***x***@0§#ffffff" executed command "set cubyz:air"
[server]: User "#d1f1ff***x***#8cc2e9***d***#5192d5***o***#2660bd***k***#2056b7***u***#192c9c***x***@0§#ffffff" executed command "set cubyz:glass/grey"
[server]: User "#d1f1ff***x***#8cc2e9***d***#5192d5***o***#2660bd***k***#2056b7***u***#192c9c***x***@0§#ffffff" executed command "set cubyz:glass/grey"
[info]: irisbridge: 22 option override(s) from shaderpacks/Tricked_Shaders 2.1.options.txt
[info]: irisbridge: block.properties: 75 entries (state-predicated entries dropped)
[info]: irisbridge: 14 block entry(s) carry state predicates Cubyz cannot express, and are skipped
[info]: irisbridge: option overrides rewrote 1276 declaring line(s) across the pack's sources
[warning]: irisbridge: Tricked_Shaders 2.1 reads 12 uniform(s) nothing supplies, so they are zero: dhPreviousProjection, dhProjection, dhProjectionInverse, vxDepthTexOpaque, vxDepthTexTrans, vxModelView, vxModelViewInv, vxModelViewPrev, vxProj, vxProjInv, vxProjPrev, vxRenderDistance
[info]: irisbridge: Tricked_Shaders 2.1 reads 12 documented constant(s) Cubyz has no equivalent for, so they never change: rainStrength, thunderStrength, nightVision, blindness, darknessFactor, darknessLightFactor, screenBrightness, heldBlockLightValue, hideGUI, lightningBoltPosition, endFlashIntensity, endFlashPosition
[warning]: irisbridge: Tricked_Shaders 2.1 sets `shadowHardwareFiltering`, which this bridge cannot honour: superseded by per-program sampler objects, which handle packs that declare shadowtex both ways
[info]: irisbridge: composite11 switched off by the pack's own `SMAA`
[info]: irisbridge: deferred switched off by the pack's own `USE_LQ_DEPTH`
[info]: irisbridge: composite13 switched off by the pack's own `DOF`
[info]: irisbridge: composite10 switched off by the pack's own `SMAA`
[info]: irisbridge: composite9 switched off by the pack's own `SMAA`
[info]: irisbridge: composite12 switched off by the pack's own `CHROMATIC_ABERRATION`
[info]: irisbridge: profile or option disabled program deferred0
[info]: irisbridge: profile or option disabled program composite9
[info]: irisbridge: profile or option disabled program composite10
[info]: irisbridge: profile or option disabled program composite11
[info]: irisbridge: profile or option disabled program composite12
[info]: irisbridge: profile or option disabled program composite13
[info]: irisbridge: declared buffer sizes: colortex5=480x255 (relative) (screen is 1920x1020)
[info]: irisbridge: resolved pass order and colortex0 sides:
    deferred1 draws 0   colortex0 read=main write=alt
    composite2 draws 1   colortex0 read=alt write=main
    composite3 draws 1   colortex0 read=alt write=main
    composite4 draws 1   colortex0 read=alt write=main
    composite5 draws 1   colortex0 read=alt write=main
    composite6 draws 1   colortex0 read=alt write=main
    composite7 draws 0   colortex0 read=alt write=main
    composite8 draws 0 4   colortex0 read=main write=alt
    final0 draws 0   colortex0 read=alt write=main
[info]: irisbridge: gbuffers_terrain declares mc_Entity vec4, mc_midTexCoord vec2, at_tangent vec4
[info]: irisbridge: gbuffers_terrain compiled against the Cubyz vertex prologue
[info]: irisbridge: shadow declares mc_Entity vec4, mc_midTexCoord vec2, at_tangent vec4
[info]: irisbridge: shadow program compiled
[info]: irisbridge: gbuffers_water declares mc_Entity vec4, mc_midTexCoord vec2, at_tangent vec4
[info]: irisbridge: gbuffers_water compiled; transparent chunks draw through the pack
[info]: irisbridge: gbuffers_skybasic compiled; the pack's own sky draws before terrain
[info]: irisbridge: 25 custom uniforms declared, 25 parsed, 25 evaluable
[info]: irisbridge: texture.gbuffers.noisetex -> /lib/cloud_noise+normal.png (256x256) on unit 26
[info]: irisbridge: texture.deferred.noisetex -> /lib/cloud_noise+normal.png (256x256) on unit 26
[info]: irisbridge: texture.composite.colortex5 -> /lib/smaaSearch.png (64x16) on unit 5
[info]: irisbridge: texture.deferred.colortex6 -> /lib/worley_perlin.bin (64x64x64 R8) on unit 6 repeating
[info]: irisbridge: texture.composite.colortex3 -> /lib/smaaArea.png (160x560) on unit 3
[info]: irisbridge: pack ships no noise texture, generated one at 256x256
[info]: irisbridge: mc_Entity table built for 411 block(s), 9 matched the pack
[info]: irisbridge: loaded Tricked_Shaders 2.1 (29 programs, 9 passes in the chain)
[info]: irisbridge: extracted shaderpacks/HighFrames+_v1.0.zip to shaderpacks/.cache/HighFrames+_v1.0
[error]: irisbridge: HighFrames+_v1.0 contains no usable programs
[info]: irisbridge: pack offers profiles: POTATO, FAST, FANCY, FABULOUS (select one with `profile = <name>` in the options file)
[warning]: irisbridge: /world0/gbuffers_clouds.fsh: no DRAWBUFFERS directive survives preprocessing; taking the raw text's

[info]: irisbridge: block.properties: 75 entries (state-predicated entries dropped)
[info]: irisbridge: 14 block entry(s) carry state predicates Cubyz cannot express, and are skipped
[warning]: irisbridge: Velocity reads 12 uniform(s) nothing supplies, so they are zero: dhPreviousProjection, dhProjection, dhProjectionInverse, vxDepthTexOpaque, vxDepthTexTrans, vxModelView, vxModelViewInv, vxModelViewPrev, vxProj, vxProjInv, vxProjPrev, vxRenderDistance
[info]: irisbridge: Velocity reads 14 documented constant(s) Cubyz has no equivalent for, so they never change: rainStrength, wetness, thunderStrength, nightVision, blindness, darknessFactor, darknessLightFactor, screenBrightness, heldBlockLightValue, relativeEyePosition, hideGUI, lightningBoltPosition, endFlashIntensity, endFlashPosition
[warning]: irisbridge: Velocity sets `shadowHardwareFiltering`, which this bridge cannot honour: superseded by per-program sampler objects, which handle packs that declare shadowtex both ways
[info]: irisbridge: composite11 switched off by the pack's own `SMAA`
[info]: irisbridge: deferred switched off by the pack's own `USE_LQ_DEPTH`
[info]: irisbridge: composite13 switched off by the pack's own `DOF`
[info]: irisbridge: composite10 switched off by the pack's own `SMAA`
[info]: irisbridge: composite9 switched off by the pack's own `SMAA`
[info]: irisbridge: composite12 switched off by the pack's own `CHROMATIC_ABERRATION`
[info]: irisbridge: profile or option disabled program deferred0
[info]: irisbridge: profile or option disabled program composite9
[info]: irisbridge: profile or option disabled program composite10
[info]: irisbridge: profile or option disabled program composite11
[info]: irisbridge: profile or option disabled program composite12
[info]: irisbridge: profile or option disabled program composite13
[info]: irisbridge: declared buffer sizes: colortex5=480x255 (relative) (screen is 1920x1020)
[info]: irisbridge: resolved pass order and colortex0 sides:
    deferred1 draws 0   colortex0 read=main write=alt
    composite1 draws 0   colortex0 read=alt write=main
    composite2 draws 1   colortex0 read=main write=alt
    composite3 draws 1   colortex0 read=main write=alt
    composite4 draws 1   colortex0 read=main write=alt
    composite5 draws 1   colortex0 read=main write=alt
    composite6 draws 1   colortex0 read=main write=alt
    composite7 draws 0   colortex0 read=main write=alt
    composite8 draws 0 4   colortex0 read=alt write=main
    final0 draws 0   colortex0 read=main write=alt
[info]: irisbridge: gbuffers_terrain declares mc_Entity vec4, mc_midTexCoord vec2, at_tangent vec4
[debug]: irisbridge: 1 pack function(s) given a sampler2DArray overload
[error]: irisbridge: gbuffers_terrain (vert) failed to compile:
0:3824(33): preprocessor error: syntax error, unexpected OTHER

[info]: irisbridge: wrote generated source to irisbridge_dump/gbuffers_terrain.vert.glsl
[warning]: irisbridge: gbuffers_terrain did not compile against the prologue
[info]: irisbridge: shadow declares mc_Entity vec4, mc_midTexCoord vec2, at_tangent vec4
[debug]: irisbridge: 1 pack function(s) given a sampler2DArray overload
[error]: irisbridge: shadow (vert) failed to compile:
0:2435(33): preprocessor error: syntax error, unexpected OTHER

[info]: irisbridge: wrote generated source to irisbridge_dump/shadow.vert.glsl
[warning]: irisbridge: shadow program did not compile; shadows stay unoccluded
[info]: irisbridge: gbuffers_water declares mc_Entity vec4, mc_midTexCoord vec2, at_tangent vec4
[debug]: irisbridge: 1 pack function(s) given a sampler2DArray overload
[error]: irisbridge: gbuffers_water (vert) failed to compile:
0:3810(33): preprocessor error: syntax error, unexpected OTHER

[info]: irisbridge: wrote generated source to irisbridge_dump/gbuffers_water.vert.glsl
[warning]: irisbridge: gbuffers_water did not compile; transparent chunks keep Cubyz's shader
[info]: irisbridge: gbuffers_skybasic compiled; the pack's own sky draws before terrain
[info]: irisbridge: 26 custom uniforms declared, 26 parsed, 26 evaluable
[info]: irisbridge: texture.gbuffers.noisetex -> /lib/cloud_noise+normal.png (256x256) on unit 26
[info]: irisbridge: texture.deferred.noisetex -> /lib/cloud_noise+normal.png (256x256) on unit 26
[info]: irisbridge: texture.composite.colortex5 -> /lib/smaaSearch.png (64x16) on unit 5
[info]: irisbridge: texture.deferred.colortex6 -> /lib/worley_perlin.bin (64x64x64 R8) on unit 6 repeating
[info]: irisbridge: texture.composite.colortex3 -> /lib/smaaArea.png (160x560) on unit 3
[info]: irisbridge: pack ships no noise texture, generated one at 256x256
[info]: irisbridge: mc_Entity table built for 411 block(s), 9 matched the pack
[info]: irisbridge: loaded Velocity (31 programs, 10 passes in the chain)
[error]: irisbridge: 春 v2 260618 requires Iris features this bridge does not implement, so it is not loaded: CUSTOM_IMAGES
[info]: irisbridge: no block.properties; mc_Entity stays 0 for every block
[info]: irisbridge: VanillaDynamicShadows declares no uniforms the bridge is missing
[info]: irisbridge: VanillaDynamicShadows reads 1 documented constant(s) Cubyz has no equivalent for, so they never change: rainStrength
[info]: irisbridge: pack declares no buffer sizes; every colortex is screen-sized
[info]: irisbridge: resolved pass order and colortex0 sides:
    composite0 draws 0   colortex0 read=main write=alt
[error]: OpenGL Shader Compiler error: 0:459(9): error: no function with name 'cubyz_blockTextures'
[error]: OpenGL Shader Compiler error: 0:459(2): error: could not implicitly convert return value to float, in function `sampleShadow'
[error]: irisbridge: gbuffers_terrain (frag) failed to compile:
0:459(9): error: no function with name 'cubyz_blockTextures'
0:459(2): error: could not implicitly convert return value to float, in function `sampleShadow'

[info]: irisbridge: wrote generated source to irisbridge_dump/gbuffers_terrain.frag.glsl
[warning]: irisbridge: gbuffers_terrain did not compile against the prologue
[info]: irisbridge: shadow program compiled
[error]: OpenGL Shader Compiler error: 0:463(9): error: no function with name 'cubyz_blockTextures'
[error]: OpenGL Shader Compiler error: 0:463(2): error: could not implicitly convert return value to float, in function `sampleShadow'
[error]: irisbridge: gbuffers_water (frag) failed to compile:
0:463(9): error: no function with name 'cubyz_blockTextures'
0:463(2): error: could not implicitly convert return value to float, in function `sampleShadow'

[info]: irisbridge: wrote generated source to irisbridge_dump/gbuffers_water.frag.glsl
[warning]: irisbridge: gbuffers_water did not compile; transparent chunks keep Cubyz's shader
[info]: irisbridge: 0 custom uniforms declared, 0 parsed, 0 evaluable
[info]: irisbridge: pack ships no noise texture, generated one at 256x256
[info]: irisbridge: mc_Entity table built for 411 block(s), 0 matched the pack
[info]: irisbridge: loaded VanillaDynamicShadows (6 programs, 1 passes in the chain)
[info]: irisbridge: no block.properties; mc_Entity stays 0 for every block
[info]: irisbridge: CubyzVanillaPlus declares no uniforms the bridge is missing
[info]: irisbridge: pack declares no buffer sizes; every colortex is screen-sized
[info]: irisbridge: resolved pass order and colortex0 sides:
    composite0 draws 0   colortex0 read=main write=alt
    final0 draws 0   colortex0 read=alt write=main
[info]: irisbridge: gbuffers_terrain compiled against the Cubyz vertex prologue
[info]: irisbridge: shadow program compiled
[info]: irisbridge: gbuffers_water compiled; transparent chunks draw through the pack
[info]: irisbridge: 0 custom uniforms declared, 0 parsed, 0 evaluable
[info]: irisbridge: pack ships no noise texture, generated one at 256x256
[info]: irisbridge: mc_Entity table built for 411 block(s), 0 matched the pack
[info]: irisbridge: loaded CubyzVanillaPlus (5 programs, 2 passes in the chain)
[error]: irisbridge: Noble v1.9.6 requires Iris features this bridge does not implement, so it is not loaded: COMPUTE_SHADERS
[info]: irisbridge: extracted shaderpacks/Mello 0.642.zip to shaderpacks/.cache/Mello 0.642
[info]: irisbridge: pack offers profiles: LOW, MEDIUM, HIGH (select one with `profile = <name>` in the options file)
[error]: irisbridge: Mello 0.642 contains no usable programs
[info]: irisbridge: 6 option override(s) from shaderpacks/PotatoShaders_v1.0d.options.txt
[info]: irisbridge: block.properties: 150 entries (state-predicated entries dropped)
[info]: irisbridge: 16 block entry(s) carry state predicates Cubyz cannot express, and are skipped
[info]: irisbridge: option overrides rewrote 240 declaring line(s) across the pack's sources
[info]: irisbridge: PotatoShaders_v1.0d declares no uniforms the bridge is missing
[info]: irisbridge: PotatoShaders_v1.0d reads 1 documented constant(s) Cubyz has no equivalent for, so they never change: currentColorSpace
[info]: irisbridge: pack declares no buffer sizes; every colortex is screen-sized
[info]: irisbridge: resolved pass order and colortex0 sides:
    deferred0 draws 0 3   colortex0 read=main write=alt
    composite0 draws 0   colortex0 read=alt write=main
    composite1 draws 0   colortex0 read=main write=alt
    composite3 draws 0 1   colortex0 read=alt write=main
    composite4 draws 0   colortex0 read=main write=alt
    composite5 draws 0   colortex0 read=alt write=main
    composite6 draws 3   colortex0 read=main write=alt
    composite12 draws 0   colortex0 read=main write=alt
    final0 draws 0   colortex0 read=alt write=main
[debug]: irisbridge: 1 pack function(s) given a sampler2DArray overload
[info]: irisbridge: gbuffers_terrain compiled against the Cubyz vertex prologue
[debug]: irisbridge: 1 pack function(s) given a sampler2DArray overload
[info]: irisbridge: gbuffers_water compiled; transparent chunks draw through the pack
[info]: irisbridge: gbuffers_skybasic compiled; the pack's own sky draws before terrain
[info]: irisbridge: 45 custom uniforms declared, 45 parsed, 45 evaluable
[info]: irisbridge: loaded noise texture tex/noise2D.png (256x256)
[info]: irisbridge: mc_Entity table built for 411 block(s), 12 matched the pack
[info]: irisbridge: loaded PotatoShaders_v1.0d (22 programs, 9 passes in the chain)
[info]: irisbridge: no block.properties; mc_Entity stays 0 for every block
[info]: irisbridge: CubyzVanillaPlus declares no uniforms the bridge is missing
[info]: irisbridge: pack declares no buffer sizes; every colortex is screen-sized
[info]: irisbridge: resolved pass order and colortex0 sides:
    composite0 draws 0   colortex0 read=main write=alt
    final0 draws 0   colortex0 read=alt write=main
[info]: irisbridge: gbuffers_terrain compiled against the Cubyz vertex prologue
[info]: irisbridge: shadow program compiled
[info]: irisbridge: gbuffers_water compiled; transparent chunks draw through the pack
[info]: irisbridge: 0 custom uniforms declared, 0 parsed, 0 evaluable
[info]: irisbridge: pack ships no noise texture, generated one at 256x256
[info]: irisbridge: mc_Entity table built for 411 block(s), 0 matched the pack
[info]: irisbridge: loaded CubyzVanillaPlus (5 programs, 2 passes in the chain)
[info]: irisbridge: 2 option override(s) from shaderpacks/LIGHT-Shaders-1.4.0.options.txt
[info]: irisbridge: no block.properties; mc_Entity stays 0 for every block
[info]: irisbridge: option overrides rewrote 3 declaring line(s) across the pack's sources
[info]: irisbridge: LIGHT-Shaders-1.4.0 declares no uniforms the bridge is missing
[info]: irisbridge: LIGHT-Shaders-1.4.0 reads 4 documented constant(s) Cubyz has no equivalent for, so they never change: rainStrength, wetness, heldItemId, heldBlockLightValue
[info]: irisbridge: pack declares no buffer sizes; every colortex is screen-sized
[info]: irisbridge: resolved pass order and colortex0 sides:
    composite0 draws 4   colortex0 read=main write=alt
    final0 draws 0   colortex0 read=main write=alt
[info]: irisbridge: gbuffers_terrain compiled against the Cubyz vertex prologue
[info]: irisbridge: shadow program compiled
[info]: irisbridge: gbuffers_water compiled; transparent chunks draw through the pack
[info]: irisbridge: gbuffers_skybasic compiled; the pack's own sky draws before terrain
[info]: irisbridge: 0 custom uniforms declared, 0 parsed, 0 evaluable
[info]: irisbridge: pack ships no noise texture, generated one at 1024x1024
[info]: irisbridge: mc_Entity table built for 411 block(s), 0 matched the pack
[info]: irisbridge: loaded LIGHT-Shaders-1.4.0 (13 programs, 2 passes in the chain)
[info]: irisbridge: block.properties: 18 entries
[warning]: irisbridge: VibrantVanilla reads 2 uniform(s) nothing supplies, so they are zero: shadowModelViewMatrix, shadowProjectionMatrix
[info]: irisbridge: VibrantVanilla reads 3 documented constant(s) Cubyz has no equivalent for, so they never change: rainStrength, heldBlockLightValue, heldBlockLightValue2
[info]: irisbridge: pack declares no buffer sizes; every colortex is screen-sized
[info]: irisbridge: resolved pass order and colortex0 sides:
    final0 draws 0   colortex0 read=main write=alt
[info]: irisbridge: gbuffers_terrain compiled against the Cubyz vertex prologue
[info]: irisbridge: shadow program compiled
[info]: irisbridge: gbuffers_water compiled; transparent chunks draw through the pack
[info]: irisbridge: gbuffers_skybasic compiled; the pack's own sky draws before terrain
[info]: irisbridge: 0 custom uniforms declared, 0 parsed, 0 evaluable
[info]: irisbridge: pack ships no noise texture, generated one at 256x256
[info]: irisbridge: mc_Entity table built for 411 block(s), 5 matched the pack
[info]: irisbridge: loaded VibrantVanilla (13 programs, 1 passes in the chain)
[info]: irisbridge: no block.properties; mc_Entity stays 0 for every block
[warning]: irisbridge: ToonCelShader reads 1 uniform(s) nothing supplies, so they are zero: screenSize
[info]: irisbridge: ToonCelShader reads 1 documented constant(s) Cubyz has no equivalent for, so they never change: rainStrength
[info]: irisbridge: pack declares no buffer sizes; every colortex is screen-sized
[info]: irisbridge: resolved pass order and colortex0 sides:
    composite0 draws 0   colortex0 read=main write=alt
    final0 draws 0   colortex0 read=alt write=main
[info]: irisbridge: gbuffers_terrain compiled against the Cubyz vertex prologue
[info]: irisbridge: shadow program compiled
[info]: irisbridge: gbuffers_water compiled; transparent chunks draw through the pack
[info]: irisbridge: 0 custom uniforms declared, 0 parsed, 0 evaluable
[info]: irisbridge: pack ships no noise texture, generated one at 256x256
[info]: irisbridge: mc_Entity table built for 411 block(s), 0 matched the pack
[info]: irisbridge: loaded ToonCelShader (7 programs, 2 passes in the chain)
[info]: irisbridge: extracted shaderpacks/SimpleIrisShaders.zip to shaderpacks/.cache/SimpleIrisShaders
[info]: irisbridge: 6 option override(s) from shaderpacks/SimpleIrisShaders.options.txt
[info]: irisbridge: profile 'igpu' set 2 option(s)
[info]: irisbridge: no block.properties; mc_Entity stays 0 for every block
[info]: irisbridge: option overrides rewrote 54 declaring line(s) across the pack's sources
[info]: irisbridge: SimpleIrisShaders declares no uniforms the bridge is missing
[info]: irisbridge: SimpleIrisShaders reads 1 documented constant(s) Cubyz has no equivalent for, so they never change: rainStrength
[info]: irisbridge: pack declares no buffer sizes; every colortex is screen-sized
[info]: irisbridge: resolved pass order and colortex0 sides:
    composite0 draws 0   colortex0 read=main write=alt
    final0 draws 0   colortex0 read=alt write=main
[error]: OpenGL Shader Compiler error: 0:627(22): error: no function with name 'cubyz_blockTextures'
[error]: OpenGL Shader Compiler error: 0:627(22): error: type mismatch
[error]: irisbridge: gbuffers_terrain (frag) failed to compile:
0:627(22): error: no function with name 'cubyz_blockTextures'
0:627(22): error: type mismatch
0:628(28): warning: `shadowDepth' used uninitialized

[info]: irisbridge: wrote generated source to irisbridge_dump/gbuffers_terrain.frag.glsl
[warning]: irisbridge: gbuffers_terrain did not compile against the prologue
[info]: irisbridge: shadow program compiled
[error]: OpenGL Shader Compiler error: 0:630(22): error: no function with name 'cubyz_blockTextures'
[error]: OpenGL Shader Compiler error: 0:630(22): error: type mismatch
[error]: irisbridge: gbuffers_water (frag) failed to compile:
0:630(22): error: no function with name 'cubyz_blockTextures'
0:630(22): error: type mismatch
0:631(28): warning: `shadowDepth' used uninitialized

[info]: irisbridge: wrote generated source to irisbridge_dump/gbuffers_water.frag.glsl
[warning]: irisbridge: gbuffers_water did not compile; transparent chunks keep Cubyz's shader
[info]: irisbridge: 0 custom uniforms declared, 0 parsed, 0 evaluable
[info]: irisbridge: pack ships no noise texture, generated one at 256x256
[info]: irisbridge: mc_Entity table built for 411 block(s), 0 matched the pack
[info]: irisbridge: loaded SimpleIrisShaders (7 programs, 2 passes in the chain)
[info]: irisbridge: extracted shaderpacks/Halcyon.zip to shaderpacks/.cache/Halcyon
[info]: irisbridge: no block.properties; mc_Entity stays 0 for every block
[info]: irisbridge: Halcyon declares no uniforms the bridge is missing
[info]: irisbridge: Halcyon reads 1 documented constant(s) Cubyz has no equivalent for, so they never change: rainStrength
[info]: irisbridge: pack declares no buffer sizes; every colortex is screen-sized
[info]: irisbridge: resolved pass order and colortex0 sides:
    deferred0 draws 0   colortex0 read=main write=alt
    composite0 draws 0   colortex0 read=alt write=main
    composite1 draws 0   colortex0 read=main write=alt
    final0 draws 0   colortex0 read=alt write=main
[info]: irisbridge: gbuffers_terrain compiled against the Cubyz vertex prologue
[info]: irisbridge: shadow program compiled
[info]: irisbridge: gbuffers_water compiled; transparent chunks draw through the pack
[info]: irisbridge: gbuffers_skybasic compiled; the pack's own sky draws before terrain
[info]: irisbridge: 0 custom uniforms declared, 0 parsed, 0 evaluable
[info]: irisbridge: pack ships no noise texture, generated one at 256x256
[info]: irisbridge: mc_Entity table built for 411 block(s), 0 matched the pack
[info]: irisbridge: loaded Halcyon (11 programs, 4 passes in the chain)
[info]: irisbridge: extracted shaderpacks/CinematicRealism.zip to shaderpacks/.cache/CinematicRealism
[info]: irisbridge: block.properties: 12 entries
[warning]: irisbridge: CinematicRealism reads 1 uniform(s) nothing supplies, so they are zero: screenSize
[info]: irisbridge: CinematicRealism reads 1 documented constant(s) Cubyz has no equivalent for, so they never change: rainStrength
[info]: irisbridge: pack declares no buffer sizes; every colortex is screen-sized
[info]: irisbridge: resolved pass order and colortex0 sides:
    composite0 draws 0   colortex0 read=main write=alt
    composite1 draws 1   colortex0 read=alt write=main
    composite2 draws 0   colortex0 read=alt write=main
    final0 draws 0   colortex0 read=main write=alt
[info]: irisbridge: gbuffers_terrain compiled against the Cubyz vertex prologue
[info]: irisbridge: shadow program compiled
[info]: irisbridge: gbuffers_water compiled; transparent chunks draw through the pack
[info]: irisbridge: 0 custom uniforms declared, 0 parsed, 0 evaluable
[info]: irisbridge: pack ships no noise texture, generated one at 256x256
[info]: irisbridge: mc_Entity table built for 411 block(s), 2 matched the pack
[info]: irisbridge: loaded CinematicRealism (9 programs, 4 passes in the chain)
[info]: irisbridge: extracted shaderpacks/Cinematic VanillaV2.zip to shaderpacks/.cache/Cinematic VanillaV2
[info]: irisbridge: pack offers profiles: LOW, MEDIUM, HIGH, POSTER (select one with `profile = <name>` in the options file)
[warning]: irisbridge: /world0/gbuffers_clouds.fsh: no DRAWBUFFERS directive survives preprocessing; taking the raw text's

[info]: irisbridge: block.properties: 398 entries (state-predicated entries dropped)
[info]: irisbridge: 39 block entry(s) carry state predicates Cubyz cannot express, and are skipped
[warning]: irisbridge: Cinematic VanillaV2 reads 21 uniform(s) nothing supplies, so they are zero: borderFar, camPosDelta, dayCycle, dayCycleAdjust, dhProjection, dhProjectionInverse, effectFactor, eyeSkylight, fragmentFrameTime, frameFract, frameMod, isPrecipitationRain, lightningFlash, modelViewMatrix, pixelHeight, pixelWidth, projectionMatrix, shdFade, twilightPhase, vertexFrameTime, volumetricCloudFar
[info]: irisbridge: Cinematic VanillaV2 reads 6 documented constant(s) Cubyz has no equivalent for, so they never change: rainStrength, nightVision, blindness, darknessFactor, darknessLightFactor, dhNearPlane
[warning]: irisbridge: Cinematic VanillaV2 sets `shadowHardwareFiltering`, which this bridge cannot honour: superseded by per-program sampler objects, which handle packs that declare shadowtex both ways
[info]: irisbridge: pack declares no buffer sizes; every colortex is screen-sized
[error]: OpenGL Shader Compiler error: 0:1140(104): error: `rayTracerStepsInv' undeclared
[error]: OpenGL Shader Compiler error: 0:1140(25): error: operands to arithmetic operators must be numeric
[error]: OpenGL Shader Compiler error: 0:1247(39): error: no function with name 'getSkyReflection'
[error]: OpenGL Shader Compiler error: 0:1247(39): error: second and third operands of ?: operator must have matching types
[error]: OpenGL Shader Compiler error: 0:1320(20): error: no function with name 'getSkyBasic'
[error]: OpenGL Shader Compiler error: 0:1325(16): error: no function with name 'getFullSkyRender'
[error]: OpenGL Shader Compiler error: 0:1325(16): error: operands to arithmetic operators must be numeric
[error]: OpenGL Shader Compiler error: 0:1357(19): error: no function with name 'getSkyFogRender'
[error]: irisbridge: deferred1 (frag) failed to compile:
0:1140(104): error: `rayTracerStepsInv' undeclared
0:1140(25): error: operands to arithmetic operators must be numeric
0:1143(30): warning: `screenPosRayDir' used uninitialized
0:1147(14): warning: `screenPosRayDir' used uninitialized
0:1247(39): error: no function with name 'getSkyReflection'
0:1247(39): error: second and third operands of ?: operator must have matching types
0:1262(40): warning: `reflectCol' used uninitialized
0:1263(20): warning: `reflectCol' used uninitialized
0:1320(20): error: no function with name 'getSkyBasic'
0:1325(56): warning: `currSkyCol' used uninitialized
0:1325(16): error: no function with name 'getFullSkyRender'
0:1325(16): error: operands to arithmetic operators must be numeric
0:1357(19): error: no function with name 'getSkyFogRender'

[info]: irisbridge: wrote generated source to irisbridge_dump/deferred1.frag.glsl
[error]: OpenGL Shader Compiler error: 0:1261(104): error: `rayTracerStepsInv' undeclared
[error]: OpenGL Shader Compiler error: 0:1261(25): error: operands to arithmetic operators must be numeric
[error]: OpenGL Shader Compiler error: 0:1368(39): error: no function with name 'getSkyReflection'
[error]: OpenGL Shader Compiler error: 0:1368(39): error: second and third operands of ?: operator must have matching types
[error]: OpenGL Shader Compiler error: 0:1465(19): error: no function with name 'getSkyFogRender'
[error]: irisbridge: composite (frag) failed to compile:
0:1261(104): error: `rayTracerStepsInv' undeclared
0:1261(25): error: operands to arithmetic operators must be numeric
0:1264(30): warning: `screenPosRayDir' used uninitialized
0:1268(14): warning: `screenPosRayDir' used uninitialized
0:1368(39): error: no function with name 'getSkyReflection'
0:1368(39): error: second and third operands of ?: operator must have matching types
0:1383(40): warning: `reflectCol' used uninitialized
0:1384(20): warning: `reflectCol' used uninitialized
0:1465(19): error: no function with name 'getSkyFogRender'

[info]: irisbridge: wrote generated source to irisbridge_dump/composite.frag.glsl
[error]: OpenGL Shader Compiler error: 0:890(12): error: `dayCycleAdjust' undeclared
[error]: irisbridge: composite6 (frag) failed to compile:
0:890(12): error: `dayCycleAdjust' undeclared
0:891(23): warning: `t' used uninitialized
0:904(30): warning: `t' used uninitialized

[info]: irisbridge: wrote generated source to irisbridge_dump/composite6.frag.glsl
[info]: irisbridge: resolved pass order and colortex0 sides:
    deferred0 draws 2   colortex0 read=main write=alt
    composite1 draws 4 5   colortex0 read=main write=alt
    composite2 draws 4   colortex0 read=main write=alt
    composite3 draws 4   colortex0 read=main write=alt
    composite4 draws 0   colortex0 read=main write=alt
    composite5 draws 0   colortex0 read=alt write=main
    composite7 draws 3   colortex0 read=main write=alt
    final0 draws 0   colortex0 read=main write=alt
[info]: irisbridge: gbuffers_terrain declares mc_Entity vec3, mc_midTexCoord vec2, at_tangent vec4
[error]: OpenGL Shader Compiler error: 0:1201(24): error: `sunMoonIntensitySqrd' undeclared
[error]: OpenGL Shader Compiler error: 0:1201(24): error: operands to arithmetic operators must be numeric
[error]: OpenGL Shader Compiler error: 0:1851(99): error: `blockLightColor' undeclared
[error]: OpenGL Shader Compiler error: 0:1851(32): error: operands to arithmetic operators must be numeric
[error]: OpenGL Shader Compiler error: 0:1851(23): error: no matching function for call to `toLinear(error)'; candidates are:
[error]: OpenGL Shader Compiler error: 0:1851(23): error:    float toLinear(float)
[error]: OpenGL Shader Compiler error: 0:1851(23): error:    vec3 toLinear(vec3)
[error]: OpenGL Shader Compiler error: 0:1975(43): error: `EMISSIVE_INTENSITY' undeclared
[error]: OpenGL Shader Compiler error: 0:1975(23): error: operands to arithmetic operators must be numeric
[error]: OpenGL Shader Compiler error: 0:2007(25): error: `LAVA_BRIGHTNESS' undeclared
[error]: OpenGL Shader Compiler error: 0:2017(23): error: `SCULK_BRIGHTNESS' undeclared
[error]: irisbridge: gbuffers_terrain (frag) failed to compile:
0:1201(24): error: `sunMoonIntensitySqrd' undeclared
0:1201(24): error: operands to arithmetic operators must be numeric
0:1219(18): warning: `specIntensity' used uninitialized
0:1223(18): warning: `specIntensity' used uninitialized
0:1851(99): error: `blockLightColor' undeclared
0:1851(32): error: operands to arithmetic operators must be numeric
0:1851(23): error: no matching function for call to `toLinear(error)'; candidates are:
0:1851(23): error:    float toLinear(float)
0:1851(23): error:    vec3 toLinear(vec3)
0:1975(43): error: `EMISSIVE_INTENSITY' undeclared
0:1975(23): error: operands to arithmetic operators must be numeric
0:1993(9): warning: `material' used uninitialized
0:2007(25): error: `LAVA_BRIGHTNESS' undeclared
0:2017(23): error: `SCULK_BRIGHTNESS' undeclared

[info]: irisbridge: wrote generated source to irisbridge_dump/gbuffers_terrain.frag.glsl
[warning]: irisbridge: gbuffers_terrain did not compile against the prologue
[info]: irisbridge: shadow declares mc_Entity vec3, mc_midTexCoord vec4, at_tangent vec4
[error]: OpenGL Shader Compiler error: 0:977(39): error: `waterTileSizeInv' undeclared
[error]: OpenGL Shader Compiler error: 0:977(17): error: operands to arithmetic operators must be numeric
[error]: irisbridge: shadow (vert) failed to compile:
0:977(39): error: `waterTileSizeInv' undeclared
0:977(17): error: operands to arithmetic operators must be numeric

[info]: irisbridge: wrote generated source to irisbridge_dump/shadow.vert.glsl
[warning]: irisbridge: shadow program did not compile; shadows stay unoccluded
[info]: irisbridge: gbuffers_water declares mc_Entity vec3, mc_midTexCoord vec2, at_tangent vec4
[error]: OpenGL Shader Compiler error: 0:924(37): error: `waterTileSizeInv' undeclared
[error]: OpenGL Shader Compiler error: 0:924(17): error: operands to arithmetic operators must be numeric
[error]: irisbridge: gbuffers_water (vert) failed to compile:
0:924(37): error: `waterTileSizeInv' undeclared
0:924(17): error: operands to arithmetic operators must be numeric

[info]: irisbridge: wrote generated source to irisbridge_dump/gbuffers_water.vert.glsl
[warning]: irisbridge: gbuffers_water did not compile; transparent chunks keep Cubyz's shader
[info]: irisbridge: gbuffers_skybasic compiled; the pack's own sky draws before terrain
[info]: irisbridge: 0 custom uniforms declared, 0 parsed, 0 evaluable
[info]: irisbridge: loaded noise texture textures/noise.png (256x256)
[info]: irisbridge: mc_Entity table built for 411 block(s), 22 matched the pack
[info]: irisbridge: loaded Cinematic VanillaV2 (36 programs, 8 passes in the chain)
[info]: irisbridge: extracted shaderpacks/Baunilha_shaders_v2.zip to shaderpacks/.cache/Baunilha_shaders_v2
[error]: irisbridge: Baunilha_shaders_v2 requires Iris features this bridge does not implement, so it is not loaded: SSBO, COMPUTE_SHADERS
[info]: irisbridge: 7 option override(s) from shaderpacks/BakedPotatoShadersV1.0.options.txt
[info]: irisbridge: profile 'QUALITY' set 6 option(s)
[info]: irisbridge: block.properties: 105 entries (state-predicated entries dropped)
[info]: irisbridge: 7 block entry(s) carry state predicates Cubyz cannot express, and are skipped
[info]: irisbridge: option overrides rewrote 2067 declaring line(s) across the pack's sources
[info]: irisbridge: BakedPotatoShadersV1.0 declares no uniforms the bridge is missing
[info]: irisbridge: BakedPotatoShadersV1.0 reads 8 documented constant(s) Cubyz has no equivalent for, so they never change: rainStrength, thunderStrength, heldItemId, heldItemId2, heldBlockLightValue, heldBlockLightValue2, currentRenderedItemId, lightningBoltPosition
[warning]: irisbridge: BakedPotatoShadersV1.0 sets `ambientOcclusionLevel`, which this bridge cannot honour: Cubyz's per-vertex light has no separable occlusion term to scale
[info]: irisbridge: pack declares no buffer sizes; every colortex is screen-sized
[info]: irisbridge: resolved pass order and colortex0 sides:
    composite0 draws 1   colortex0 read=main write=alt
    final0 draws 0   colortex0 read=main write=alt
[info]: irisbridge: gbuffers_terrain declares mc_Entity vec2, mc_midTexCoord vec4, at_tangent vec4
[info]: irisbridge: gbuffers_terrain compiled against the Cubyz vertex prologue
[info]: irisbridge: shadow declares mc_Entity vec2, mc_midTexCoord vec4, at_tangent vec4
[info]: irisbridge: shadow program compiled
[info]: irisbridge: gbuffers_water declares mc_Entity vec2, mc_midTexCoord vec4, at_tangent vec4
[info]: irisbridge: gbuffers_water compiled; transparent chunks draw through the pack
[info]: irisbridge: gbuffers_skybasic compiled; the pack's own sky draws before terrain
[info]: irisbridge: 22 custom uniforms declared, 22 parsed, 22 evaluable
[info]: irisbridge: pack ships no noise texture, generated one at 256x256
[info]: irisbridge: mc_Entity table built for 411 block(s), 8 matched the pack
[info]: irisbridge: loaded BakedPotatoShadersV1.0 (27 programs, 2 passes in the chain)
[info]: irisbridge: extracted shaderpacks/Aerial 0.6.zip to shaderpacks/.cache/Aerial 0.6
[info]: irisbridge: block.properties: 82 entries (state-predicated entries dropped)
[info]: irisbridge: 1 block entry(s) carry state predicates Cubyz cannot express, and are skipped
[info]: irisbridge: Aerial 0.6 declares no uniforms the bridge is missing
[info]: irisbridge: Aerial 0.6 reads 3 documented constant(s) Cubyz has no equivalent for, so they never change: rainStrength, wetness, thunderStrength
[warning]: irisbridge: Aerial 0.6 sets `ambientOcclusionLevel`, which this bridge cannot honour: Cubyz's per-vertex light has no separable occlusion term to scale
[info]: irisbridge: pack declares no buffer sizes; every colortex is screen-sized
[info]: irisbridge: resolved pass order and colortex0 sides:
    deferred0 draws 0   colortex0 read=main write=alt
    deferred1 draws 0   colortex0 read=alt write=main
    composite0 draws 0   colortex0 read=main write=alt
    composite1 draws 0   colortex0 read=alt write=main
    composite2 draws 3   colortex0 read=main write=alt
    composite3 draws 4   colortex0 read=main write=alt
    final0 draws 0   colortex0 read=main write=alt
[info]: irisbridge: gbuffers_terrain compiled against the Cubyz vertex prologue
[info]: irisbridge: shadow program compiled
[info]: irisbridge: gbuffers_water compiled; transparent chunks draw through the pack
[info]: irisbridge: gbuffers_skybasic compiled; the pack's own sky draws before terrain
[info]: irisbridge: 0 custom uniforms declared, 0 parsed, 0 evaluable
[info]: irisbridge: pack ships no noise texture, generated one at 256x256
[info]: irisbridge: mc_Entity table built for 411 block(s), 17 matched the pack
[info]: irisbridge: loaded Aerial 0.6 (15 programs, 7 passes in the chain)
[info]: irisbridge: extracted shaderpacks/§lE-LITE shaders 5.1.1.zip to shaderpacks/.cache/§lE-LITE shaders 5.1.1
[info]: irisbridge: profile 'no_effects' set 30 option(s)
[warning]: irisbridge: /world0/gbuffers_clouds.fsh: no DRAWBUFFERS directive survives preprocessing; taking the raw text's

[info]: irisbridge: block.properties: 3764 entries (state-predicated entries dropped)
[info]: irisbridge: 169 block entry(s) carry state predicates Cubyz cannot express, and are skipped
[info]: irisbridge: option overrides rewrote 1500 declaring line(s) across the pack's sources
[warning]: irisbridge: §lE-LITE shaders 5.1.1 reads 4 uniform(s) nothing supplies, so they are zero: dhProjectionInverse, dither_shift, vxDepthTexTrans, vxRenderDistance
[info]: irisbridge: §lE-LITE shaders 5.1.1 reads 14 documented constant(s) Cubyz has no equivalent for, so they never change: rainStrength, wetness, nightVision, blindness, darknessFactor, darknessLightFactor, heldItemId, heldItemId2, currentRenderedItemId, hideGUI, lightningBoltPosition, endFlashIntensity, dhNearPlane, dhFarPlane
[info]: irisbridge: composite1 switched off by the pack's own `BLOOM || DOF`
[info]: irisbridge: shadow switched off by the pack's own `SHADOW_CASTING`
[info]: irisbridge: shadow switched off by the pack's own `SHADOW_CASTING`
[info]: irisbridge: composite1 switched off by the pack's own `BLOOM || DOF`
[info]: irisbridge: profile or option disabled program shadow0
[info]: irisbridge: profile or option disabled program composite1
[info]: irisbridge: pack declares no buffer sizes; every colortex is screen-sized
[debug]: irisbridge: 2 clamp bound(s) made explicit for the driver
[info]: irisbridge: resolved pass order and colortex0 sides:
    prepare0 draws 1 7   colortex0 read=main write=alt
    deferred0 draws 1 2 4   colortex0 read=main write=alt
    composite0 draws 1 4 6   colortex0 read=main write=alt
    composite2 draws 1   colortex0 read=main write=alt
    final0 draws 0   colortex0 read=main write=alt
[info]: irisbridge: gbuffers_terrain declares mc_Entity vec4, mc_midTexCoord vec2, at_tangent vec4
[debug]: irisbridge: 3 pack function(s) given a sampler2DArray overload
[info]: irisbridge: gbuffers_terrain compiled against the Cubyz vertex prologue
[error]: irisbridge: shadow failed to link:
error: fragment shader input `visible_sky' has no matching output in the previous stage

[warning]: irisbridge: shadow program did not compile; shadows stay unoccluded
[debug]: irisbridge: 3 clamp bound(s) made explicit for the driver
[debug]: irisbridge: 2 pack function(s) given a sampler2DArray overload
[info]: irisbridge: gbuffers_water compiled; transparent chunks draw through the pack
[info]: irisbridge: gbuffers_skybasic compiled; the pack's own sky draws before terrain
[info]: irisbridge: 44 custom uniforms declared, 44 parsed, 44 evaluable
[info]: irisbridge: texture.deferred.colortex2 -> textures/clouds_natural_512_R_8bit.png (512x512) on unit 2
[info]: irisbridge: texture.gbuffers.gaux2 -> textures/clouds_natural_512_R_8bit.png (512x512) on unit 5
[info]: irisbridge: texture.gbuffers.noisetex -> textures/water_256_RG_8bit.png (256x256) on unit 26
[info]: irisbridge: texture.deferred.gaux2 -> textures/clouds_natural_512_R_8bit.png (512x512) on unit 5
[info]: irisbridge: pack ships no noise texture, generated one at 256x256
[info]: irisbridge: mc_Entity table built for 411 block(s), 36 matched the pack (with shared-texture conflicts)
[warning]: irisbridge: 1 texture(s) are shared by blocks the pack maps differently; the first id wins
[info]: irisbridge: loaded §lE-LITE shaders 5.1.1 (25 programs, 5 passes in the chain)
[warning]: irisbridge: custom uniform 'taa_offset' failed at runtime: UnknownFunction
[info]: irisbridge: extracted shaderpacks/Sildur's Vibrant Shaders v2.01 Extreme.zip to shaderpacks/.cache/Sildur's Vibrant Shaders v2.01 Extreme
[info]: irisbridge: 2 option override(s) from shaderpacks/Sildur's Vibrant Shaders v2.01 Extreme.options.txt
[info]: irisbridge: block.properties: 290 entries (state-predicated entries dropped)
[info]: irisbridge: 72 block entry(s) carry state predicates Cubyz cannot express, and are skipped
[info]: irisbridge: option overrides rewrote 66 declaring line(s) across the pack's sources
[warning]: irisbridge: Sildur's Vibrant Shaders v2.01 Extreme reads 6 uniform(s) nothing supplies, so they are zero: isNether, sunVec, upVec, vxModelView, vxModelViewInv, vxRenderDistance
[info]: irisbridge: Sildur's Vibrant Shaders v2.01 Extreme reads 8 documented constant(s) Cubyz has no equivalent for, so they never change: rainStrength, wetness, nightVision, blindness, darknessFactor, darknessLightFactor, heldBlockLightValue, heldBlockLightValue2
[info]: irisbridge: pack declares no buffer sizes; every colortex is screen-sized
[info]: irisbridge: resolved pass order and colortex0 sides:
    deferred0 draws 4 6   colortex0 read=main write=alt
    deferred1 draws 4   colortex0 read=main write=alt
    composite0 draws 3 5   colortex0 read=main write=alt
    composite1 draws 4   colortex0 read=main write=alt
    composite2 draws 7   colortex0 read=main write=alt
    final0 draws 0   colortex0 read=main write=alt
[info]: irisbridge: shadow program compiled
[info]: irisbridge: gbuffers_water compiled; transparent chunks draw through the pack
[info]: irisbridge: gbuffers_skybasic compiled; the pack's own sky draws before terrain
[info]: irisbridge: 2 custom uniforms declared, 2 parsed, 2 evaluable
[info]: irisbridge: pack ships no noise texture, generated one at 128x128
[info]: irisbridge: mc_Entity table built for 411 block(s), 16 matched the pack
[info]: irisbridge: loaded Sildur's Vibrant Shaders v2.01 Extreme (19 programs, 6 passes in the chain)
[info]: irisbridge: extracted shaderpacks/Builder's QOL Shaders V2.11.0.zip to shaderpacks/.cache/Builder's QOL Shaders V2.11.0
[info]: irisbridge: 1 option override(s) from shaderpacks/Builder's QOL Shaders V2.11.0.options.txt
[info]: irisbridge: block.properties: 267 entries (state-predicated entries dropped)
[info]: irisbridge: 64 block entry(s) carry state predicates Cubyz cannot express, and are skipped
[info]: irisbridge: option overrides rewrote 2 declaring line(s) across the pack's sources
[warning]: irisbridge: Builder's QOL Shaders V2.11.0 reads 1 uniform(s) nothing supplies, so they are zero: blendFunc
[info]: irisbridge: Builder's QOL Shaders V2.11.0 reads 11 documented constant(s) Cubyz has no equivalent for, so they never change: rainStrength, wetness, nightVision, blindness, darknessLightFactor, screenBrightness, heldItemId, heldItemId2, heldBlockLightValue, isSpectator, lightningBoltPosition
[info]: irisbridge: pack declares no buffer sizes; every colortex is screen-sized
[info]: irisbridge: resolved pass order and colortex0 sides:
    composite0 draws 0 2 5   colortex0 read=main write=alt
    composite1 draws 6   colortex0 read=alt write=main
    composite2 draws 3   colortex0 read=alt write=main
    final0 draws 0   colortex0 read=alt write=main
[info]: irisbridge: gbuffers_terrain declares mc_Entity vec3, mc_midTexCoord vec2, at_tangent vec4
[info]: irisbridge: gbuffers_terrain compiled against the Cubyz vertex prologue
[info]: irisbridge: gbuffers_water declares mc_Entity vec3, mc_midTexCoord vec4, at_tangent vec4
[info]: irisbridge: gbuffers_water compiled; transparent chunks draw through the pack
[info]: irisbridge: gbuffers_skybasic compiled; the pack's own sky draws before terrain
[info]: irisbridge: 15 custom uniforms declared, 15 parsed, 15 evaluable
[info]: irisbridge: texture.gbuffers.gaux2 -> /textures/end_island.png (1024x1024) on unit 5
[info]: irisbridge: texture.gbuffers.gaux1 -> /textures/overworld.png (1024x1024) on unit 4
[info]: irisbridge: 1 texture binding(s) name Minecraft assets Cubyz does not have, and are skipped
[info]: irisbridge: pack ships no noise texture, generated one at 256x256
[info]: irisbridge: mc_Entity table built for 411 block(s), 17 matched the pack
[info]: irisbridge: loaded Builder's QOL Shaders V2.11.0 (19 programs, 4 passes in the chain)
[info]: irisbridge: 13 option override(s) from shaderpacks/superDuperVanilla.options.txt
[info]: irisbridge: profile 'MEDIUM' set 12 option(s)
[warning]: irisbridge: /world0/gbuffers_clouds.fsh: no DRAWBUFFERS directive survives preprocessing; taking the raw text's

[info]: irisbridge: block.properties: 398 entries (state-predicated entries dropped)
[info]: irisbridge: 39 block entry(s) carry state predicates Cubyz cannot express, and are skipped
[info]: irisbridge: option overrides rewrote 1744 declaring line(s) across the pack's sources
[warning]: irisbridge: superDuperVanilla reads 4 uniform(s) nothing supplies, so they are zero: dhProjection, dhProjectionInverse, modelViewMatrix, projectionMatrix
[info]: irisbridge: superDuperVanilla reads 6 documented constant(s) Cubyz has no equivalent for, so they never change: rainStrength, nightVision, blindness, darknessFactor, darknessLightFactor, dhNearPlane
[warning]: irisbridge: superDuperVanilla sets `shadowHardwareFiltering`, which this bridge cannot honour: superseded by per-program sampler objects, which handle packs that declare shadowtex both ways
[info]: irisbridge: pack declares no buffer sizes; every colortex is screen-sized
[info]: irisbridge: resolved pass order and colortex0 sides:
    deferred0 draws 2   colortex0 read=main write=alt
    deferred1 draws 4   colortex0 read=main write=alt
    composite0 draws 4   colortex0 read=main write=alt
    composite1 draws 4 5   colortex0 read=main write=alt
    composite2 draws 4   colortex0 read=main write=alt
    composite3 draws 4   colortex0 read=main write=alt
    composite4 draws 0   colortex0 read=main write=alt
    composite5 draws 0   colortex0 read=alt write=main
    composite6 draws 3   colortex0 read=main write=alt
    composite7 draws 3   colortex0 read=main write=alt
    final0 draws 0   colortex0 read=main write=alt
[info]: irisbridge: gbuffers_terrain declares mc_Entity vec3, mc_midTexCoord vec2, at_tangent vec4
[info]: irisbridge: gbuffers_terrain compiled against the Cubyz vertex prologue
[info]: irisbridge: shadow declares mc_Entity vec3, mc_midTexCoord vec4, at_tangent vec4
[info]: irisbridge: shadow program compiled
[info]: irisbridge: gbuffers_water declares mc_Entity vec3, mc_midTexCoord vec2, at_tangent vec4
[info]: irisbridge: gbuffers_water compiled; transparent chunks draw through the pack
[info]: irisbridge: gbuffers_skybasic compiled; the pack's own sky draws before terrain
[info]: irisbridge: 20 custom uniforms declared, 20 parsed, 20 evaluable
[info]: irisbridge: texture.deferred.colortex0 -> textures/clouds.png (256x256) on unit 0
[info]: irisbridge: texture.composite.colortex0 -> textures/clouds.png (256x256) on unit 0
[info]: irisbridge: loaded noise texture textures/noise.png (256x256)
[info]: irisbridge: mc_Entity table built for 411 block(s), 22 matched the pack
[info]: irisbridge: loaded superDuperVanilla (36 programs, 11 passes in the chain)
[info]: irisbridge: extracted shaderpacks/ComplementaryReimagined_r5.9.zip to shaderpacks/.cache/ComplementaryReimagined_r5.9
[info]: irisbridge: 1 option override(s) from shaderpacks/ComplementaryReimagined_r5.9.options.txt
[info]: irisbridge: pack offers profiles: POTATO, VERYLOW, LOW, MEDIUM, HIGH, VERYHIGH, ULTRA, COMPLEMENTARY (select one with `profile = <name>` in the options file)
[warning]: irisbridge: /world0/gbuffers_clouds.fsh: no DRAWBUFFERS directive survives preprocessing; taking the raw text's

[info]: irisbridge: block.properties: 1127 entries (state-predicated entries dropped)
[info]: irisbridge: 284 block entry(s) carry state predicates Cubyz cannot express, and are skipped
[info]: irisbridge: option overrides rewrote 60 declaring line(s) across the pack's sources
[warning]: irisbridge: ComplementaryReimagined_r5.9 reads 26 uniform(s) nothing supplies, so they are zero: cloudWaterTex, dhPreviousProjection, dhProjection, dhProjectionInverse, floodfill_sampler, floodfill_sampler_copy, playerAtlas_sampler, puddle_img, puddle_sampler, textureAtlas, velocity, voxel_img, voxel_sampler, vxDepthTexOpaque, vxDepthTexTrans, vxModelView, vxModelViewInv, vxModelViewPrev, vxProj, vxProjInv, vxProjPrev, vxRenderDistance, wsr_img, wsr_lod_img, wsr_lod_sampler, wsr_sampler
[info]: irisbridge: ComplementaryReimagined_r5.9 reads 17 documented constant(s) Cubyz has no equivalent for, so they never change: rainStrength, wetness, nightVision, blindness, darknessFactor, darknessLightFactor, screenBrightness, heldItemId, heldItemId2, heldBlockLightValue, heldBlockLightValue2, playerMood, currentRenderedItemId, relativeEyePosition, is_invisible, lightningBoltPosition, endFlashPosition
[warning]: irisbridge: ComplementaryReimagined_r5.9 sets `shadowHardwareFiltering`, which this bridge cannot honour: superseded by per-program sampler objects, which handle packs that declare shadowtex both ways
[info]: irisbridge: shadowcomp switched off by the pack's own `false`
[info]: irisbridge: pack declares no buffer sizes; every colortex is screen-sized
[debug]: irisbridge: 1 clamp bound(s) made explicit for the driver
[debug]: irisbridge: 1 clamp bound(s) made explicit for the driver
[debug]: irisbridge: 1 clamp bound(s) made explicit for the driver
[debug]: irisbridge: 1 clamp bound(s) made explicit for the driver
[info]: irisbridge: resolved pass order and colortex0 sides:
    deferred1 draws 0 5 4   colortex0 read=main write=alt
    composite0 draws 7 1   colortex0 read=alt write=main
    composite1 draws 0 5   colortex0 read=alt write=main
    composite3 draws 0   colortex0 read=main write=alt
    composite4 draws 3   colortex0 read=alt write=main
    composite5 draws 3   colortex0 read=alt write=main
    composite6 draws 3 2   colortex0 read=alt write=main
    composite7 draws 3   colortex0 read=alt write=main
    final0 draws 0   colortex0 read=alt write=main
[debug]: irisbridge: 1 pack function(s) given a sampler2DArray overload
[info]: irisbridge: gbuffers_terrain compiled against the Cubyz vertex prologue
[info]: irisbridge: shadow program compiled
[debug]: irisbridge: 1 clamp bound(s) made explicit for the driver
[debug]: irisbridge: 1 clamp bound(s) made explicit for the driver
[debug]: irisbridge: 2 pack function(s) given a sampler2DArray overload
[info]: irisbridge: gbuffers_water compiled; transparent chunks draw through the pack
[info]: irisbridge: gbuffers_skybasic compiled; the pack's own sky draws before terrain
[info]: irisbridge: 30 custom uniforms declared, 30 parsed, 30 evaluable
[info]: irisbridge: texture.gbuffers.gaux4 -> lib/textures/cloud-water.png (256x256) on unit 7
[info]: irisbridge: texture.deferred.colortex3 -> lib/textures/cloud-water.png (256x256) on unit 3
[info]: irisbridge: loaded noise texture lib/textures/noise.png (128x128)
[info]: irisbridge: mc_Entity table built for 411 block(s), 36 matched the pack
[info]: irisbridge: loaded ComplementaryReimagined_r5.9 (30 programs, 9 passes in the chain)
[warning]: irisbridge: custom uniform 'inSulfurCaves' failed at runtime: UnknownVariable
[info]: irisbridge: extracted shaderpacks/Bliss_v2.1.2_(Chocapic13_Shaders_edit).zip to shaderpacks/.cache/Bliss_v2.1.2_(Chocapic13_Shaders_edit)
[info]: irisbridge: 1 option override(s) from shaderpacks/Bliss_v2.1.2_(Chocapic13_Shaders_edit).options.txt
[info]: irisbridge: profile 'OLD_BLISS_TONEMAP' set 1 option(s)
[warning]: irisbridge: /world0/gbuffers_skytextured.fsh: no DRAWBUFFERS directive survives preprocessing; taking the raw text's

[info]: irisbridge: block.properties: 2247 entries (state-predicated entries dropped)
[info]: irisbridge: 12500 block entry(s) carry state predicates Cubyz cannot express, and are skipped
[info]: irisbridge: option overrides rewrote 130 declaring line(s) across the pack's sources
[warning]: irisbridge: Bliss_v2.1.2_(Chocapic13_Shaders_edit) reads 16 uniform(s) nothing supplies, so they are zero: Moon_Weather_properties, dhPreviousProjection, dhProjection, dhProjectionInverse, farPlane, imgVoxelMask, isDead, moonIntensity, nsunColor, skyIntensity, skyIntensityNight, sunColor, sunIntensity, texBlockData, texLpv1, texLpv2
[info]: irisbridge: Bliss_v2.1.2_(Chocapic13_Shaders_edit) reads 14 documented constant(s) Cubyz has no equivalent for, so they never change: rainStrength, wetness, nightVision, blindness, darknessFactor, darknessLightFactor, screenBrightness, heldItemId, heldItemId2, currentRenderedItemId, hideGUI, lightningBoltPosition, dhNearPlane, dhFarPlane
[warning]: irisbridge: Bliss_v2.1.2_(Chocapic13_Shaders_edit) sets `shadowHardwareFiltering`, which this bridge cannot honour: superseded by per-program sampler objects, which handle packs that declare shadowtex both ways
[info]: irisbridge: deferred2 switched off by the pack's own `false`
[warning]: irisbridge: gbuffers_block_translucent switched off by `TRANSLUCENT_ENTITIES && IS_IRIS`, but 'IS_IRIS' matches no option this pack declares
[warning]: irisbridge: gbuffers_entities_translucent switched off by `TRANSLUCENT_ENTITIES && IS_IRIS`, but 'IS_IRIS' matches no option this pack declares
[info]: irisbridge: dh_water switched off by the pack's own `false`
[info]: irisbridge: setup switched off by the pack's own `false`
[info]: irisbridge: shadowcomp switched off by the pack's own `false`
[info]: irisbridge: composite5 switched off by the pack's own `TAA_UPSCALING`
[info]: irisbridge: dh_terrain switched off by the pack's own `false`
[info]: irisbridge: profile or option disabled program gbuffers_block_translucent0
[info]: irisbridge: profile or option disabled program gbuffers_entities_translucent0
[info]: irisbridge: profile or option disabled program deferred2
[info]: irisbridge: profile or option disabled program composite5
[info]: irisbridge: pack declares no buffer sizes; every colortex is screen-sized
[debug]: irisbridge: 2 clamp bound(s) made explicit for the driver
[debug]: irisbridge: 2 clamp bound(s) made explicit for the driver
[debug]: irisbridge: 2 clamp bound(s) made explicit for the driver
[debug]: irisbridge: 2 clamp bound(s) made explicit for the driver
[debug]: irisbridge: 1 clamp bound(s) made explicit for the driver
[info]: irisbridge: resolved pass order and colortex0 sides:
    deferred0 draws 4   colortex0 read=main write=alt
    deferred1 draws 4 12   colortex0 read=main write=alt
    composite0 draws 13   colortex0 read=main write=alt
    composite1 draws 3 14 12   colortex0 read=main write=alt
    composite2 draws 3   colortex0 read=main write=alt
    composite3 draws 0 14   colortex0 read=main write=alt
    composite4 draws 7 3   colortex0 read=alt write=main
    composite6 draws 5   colortex0 read=alt write=main
    composite7 draws 3   colortex0 read=alt write=main
    composite8 draws 6   colortex0 read=alt write=main
    composite9 draws 6   colortex0 read=alt write=main
    composite10 draws 6   colortex0 read=alt write=main
    composite11 draws 3   colortex0 read=alt write=main
    composite12 draws 7   colortex0 read=alt write=main
    composite13 draws 7   colortex0 read=alt write=main
    final0 draws 0   colortex0 read=alt write=main
[debug]: irisbridge: 1 pack function(s) given a sampler2DArray overload
[info]: irisbridge: gbuffers_terrain compiled against the Cubyz vertex prologue
[info]: irisbridge: shadow declares mc_Entity vec4, mc_midTexCoord vec4, at_tangent vec4
[info]: irisbridge: shadow program compiled
[debug]: irisbridge: 2 clamp bound(s) made explicit for the driver
[debug]: irisbridge: 7 pack function(s) given a sampler2DArray overload
[info]: irisbridge: gbuffers_water compiled; transparent chunks draw through the pack
[info]: irisbridge: gbuffers_skybasic compiled; the pack's own sky draws before terrain
[info]: irisbridge: 62 custom uniforms declared, 62 parsed, 62 evaluable
[info]: irisbridge: texture.composite.colortex6 -> texture/blueNoise.png (512x512) on unit 6
[info]: irisbridge: loaded noise texture texture/noises.png (512x512)
[info]: irisbridge: mc_Entity table built for 411 block(s), 25 matched the pack
[info]: irisbridge: loaded Bliss_v2.1.2_(Chocapic13_Shaders_edit) (38 programs, 16 passes in the chain)
[info]: irisbridge: 22 option override(s) from shaderpacks/Mellow Shader v3.4.options.txt
[info]: irisbridge: profile 'FABULOUS' set 6 option(s)
[info]: irisbridge: block.properties: 138 entries (state-predicated entries dropped)
[info]: irisbridge: 14 block entry(s) carry state predicates Cubyz cannot express, and are skipped
[info]: irisbridge: option overrides rewrote 1736 declaring line(s) across the pack's sources
[warning]: irisbridge: Mellow Shader v3.4 reads 14 uniform(s) nothing supplies, so they are zero: dhPreviousProjection, dhProjection, dhProjectionInverse, voxelImgSampler_a, voxelImgSampler_b, vxDepthTexOpaque, vxDepthTexTrans, vxModelView, vxModelViewInv, vxModelViewPrev, vxProj, vxProjInv, vxProjPrev, vxRenderDistance
[info]: irisbridge: Mellow Shader v3.4 reads 14 documented constant(s) Cubyz has no equivalent for, so they never change: rainStrength, wetness, thunderStrength, nightVision, blindness, darknessFactor, darknessLightFactor, screenBrightness, heldBlockLightValue, relativeEyePosition, hideGUI, lightningBoltPosition, endFlashIntensity, endFlashPosition
[warning]: irisbridge: Mellow Shader v3.4 sets `shadowHardwareFiltering`, which this bridge cannot honour: superseded by per-program sampler objects, which handle packs that declare shadowtex both ways
[info]: irisbridge: composite13 switched off by the pack's own `DOF`
[info]: irisbridge: composite12 switched off by the pack's own `CHROMATIC_ABERRATION`
[info]: irisbridge: begin switched off by the pack's own `COLORED_LIGHTS`
[info]: irisbridge: profile or option disabled program composite12
[info]: irisbridge: profile or option disabled program composite13
[info]: irisbridge: declared buffer sizes: colortex5=480x255 (relative) (screen is 1920x1020)
[info]: irisbridge: resolved pass order and colortex0 sides:
    deferred0 draws 5   colortex0 read=main write=alt
    deferred1 draws 0   colortex0 read=main write=alt
    composite2 draws 1   colortex0 read=alt write=main
    composite3 draws 1   colortex0 read=alt write=main
    composite4 draws 1   colortex0 read=alt write=main
    composite5 draws 1   colortex0 read=alt write=main
    composite6 draws 1   colortex0 read=alt write=main
    composite7 draws 0   colortex0 read=alt write=main
    composite8 draws 0 4   colortex0 read=main write=alt
    composite9 draws 2   colortex0 read=alt write=main
    composite10 draws 2   colortex0 read=alt write=main
    composite11 draws 0   colortex0 read=alt write=main
    final0 draws 0   colortex0 read=main write=alt
[info]: irisbridge: gbuffers_terrain declares mc_Entity vec4, mc_midTexCoord vec2, at_tangent vec4
[debug]: irisbridge: 1 pack function(s) given a sampler2DArray overload
[info]: irisbridge: gbuffers_terrain compiled against the Cubyz vertex prologue
[info]: irisbridge: shadow declares mc_Entity vec4, mc_midTexCoord vec2, at_tangent vec4
[debug]: irisbridge: 1 pack function(s) given a sampler2DArray overload
[info]: irisbridge: shadow program compiled
[info]: irisbridge: gbuffers_water declares mc_Entity vec4, mc_midTexCoord vec2, at_tangent vec4
[debug]: irisbridge: 1 pack function(s) given a sampler2DArray overload
[info]: irisbridge: gbuffers_water compiled; transparent chunks draw through the pack
[info]: irisbridge: gbuffers_skybasic compiled; the pack's own sky draws before terrain
[info]: irisbridge: 27 custom uniforms declared, 27 parsed, 27 evaluable
[info]: irisbridge: texture.gbuffers.noisetex -> /img/cloud_noise+normal.png (256x256) on unit 26
[info]: irisbridge: texture.deferred.noisetex -> /img/cloud_noise+normal.png (256x256) on unit 26
[info]: irisbridge: texture.deferred.colortex3 -> generated stand-in for minecraft:textures/environment/clouds.png (256x256) on unit 3
[info]: irisbridge: texture.composite.colortex5 -> /img/smaaSearch.png (64x16) on unit 5
[info]: irisbridge: texture.deferred.colortex6 -> /img/worley_perlin.bin (64x64x64 R8) on unit 6 repeating
[info]: irisbridge: texture.composite.colortex3 -> /img/smaaArea.png (160x560) on unit 3
[info]: irisbridge: pack ships no noise texture, generated one at 256x256
[info]: irisbridge: mc_Entity table built for 411 block(s), 12 matched the pack
[info]: irisbridge: loaded Mellow Shader v3.4 (31 programs, 13 passes in the chain)
[info]: irisbridge: extracted shaderpacks/BSL_v10.1.5.zip to shaderpacks/.cache/BSL_v10.1.5
[info]: irisbridge: pack offers profiles: MINIMUM, LOW, MEDIUM, HIGH, ULTRA (select one with `profile = <name>` in the options file)
[info]: irisbridge: block.properties: 523 entries (state-predicated entries dropped)
[info]: irisbridge: 164 block entry(s) carry state predicates Cubyz cannot express, and are skipped
[warning]: irisbridge: BSL_v10.1.5 reads 10 uniform(s) nothing supplies, so they are zero: dhProjection, dhProjectionInverse, lighttex0, lighttex1, voxelimg, vxDepthTexOpaque, vxDepthTexTrans, vxProj, vxProjInv, vxRenderDistance
[info]: irisbridge: BSL_v10.1.5 reads 14 documented constant(s) Cubyz has no equivalent for, so they never change: rainStrength, wetness, nightVision, darknessLightFactor, screenBrightness, heldItemId, heldBlockLightValue, isRightHanded, relativeEyePosition, bedrockLevel, cloudHeight, endFlashIntensity, endFlashPosition, dhFarPlane
[warning]: irisbridge: BSL_v10.1.5 sets `shadowHardwareFiltering`, which this bridge cannot honour: superseded by per-program sampler objects, which handle packs that declare shadowtex both ways
[info]: irisbridge: composite3 switched off by the pack's own `DOF`
[info]: irisbridge: shadowcomp switched off by the pack's own `MULTICOLORED_BLOCKLIGHT`
[info]: irisbridge: composite2 switched off by the pack's own `MOTION_BLUR`
[info]: irisbridge: profile or option disabled program composite2
[info]: irisbridge: profile or option disabled program composite3
[info]: irisbridge: pack declares no buffer sizes; every colortex is screen-sized
[info]: irisbridge: resolved pass order and colortex0 sides:
    deferred0 draws 4   colortex0 read=main write=alt
    deferred1 draws 0 4 5   colortex0 read=main write=alt
    composite0 draws 0 1   colortex0 read=alt write=main
    composite1 draws 0   colortex0 read=main write=alt
    composite4 draws 1   colortex0 read=alt write=main
    composite5 draws 1 2   colortex0 read=alt write=main
    composite6 draws 1   colortex0 read=alt write=main
    composite7 draws 1 2   colortex0 read=alt write=main
    final0 draws 0   colortex0 read=alt write=main
[info]: irisbridge: gbuffers_terrain compiled against the Cubyz vertex prologue
[info]: irisbridge: shadow program compiled
[debug]: irisbridge: 1 pack function(s) given a sampler2DArray overload
[info]: irisbridge: gbuffers_water compiled; transparent chunks draw through the pack
[info]: irisbridge: gbuffers_skybasic compiled; the pack's own sky draws before terrain
[info]: irisbridge: 27 custom uniforms declared, 27 parsed, 27 evaluable
[info]: irisbridge: texture.composite.colortex7 -> tex/dirt.png (853x480) on unit 7
[info]: irisbridge: loaded noise texture tex/noise.png (512x512)
[info]: irisbridge: mc_Entity table built for 411 block(s), 35 matched the pack
[info]: irisbridge: loaded BSL_v10.1.5 (29 programs, 9 passes in the chain)
[info]: irisbridge: 2 option override(s) from shaderpacks/Nostalgia_v5.1.options.txt
[info]: irisbridge: profile 'Low' set 13 option(s)
[info]: irisbridge: block.properties: 181 entries (state-predicated entries dropped)
[info]: irisbridge: 102 block entry(s) carry state predicates Cubyz cannot express, and are skipped
[info]: irisbridge: option overrides rewrote 1065 declaring line(s) across the pack's sources
[warning]: irisbridge: Nostalgia_v5.1 reads 2 uniform(s) nothing supplies, so they are zero: modelViewMatrix, skyCaptureResolution
[info]: irisbridge: Nostalgia_v5.1 reads 6 documented constant(s) Cubyz has no equivalent for, so they never change: rainStrength, wetness, nightVision, screenBrightness, currentColorSpace, hideGUI
[warning]: irisbridge: Nostalgia_v5.1 sets `shadowHardwareFiltering`, which this bridge cannot honour: superseded by per-program sampler objects, which handle packs that declare shadowtex both ways
[info]: irisbridge: deferred7 switched off by the pack's own `SVGF_FILTER`
[info]: irisbridge: deferred3 switched off by the pack's own `ssptEnabled`
[info]: irisbridge: deferred4 switched off by the pack's own `SVGF_FILTER`
[info]: irisbridge: deferred9 switched off by the pack's own `ssptEnabled`
[info]: irisbridge: composite switched off by the pack's own `reflectionCaptureEnabled`
[info]: irisbridge: deferred6 switched off by the pack's own `SVGF_FILTER`
[info]: irisbridge: deferred8 switched off by the pack's own `SVGF_FILTER`
[info]: irisbridge: deferred5 switched off by the pack's own `SVGF_FILTER`
[info]: irisbridge: profile or option disabled program deferred3
[info]: irisbridge: profile or option disabled program deferred4
[info]: irisbridge: profile or option disabled program deferred5
[info]: irisbridge: profile or option disabled program deferred6
[info]: irisbridge: profile or option disabled program deferred7
[info]: irisbridge: profile or option disabled program deferred8
[info]: irisbridge: profile or option disabled program deferred9
[info]: irisbridge: profile or option disabled program composite0
[info]: irisbridge: declared buffer sizes: colortex4=256x256 colortex10=1024x512 colortex11=1024x512 (screen is 1920x1020)
[debug]: irisbridge: 2 clamp bound(s) made explicit for the driver
[debug]: irisbridge: 1 clamp bound(s) made explicit for the driver
[debug]: irisbridge: 1 clamp bound(s) made explicit for the driver
[info]: irisbridge: resolved pass order and colortex0 sides:
    prepare0 draws 4   colortex0 read=main write=alt
    prepare1 draws 0   colortex0 read=main write=alt
    prepare2 draws 4   colortex0 read=alt write=main
    deferred0 draws 5   colortex0 read=alt write=main
    deferred1 draws 0 5 7   colortex0 read=alt write=main
    deferred2 draws 3 5   colortex0 read=main write=alt
    deferred12 draws 0 3 5   colortex0 read=main write=alt
    composite1 draws 0 5 7 8   colortex0 read=alt write=main
    composite3 draws 0 3 5 7 8   colortex0 read=main write=alt
    composite4 draws 0 5 8   colortex0 read=alt write=main
    composite5 draws 0 5 6 9   colortex0 read=main write=alt
    composite6 draws 0   colortex0 read=alt write=main
    composite7 draws 5   colortex0 read=main write=alt
    composite8 draws 0 5   colortex0 read=main write=alt
    composite9 draws 0 5   colortex0 read=alt write=main
    composite10 draws 5   colortex0 read=main write=alt
    composite11 draws 5   colortex0 read=main write=alt
    composite12 draws 5   colortex0 read=main write=alt
    composite13 draws 5   colortex0 read=main write=alt
    composite14 draws 5   colortex0 read=main write=alt
    composite15 draws 0 6   colortex0 read=main write=alt
    final0 draws 0   colortex0 read=alt write=main
[debug]: irisbridge: 2 pack function(s) given a sampler2DArray overload
[info]: irisbridge: gbuffers_terrain compiled against the Cubyz vertex prologue
[debug]: irisbridge: 2 pack function(s) given a sampler2DArray overload
[info]: irisbridge: shadow program compiled
[info]: irisbridge: gbuffers_water declares mc_Entity vec2, mc_midTexCoord vec4, at_tangent vec4
[debug]: irisbridge: 3 pack function(s) given a sampler2DArray overload
[info]: irisbridge: gbuffers_water compiled; transparent chunks draw through the pack
[info]: irisbridge: gbuffers_skybasic compiled; the pack's own sky draws before terrain
[info]: irisbridge: 73 custom uniforms declared, 73 parsed, 73 evaluable
[info]: irisbridge: texture.composite.colortex7 -> generated stand-in for minecraft:textures/environment/clouds.png (256x256) on unit 7
[info]: irisbridge: texture.prepare.colortex7 -> generated stand-in for minecraft:textures/environment/clouds.png (256x256) on unit 7
[info]: irisbridge: loaded noise texture image/noise2D.png (256x256)
[info]: irisbridge: mc_Entity table built for 411 block(s), 14 matched the pack
[info]: irisbridge: loaded Nostalgia_v5.1 (49 programs, 22 passes in the chain)
[info]: irisbridge: no block.properties; mc_Entity stays 0 for every block
[warning]: irisbridge: ESSENTIALS Shader reads 1 uniform(s) nothing supplies, so they are zero: mc_Entity
[info]: irisbridge: pack declares no buffer sizes; every colortex is screen-sized
[info]: irisbridge: resolved pass order and colortex0 sides:
    composite0 draws 0   colortex0 read=main write=alt
    composite1 draws 0   colortex0 read=alt write=main
    final0 draws 0   colortex0 read=main write=alt
[info]: irisbridge: gbuffers_terrain declares mc_Entity vec2, mc_midTexCoord vec4, at_tangent vec4
[info]: irisbridge: gbuffers_terrain compiled against the Cubyz vertex prologue
[info]: irisbridge: shadow program compiled
[info]: irisbridge: gbuffers_water declares mc_Entity vec2, mc_midTexCoord vec4, at_tangent vec4
[info]: irisbridge: gbuffers_water compiled; transparent chunks draw through the pack
[info]: irisbridge: 0 custom uniforms declared, 0 parsed, 0 evaluable
[info]: irisbridge: pack ships no noise texture, generated one at 256x256
[info]: irisbridge: mc_Entity table built for 411 block(s), 0 matched the pack
[info]: irisbridge: loaded ESSENTIALS Shader (10 programs, 3 passes in the chain)
[info]: irisbridge: 1 option override(s) from shaderpacks/Wispy 1.4.6.options.txt
[info]: irisbridge: profile 'BALANCED' set 6 option(s)
[info]: irisbridge: block.properties: 101 entries (state-predicated entries dropped)
[info]: irisbridge: 24 block entry(s) carry state predicates Cubyz cannot express, and are skipped
[info]: irisbridge: option overrides rewrote 294 declaring line(s) across the pack's sources
[warning]: irisbridge: Wispy 1.4.6 reads 3 uniform(s) nothing supplies, so they are zero: dhPreviousProjection, dhProjection, dhProjectionInverse
[info]: irisbridge: Wispy 1.4.6 reads 14 documented constant(s) Cubyz has no equivalent for, so they never change: rainStrength, thunderStrength, nightVision, blindness, darknessFactor, darknessLightFactor, screenBrightness, heldBlockLightValue, hideGUI, lightningBoltPosition, endFlashIntensity, endFlashPosition, dhNearPlane, dhFarPlane
[info]: irisbridge: composite3 switched off by the pack's own `BLOOM`
[info]: irisbridge: composite5 switched off by the pack's own `BLOOM`
[info]: irisbridge: composite7 switched off by the pack's own `BLOOM`
[info]: irisbridge: composite6 switched off by the pack's own `BLOOM`
[info]: irisbridge: composite2 switched off by the pack's own `BLOOM`
[info]: irisbridge: composite4 switched off by the pack's own `BLOOM`
[info]: irisbridge: profile or option disabled program composite2
[info]: irisbridge: profile or option disabled program composite3
[info]: irisbridge: profile or option disabled program composite4
[info]: irisbridge: profile or option disabled program composite5
[info]: irisbridge: profile or option disabled program composite6
[info]: irisbridge: profile or option disabled program composite7
[info]: irisbridge: pack declares no buffer sizes; every colortex is screen-sized
[error]: OpenGL Shader Compiler error: 0:1503(37): error: too many parameters to `vec2' constructor
[error]: OpenGL Shader Compiler error: 0:1503(11): error: no matching function for call to `cubyz_texture2D(sampler2D, error)'; candidates are:
[error]: OpenGL Shader Compiler error: 0:1503(11): error:    vec4 cubyz_texture2D(sampler2D, vec2)
[error]: OpenGL Shader Compiler error: 0:1503(11): error:    vec4 cubyz_texture2D(sampler2D, vec2, float)
[error]: OpenGL Shader Compiler error: 0:1503(11): error: type mismatch
[error]: OpenGL Shader Compiler error: 0:1503(11): error: operands to arithmetic operators must be numeric
[error]: OpenGL Shader Compiler error: 0:1505(37): error: too many parameters to `vec2' constructor
[error]: OpenGL Shader Compiler error: 0:1505(11): error: no matching function for call to `cubyz_texture2D(sampler2D, error)'; candidates are:
[error]: OpenGL Shader Compiler error: 0:1505(11): error:    vec4 cubyz_texture2D(sampler2D, vec2)
[error]: OpenGL Shader Compiler error: 0:1505(11): error:    vec4 cubyz_texture2D(sampler2D, vec2, float)
[error]: OpenGL Shader Compiler error: 0:1505(11): error: type mismatch
[error]: OpenGL Shader Compiler error: 0:1505(11): error: operands to arithmetic operators must be numeric
[error]: irisbridge: composite8 (frag) failed to compile:
0:3(12): warning: extension `GL_EXT_gpu_shader4' unsupported in fragment shader
0:4(12): warning: extension `GL_EXT_gpu_shader4' unsupported in fragment shader
0:1503(37): error: too many parameters to `vec2' constructor
0:1503(11): error: no matching function for call to `cubyz_texture2D(sampler2D, error)'; candidates are:
0:1503(11): error:    vec4 cubyz_texture2D(sampler2D, vec2)
0:1503(11): error:    vec4 cubyz_texture2D(sampler2D, vec2, float)
0:1503(11): error: type mismatch
0:1503(11): error: operands to arithmetic operators must be numeric
0:1505(37): error: too many parameters to `vec2' constructor
0:1505(11): error: no matching function for call to `cubyz_texture2D(sampler2D, error)'; candidates are:
0:1505(11): error:    vec4 cubyz_texture2D(sampler2D, vec2)
0:1505(11): error:    vec4 cubyz_texture2D(sampler2D, vec2, float)
0:1505(11): error: type mismatch
0:1505(11): error: operands to arithmetic operators must be numeric

[info]: irisbridge: wrote generated source to irisbridge_dump/composite8.frag.glsl
[info]: irisbridge: resolved pass order and colortex0 sides:
    deferred0 draws 0   colortex0 read=main write=alt
    final0 draws 0   colortex0 read=main write=alt
[info]: irisbridge: gbuffers_terrain declares mc_Entity vec4, mc_midTexCoord vec2, at_tangent vec4
[info]: irisbridge: gbuffers_terrain compiled against the Cubyz vertex prologue
[info]: irisbridge: gbuffers_water declares mc_Entity vec4, mc_midTexCoord vec2, at_tangent vec4
[info]: irisbridge: gbuffers_water compiled; transparent chunks draw through the pack
[info]: irisbridge: gbuffers_skybasic compiled; the pack's own sky draws before terrain
[info]: irisbridge: 31 custom uniforms declared, 31 parsed, 31 evaluable
[info]: irisbridge: texture.gbuffers.noisetex -> /lib/cloud_noise+normal.png (256x256) on unit 26
[info]: irisbridge: texture.deferred.noisetex -> /lib/cloud_noise+normal.png (256x256) on unit 26
[info]: irisbridge: pack ships no noise texture, generated one at 256x256
[info]: irisbridge: mc_Entity table built for 411 block(s), 12 matched the pack
[info]: irisbridge: loaded Wispy 1.4.6 (21 programs, 2 passes in the chain)
[warning]: irisbridge: custom uniform 'taaJitter' failed at runtime: UnknownVariable
[warning]: irisbridge: custom uniform 'fogAmount' failed at runtime: UnknownVariable
[info]: irisbridge: no block.properties; mc_Entity stays 0 for every block
[info]: irisbridge: YoFPS+High+(Chocapic13+Edit) declares no uniforms the bridge is missing
[info]: irisbridge: YoFPS+High+(Chocapic13+Edit) reads 4 documented constant(s) Cubyz has no equivalent for, so they never change: rainStrength, wetness, heldItemId, heldBlockLightValue
[info]: irisbridge: pack declares no buffer sizes; every colortex is screen-sized
[info]: irisbridge: resolved pass order and colortex0 sides:
    final0 draws 0   colortex0 read=main write=alt
[info]: irisbridge: gbuffers_terrain compiled against the Cubyz vertex prologue
[error]: OpenGL Shader Compiler error: 0:316(43): error: no matching function for call to `cubyz_sampleArray(vec4, vec2)'; candidates are:
[error]: OpenGL Shader Compiler error: 0:316(43): error:    vec4 cubyz_sampleArray(sampler2DArray, vec2)
[error]: OpenGL Shader Compiler error: 0:316(43): error:    vec4 cubyz_sampleArray(sampler2DArray, vec2, float)
[error]: OpenGL Shader Compiler error: 0:316(43): error:    vec4 cubyz_sampleArray(sampler2DArray, vec2, int)
[error]: OpenGL Shader Compiler error: 0:316(43): error:    vec4 cubyz_sampleArray(sampler2DArray, vec3)
[error]: OpenGL Shader Compiler error: 0:316(43): error:    vec4 cubyz_sampleArray(sampler2D, vec2)
[error]: OpenGL Shader Compiler error: 0:316(43): error:    vec4 cubyz_sampleArray(sampler2D, vec2, float)
[error]: OpenGL Shader Compiler error: 0:316(43): error:    vec4 cubyz_sampleArray(sampler2D, vec2, int)
[error]: OpenGL Shader Compiler error: 0:316(43): error:    vec4 cubyz_sampleArray(sampler2D, vec3)
[error]: OpenGL Shader Compiler error: 0:316(43): error: operands to arithmetic operators must be numeric
[error]: irisbridge: gbuffers_water (frag) failed to compile:
0:316(43): error: no matching function for call to `cubyz_sampleArray(vec4, vec2)'; candidates are:
0:316(43): error:    vec4 cubyz_sampleArray(sampler2DArray, vec2)
0:316(43): error:    vec4 cubyz_sampleArray(sampler2DArray, vec2, float)
0:316(43): error:    vec4 cubyz_sampleArray(sampler2DArray, vec2, int)
0:316(43): error:    vec4 cubyz_sampleArray(sampler2DArray, vec3)
0:316(43): error:    vec4 cubyz_sampleArray(sampler2D, vec2)
0:316(43): error:    vec4 cubyz_sampleArray(sampler2D, vec2, float)
0:316(43): error:    vec4 cubyz_sampleArray(sampler2D, vec2, int)
0:316(43): error:    vec4 cubyz_sampleArray(sampler2D, vec3)
0:316(43): error: operands to arithmetic operators must be numeric

[info]: irisbridge: wrote generated source to irisbridge_dump/gbuffers_water.frag.glsl
[warning]: irisbridge: gbuffers_water did not compile; transparent chunks keep Cubyz's shader
[info]: irisbridge: gbuffers_skybasic compiled; the pack's own sky draws before terrain
[info]: irisbridge: 0 custom uniforms declared, 0 parsed, 0 evaluable
[info]: irisbridge: pack ships no noise texture, generated one at 256x256
[info]: irisbridge: mc_Entity table built for 411 block(s), 0 matched the pack
[info]: irisbridge: loaded YoFPS+High+(Chocapic13+Edit) (11 programs, 1 passes in the chain)
[info]: irisbridge: pack offers profiles: Fast, Fancy (select one with `profile = <name>` in the options file)
[info]: irisbridge: block.properties: 133 entries (state-predicated entries dropped)
[info]: irisbridge: 61 block entry(s) carry state predicates Cubyz cannot express, and are skipped
[warning]: irisbridge: Sildur's Enhanced Default v1.19 Fancy reads 3 uniform(s) nothing supplies, so they are zero: dhProjection, dhProjectionInverse, vxRenderDistance
[info]: irisbridge: Sildur's Enhanced Default v1.19 Fancy reads 5 documented constant(s) Cubyz has no equivalent for, so they never change: rainStrength, heldBlockLightValue, heldBlockLightValue2, dhNearPlane, dhFarPlane
[info]: irisbridge: pack declares no buffer sizes; every colortex is screen-sized
[info]: irisbridge: resolved pass order and colortex0 sides:
    composite0 draws 0 2   colortex0 read=main write=alt
    composite1 draws 3   colortex0 read=alt write=main
    final0 draws 0   colortex0 read=alt write=main
[info]: irisbridge: shadow program compiled
[info]: irisbridge: gbuffers_skybasic compiled; the pack's own sky draws before terrain
[info]: irisbridge: 1 custom uniforms declared, 1 parsed, 1 evaluable
[info]: irisbridge: pack ships no noise texture, generated one at 128x128
[info]: irisbridge: mc_Entity table built for 411 block(s), 12 matched the pack
[info]: irisbridge: loaded Sildur's Enhanced Default v1.19 Fancy (9 programs, 3 passes in the chain)
[info]: irisbridge: extracted shaderpacks/Sildur's Basic Shaders v2.6 Fancy.zip to shaderpacks/.cache/Sildur's Basic Shaders v2.6 Fancy
[info]: irisbridge: 1 option override(s) from shaderpacks/Sildur's Basic Shaders v2.6 Fancy.options.txt
[info]: irisbridge: profile 'Fast' set 23 option(s)
[info]: irisbridge: block.properties: 132 entries (state-predicated entries dropped)
[info]: irisbridge: 61 block entry(s) carry state predicates Cubyz cannot express, and are skipped
[info]: irisbridge: option overrides rewrote 200 declaring line(s) across the pack's sources
[warning]: irisbridge: Sildur's Basic Shaders v2.6 Fancy reads 1 uniform(s) nothing supplies, so they are zero: vxRenderDistance
[info]: irisbridge: Sildur's Basic Shaders v2.6 Fancy reads 2 documented constant(s) Cubyz has no equivalent for, so they never change: heldBlockLightValue, heldBlockLightValue2
[info]: irisbridge: pack declares no buffer sizes; every colortex is screen-sized
[info]: irisbridge: resolved pass order and colortex0 sides:
    composite0 draws 3   colortex0 read=main write=alt
    final0 draws 0   colortex0 read=main write=alt
[info]: irisbridge: gbuffers_skybasic compiled; the pack's own sky draws before terrain
[info]: irisbridge: 1 custom uniforms declared, 1 parsed, 1 evaluable
[info]: irisbridge: pack ships no noise texture, generated one at 256x256
[info]: irisbridge: mc_Entity table built for 411 block(s), 12 matched the pack
[info]: irisbridge: loaded Sildur's Basic Shaders v2.6 Fancy (7 programs, 2 passes in the chain)
[info]: irisbridge: pack offers profiles: PC_FROM_THE_HEIAN_ERA, LOW, MEDIUM_DEFAULT, HIGH, VERY_VIBRANT, ULTRA, USE_THIS_PROFILE_IF_YOU_WORK_AT_NASA (select one with `profile = <name>` in the options file)
[warning]: irisbridge: /world0/gbuffers_clouds.fsh: no DRAWBUFFERS directive survives preprocessing; taking the raw text's

[info]: irisbridge: block.properties: 75 entries (state-predicated entries dropped)
[info]: irisbridge: 14 block entry(s) carry state predicates Cubyz cannot express, and are skipped
[warning]: irisbridge: GlamorousSP reads 12 uniform(s) nothing supplies, so they are zero: dhPreviousProjection, dhProjection, dhProjectionInverse, vxDepthTexOpaque, vxDepthTexTrans, vxModelView, vxModelViewInv, vxModelViewPrev, vxProj, vxProjInv, vxProjPrev, vxRenderDistance
[info]: irisbridge: GlamorousSP reads 12 documented constant(s) Cubyz has no equivalent for, so they never change: rainStrength, thunderStrength, nightVision, blindness, darknessFactor, darknessLightFactor, screenBrightness, heldBlockLightValue, hideGUI, lightningBoltPosition, endFlashIntensity, endFlashPosition
[warning]: irisbridge: GlamorousSP sets `shadowHardwareFiltering`, which this bridge cannot honour: superseded by per-program sampler objects, which handle packs that declare shadowtex both ways
[info]: irisbridge: composite13 switched off by the pack's own `DOF`
[info]: irisbridge: composite12 switched off by the pack's own `CHROMATIC_ABERRATION`
[info]: irisbridge: profile or option disabled program composite12
[info]: irisbridge: profile or option disabled program composite13
[info]: irisbridge: pack declares no buffer sizes; every colortex is screen-sized
[info]: irisbridge: resolved pass order and colortex0 sides:
    deferred0 draws 0   colortex0 read=main write=alt
    composite2 draws 1   colortex0 read=alt write=main
    composite3 draws 1   colortex0 read=alt write=main
    composite4 draws 1   colortex0 read=alt write=main
    composite5 draws 1   colortex0 read=alt write=main
    composite6 draws 1   colortex0 read=alt write=main
    composite7 draws 0   colortex0 read=alt write=main
    composite8 draws 0 4   colortex0 read=main write=alt
    composite9 draws 2   colortex0 read=alt write=main
    composite10 draws 2   colortex0 read=alt write=main
    composite11 draws 0   colortex0 read=alt write=main
    final0 draws 0   colortex0 read=main write=alt
[info]: irisbridge: gbuffers_terrain declares mc_Entity vec4, mc_midTexCoord vec2, at_tangent vec4
[info]: irisbridge: gbuffers_terrain compiled against the Cubyz vertex prologue
[info]: irisbridge: shadow declares mc_Entity vec4, mc_midTexCoord vec2, at_tangent vec4
[info]: irisbridge: shadow program compiled
[info]: irisbridge: gbuffers_water declares mc_Entity vec4, mc_midTexCoord vec2, at_tangent vec4
[info]: irisbridge: gbuffers_water compiled; transparent chunks draw through the pack
[info]: irisbridge: gbuffers_skybasic compiled; the pack's own sky draws before terrain
[info]: irisbridge: 25 custom uniforms declared, 25 parsed, 25 evaluable
[info]: irisbridge: texture.gbuffers.noisetex -> /lib/cloud_noise+normal.png (256x256) on unit 26
[info]: irisbridge: texture.deferred.noisetex -> /lib/cloud_noise+normal.png (256x256) on unit 26
[info]: irisbridge: texture.composite.colortex5 -> /lib/smaaSearch.png (64x16) on unit 5
[info]: irisbridge: texture.deferred.colortex6 -> /lib/worley_noise.dat (256x32x256 R8) on unit 6 repeating
[info]: irisbridge: texture.composite.colortex3 -> /lib/smaaArea.png (160x560) on unit 3
[info]: irisbridge: pack ships no noise texture, generated one at 256x256
[info]: irisbridge: mc_Entity table built for 411 block(s), 9 matched the pack
[info]: irisbridge: loaded GlamorousSP (28 programs, 12 passes in the chain)
[info]: irisbridge: 6 option override(s) from shaderpacks/Genesis-v6.0.options.txt
[info]: irisbridge: block.properties: 24 entries
[info]: irisbridge: option overrides rewrote 48 declaring line(s) across the pack's sources
[warning]: irisbridge: Genesis-v6.0 reads 1 uniform(s) nothing supplies, so they are zero: logicalHeightLimit
[info]: irisbridge: Genesis-v6.0 reads 2 documented constant(s) Cubyz has no equivalent for, so they never change: playerMood, constantMood
[warning]: irisbridge: Genesis-v6.0 sets `ambientOcclusionLevel`, which this bridge cannot honour: Cubyz's per-vertex light has no separable occlusion term to scale
[info]: irisbridge: pack declares no buffer sizes; every colortex is screen-sized
[info]: irisbridge: resolved pass order and colortex0 sides:
    deferred0 draws 0   colortex0 read=main write=alt
    composite0 draws 0   colortex0 read=alt write=main
    final0 draws 0   colortex0 read=main write=alt
[info]: irisbridge: gbuffers_terrain declares mc_Entity vec2, mc_midTexCoord vec4, at_tangent vec4
[debug]: irisbridge: 1 clamp bound(s) made explicit for the driver
[info]: irisbridge: gbuffers_terrain compiled against the Cubyz vertex prologue
[info]: irisbridge: gbuffers_water declares mc_Entity vec2, mc_midTexCoord vec4, at_tangent vec4
[debug]: irisbridge: 1 clamp bound(s) made explicit for the driver
[info]: irisbridge: gbuffers_water compiled; transparent chunks draw through the pack
[info]: irisbridge: gbuffers_skybasic compiled; the pack's own sky draws before terrain
[info]: irisbridge: 0 custom uniforms declared, 0 parsed, 0 evaluable
[info]: irisbridge: texture.composite.colortex6 -> images/watermark.png (130x11) on unit 6
[info]: irisbridge: pack ships no noise texture, generated one at 256x256
[info]: irisbridge: mc_Entity table built for 411 block(s), 10 matched the pack
[info]: irisbridge: loaded Genesis-v6.0 (11 programs, 3 passes in the chain)
[info]: irisbridge: 3 option override(s) from shaderpacks/DreamLight Shaders v1.5.options.txt
[info]: irisbridge: profile 'FABULOUS' set 12 option(s)
[warning]: irisbridge: /world0/gbuffers_clouds.fsh: no DRAWBUFFERS directive survives preprocessing; taking the raw text's

[info]: irisbridge: block.properties: 73 entries (state-predicated entries dropped)
[info]: irisbridge: 14 block entry(s) carry state predicates Cubyz cannot express, and are skipped
[info]: irisbridge: option overrides rewrote 870 declaring line(s) across the pack's sources
[warning]: irisbridge: DreamLight Shaders v1.5 reads 3 uniform(s) nothing supplies, so they are zero: dhPreviousProjection, dhProjection, dhProjectionInverse
[info]: irisbridge: DreamLight Shaders v1.5 reads 9 documented constant(s) Cubyz has no equivalent for, so they never change: rainStrength, nightVision, blindness, darknessFactor, darknessLightFactor, screenBrightness, heldBlockLightValue, dhNearPlane, dhFarPlane
[info]: irisbridge: pack declares no buffer sizes; every colortex is screen-sized
[info]: irisbridge: resolved pass order and colortex0 sides:
    deferred0 draws 0   colortex0 read=main write=alt
    composite0 draws 0   colortex0 read=alt write=main
    composite2 draws 1   colortex0 read=main write=alt
    composite3 draws 1   colortex0 read=main write=alt
    composite4 draws 1   colortex0 read=main write=alt
    composite5 draws 1   colortex0 read=main write=alt
    composite6 draws 1   colortex0 read=main write=alt
    composite7 draws 1   colortex0 read=main write=alt
    composite8 draws 1   colortex0 read=main write=alt
    composite9 draws 1   colortex0 read=main write=alt
    composite10 draws 1   colortex0 read=main write=alt
    composite11 draws 0   colortex0 read=main write=alt
    composite12 draws 0 4   colortex0 read=alt write=main
    composite13 draws 2   colortex0 read=main write=alt
    composite14 draws 2   colortex0 read=main write=alt
    composite15 draws 0   colortex0 read=main write=alt
    final0 draws 0   colortex0 read=alt write=main
[info]: irisbridge: gbuffers_terrain declares mc_Entity vec4, mc_midTexCoord vec2, at_tangent vec4
[debug]: irisbridge: 1 clamp bound(s) made explicit for the driver
[info]: irisbridge: gbuffers_terrain compiled against the Cubyz vertex prologue
[info]: irisbridge: gbuffers_water declares mc_Entity vec4, mc_midTexCoord vec2, at_tangent vec4
[debug]: irisbridge: 1 clamp bound(s) made explicit for the driver
[info]: irisbridge: gbuffers_water compiled; transparent chunks draw through the pack
[info]: irisbridge: gbuffers_skybasic compiled; the pack's own sky draws before terrain
[info]: irisbridge: 23 custom uniforms declared, 23 parsed, 23 evaluable
[info]: irisbridge: texture.gbuffers.noisetex -> /lib/cloud_noise+normal.png (256x256) on unit 26
[info]: irisbridge: texture.deferred.noisetex -> /lib/cloud_noise+normal.png (256x256) on unit 26
[info]: irisbridge: texture.composite.colortex5 -> /lib/smaaSearch.png (64x16) on unit 5
[info]: irisbridge: texture.composite.colortex3 -> /lib/smaaArea.png (160x560) on unit 3
[info]: irisbridge: pack ships no noise texture, generated one at 256x256
[info]: irisbridge: mc_Entity table built for 411 block(s), 9 matched the pack
[info]: irisbridge: loaded DreamLight Shaders v1.5 (29 programs, 17 passes in the chain)
[info]: irisbridge: 4 option override(s) from shaderpacks/Somber.options.txt
[info]: irisbridge: no block.properties; mc_Entity stays 0 for every block
[info]: irisbridge: option overrides rewrote 4 declaring line(s) across the pack's sources
[info]: irisbridge: Somber declares no uniforms the bridge is missing
[info]: irisbridge: pack declares no buffer sizes; every colortex is screen-sized
[info]: irisbridge: resolved pass order and colortex0 sides:
    deferred0 draws 0   colortex0 read=main write=alt
    composite0 draws 0   colortex0 read=alt write=main
    composite1 draws 0   colortex0 read=main write=alt
[info]: irisbridge: gbuffers_terrain compiled against the Cubyz vertex prologue
[info]: irisbridge: gbuffers_water compiled; transparent chunks draw through the pack
[info]: irisbridge: gbuffers_skybasic compiled; the pack's own sky draws before terrain
[info]: irisbridge: 0 custom uniforms declared, 0 parsed, 0 evaluable
[info]: irisbridge: pack ships no noise texture, generated one at 256x256
[info]: irisbridge: mc_Entity table built for 411 block(s), 0 matched the pack
[info]: irisbridge: loaded Somber (19 programs, 3 passes in the chain)
[info]: irisbridge: 1 option override(s) from shaderpacks/CyanideShaders_v1.1.options.txt
[info]: irisbridge: profile 'Realistic' set 2 option(s)
[info]: irisbridge: block.properties: 54 entries
[info]: irisbridge: option overrides rewrote 21 declaring line(s) across the pack's sources
[info]: irisbridge: CyanideShaders_v1.1 declares no uniforms the bridge is missing
[info]: irisbridge: CyanideShaders_v1.1 reads 1 documented constant(s) Cubyz has no equivalent for, so they never change: blindness
[info]: irisbridge: pack declares no buffer sizes; every colortex is screen-sized
[info]: irisbridge: resolved pass order and colortex0 sides:
    final0 draws 0   colortex0 read=main write=alt
[info]: irisbridge: 0 custom uniforms declared, 0 parsed, 0 evaluable
[info]: irisbridge: pack ships no noise texture, generated one at 256x256
[info]: irisbridge: mc_Entity table built for 411 block(s), 7 matched the pack
[info]: irisbridge: loaded CyanideShaders_v1.1 (4 programs, 1 passes in the chain)
[info]: irisbridge: no block.properties; mc_Entity stays 0 for every block
[info]: irisbridge: YoFPS+High+(Chocapic13+Edit) declares no uniforms the bridge is missing
[info]: irisbridge: YoFPS+High+(Chocapic13+Edit) reads 4 documented constant(s) Cubyz has no equivalent for, so they never change: rainStrength, wetness, heldItemId, heldBlockLightValue
[info]: irisbridge: pack declares no buffer sizes; every colortex is screen-sized
[info]: irisbridge: resolved pass order and colortex0 sides:
    final0 draws 0   colortex0 read=main write=alt
[info]: irisbridge: gbuffers_terrain compiled against the Cubyz vertex prologue
[error]: OpenGL Shader Compiler error: 0:316(43): error: no matching function for call to `cubyz_sampleArray(vec4, vec2)'; candidates are:
[error]: OpenGL Shader Compiler error: 0:316(43): error:    vec4 cubyz_sampleArray(sampler2DArray, vec2)
[error]: OpenGL Shader Compiler error: 0:316(43): error:    vec4 cubyz_sampleArray(sampler2DArray, vec2, float)
[error]: OpenGL Shader Compiler error: 0:316(43): error:    vec4 cubyz_sampleArray(sampler2DArray, vec2, int)
[error]: OpenGL Shader Compiler error: 0:316(43): error:    vec4 cubyz_sampleArray(sampler2DArray, vec3)
[error]: OpenGL Shader Compiler error: 0:316(43): error:    vec4 cubyz_sampleArray(sampler2D, vec2)
[error]: OpenGL Shader Compiler error: 0:316(43): error:    vec4 cubyz_sampleArray(sampler2D, vec2, float)
[error]: OpenGL Shader Compiler error: 0:316(43): error:    vec4 cubyz_sampleArray(sampler2D, vec2, int)
[error]: OpenGL Shader Compiler error: 0:316(43): error:    vec4 cubyz_sampleArray(sampler2D, vec3)
[error]: OpenGL Shader Compiler error: 0:316(43): error: operands to arithmetic operators must be numeric
[error]: irisbridge: gbuffers_water (frag) failed to compile:
0:316(43): error: no matching function for call to `cubyz_sampleArray(vec4, vec2)'; candidates are:
0:316(43): error:    vec4 cubyz_sampleArray(sampler2DArray, vec2)
0:316(43): error:    vec4 cubyz_sampleArray(sampler2DArray, vec2, float)
0:316(43): error:    vec4 cubyz_sampleArray(sampler2DArray, vec2, int)
0:316(43): error:    vec4 cubyz_sampleArray(sampler2DArray, vec3)
0:316(43): error:    vec4 cubyz_sampleArray(sampler2D, vec2)
0:316(43): error:    vec4 cubyz_sampleArray(sampler2D, vec2, float)
0:316(43): error:    vec4 cubyz_sampleArray(sampler2D, vec2, int)
0:316(43): error:    vec4 cubyz_sampleArray(sampler2D, vec3)
0:316(43): error: operands to arithmetic operators must be numeric

[info]: irisbridge: wrote generated source to irisbridge_dump/gbuffers_water.frag.glsl
[warning]: irisbridge: gbuffers_water did not compile; transparent chunks keep Cubyz's shader
[info]: irisbridge: gbuffers_skybasic compiled; the pack's own sky draws before terrain
[info]: irisbridge: 0 custom uniforms declared, 0 parsed, 0 evaluable
[info]: irisbridge: pack ships no noise texture, generated one at 256x256
[info]: irisbridge: mc_Entity table built for 411 block(s), 0 matched the pack
[info]: irisbridge: loaded YoFPS+High+(Chocapic13+Edit) (11 programs, 1 passes in the chain)
[info]: irisbridge: profile 'ANAMORPHIC_LENS' set 33 option(s)
[info]: irisbridge: block.properties: 44 entries
[info]: irisbridge: option overrides rewrote 704 declaring line(s) across the pack's sources
[warning]: irisbridge: Epoch_Shader_v1.3.3 reads 1 uniform(s) nothing supplies, so they are zero: position
[info]: irisbridge: pack declares no buffer sizes; every colortex is screen-sized
[info]: irisbridge: resolved pass order and colortex0 sides:
    composite0 draws 0 4 5   colortex0 read=main write=alt
    composite1 draws 4   colortex0 read=alt write=main
    composite2 draws 4   colortex0 read=alt write=main
    composite3 draws 0 1   colortex0 read=alt write=main
    composite6 draws 0 2   colortex0 read=main write=alt
    composite15 draws 0 1   colortex0 read=alt write=main
    final0 draws 0   colortex0 read=main write=alt
[info]: irisbridge: gbuffers_terrain declares mc_Entity vec3, mc_midTexCoord vec4, at_tangent vec4
[debug]: irisbridge: 1 pack function(s) given a sampler2DArray overload
[info]: irisbridge: gbuffers_terrain compiled against the Cubyz vertex prologue
[info]: irisbridge: shadow program compiled
[debug]: irisbridge: 1 pack function(s) given a sampler2DArray overload
[info]: irisbridge: gbuffers_water compiled; transparent chunks draw through the pack
[info]: irisbridge: gbuffers_skybasic compiled; the pack's own sky draws before terrain
[info]: irisbridge: 1 custom uniforms declared, 1 parsed, 1 evaluable
[info]: irisbridge: texture.composite.colortex7 -> textures/lut.png (512x512) on unit 7
[info]: irisbridge: texture.composite.colortex8 -> textures/blue-chroma-1024x.png (1024x1024) on unit 8
[info]: irisbridge: texture.composite.depthtex2 -> textures/luts.png (512x5120) on unit 18
[info]: irisbridge: texture.composite.colortex6 -> textures/hald.png (1728x1728) on unit 6
[info]: irisbridge: texture.composite.colortex3 -> textures/subpixel_1500.jpg (1500x1500) on unit 3
[info]: irisbridge: pack ships no noise texture, generated one at 2048x2048
[info]: irisbridge: mc_Entity table built for 411 block(s), 8 matched the pack
[info]: irisbridge: loaded Epoch_Shader_v1.3.3 (24 programs, 7 passes in the chain)
[error]: irisbridge: PSX_Shader requires Iris features this bridge does not implement, so it is not loaded: COMPUTE_SHADERS
[info]: irisbridge: pack offers profiles: PLOW, BLOW, YLOW, PMEDIUM, BMEDIUM, YMEDIUM, PQUALITY, BQUALITY, YQUALITY, PHQ, BHQ, YHQ (select one with `profile = <name>` in the options file)
[info]: irisbridge: block.properties: 171 entries (state-predicated entries dropped)
[info]: irisbridge: 49 block entry(s) carry state predicates Cubyz cannot express, and are skipped
[info]: irisbridge: Pastel-Shaders-Universal-v1.200 declares no uniforms the bridge is missing
[info]: irisbridge: Pastel-Shaders-Universal-v1.200 reads 7 documented constant(s) Cubyz has no equivalent for, so they never change: rainStrength, wetness, nightVision, screenBrightness, heldItemId, heldBlockLightValue, heldBlockLightValue2
[warning]: irisbridge: Pastel-Shaders-Universal-v1.200 sets `shadowHardwareFiltering`, which this bridge cannot honour: superseded by per-program sampler objects, which handle packs that declare shadowtex both ways
[info]: irisbridge: composite3 switched off by the pack's own `DOF`
[info]: irisbridge: deferred switched off by the pack's own `AO`
[info]: irisbridge: composite1 switched off by the pack's own `LIGHT_SHAFT`
[info]: irisbridge: composite2 switched off by the pack's own `MOTION_BLUR`
[info]: irisbridge: profile or option disabled program deferred0
[info]: irisbridge: profile or option disabled program composite1
[info]: irisbridge: profile or option disabled program composite2
[info]: irisbridge: profile or option disabled program composite3
[info]: irisbridge: pack declares no buffer sizes; every colortex is screen-sized
[error]: irisbridge: deferred1 (frag) failed to compile:
0:926(40): preprocessor error: syntax error, unexpected '('
0:917(2): preprocessor error: Unterminated #if


[info]: irisbridge: wrote generated source to irisbridge_dump/deferred1.frag.glsl
[info]: irisbridge: resolved pass order and colortex0 sides:
    composite0 draws 0 1   colortex0 read=alt write=main
    composite4 draws 1   colortex0 read=main write=alt
    composite5 draws 1 2   colortex0 read=main write=alt
    composite6 draws 1 2   colortex0 read=main write=alt
    composite7 draws 1   colortex0 read=main write=alt
    final0 draws 0   colortex0 read=main write=alt
[info]: irisbridge: gbuffers_terrain compiled against the Cubyz vertex prologue
[info]: irisbridge: shadow program compiled
[debug]: irisbridge: 1 pack function(s) given a sampler2DArray overload
[error]: irisbridge: gbuffers_water (frag) failed to compile:
0:1366(40): preprocessor error: syntax error, unexpected '('
0:1357(2): preprocessor error: Unterminated #if


[info]: irisbridge: wrote generated source to irisbridge_dump/gbuffers_water.frag.glsl
[warning]: irisbridge: gbuffers_water did not compile; transparent chunks keep Cubyz's shader
[info]: irisbridge: gbuffers_skybasic compiled; the pack's own sky draws before terrain
[info]: irisbridge: 26 custom uniforms declared, 26 parsed, 26 evaluable
[info]: irisbridge: texture.composite.depthtex2 -> tex/dirt.png (853x480) on unit 18
[info]: irisbridge: loaded noise texture tex/noise.png (512x512)
[info]: irisbridge: mc_Entity table built for 411 block(s), 10 matched the pack
[info]: irisbridge: loaded Pastel-Shaders-Universal-v1.200 (28 programs, 6 passes in the chain)
[error]: irisbridge: Shrimple_v0.12 requires Iris features this bridge does not implement, so it is not loaded: COMPUTE_SHADERS, CUSTOM_IMAGES
[info]: irisbridge: no block.properties; mc_Entity stays 0 for every block
[info]: irisbridge: Simple-Saturation-Shader-v1.0 declares no uniforms the bridge is missing
[info]: irisbridge: Simple-Saturation-Shader-v1.0 reads 1 documented constant(s) Cubyz has no equivalent for, so they never change: fogShape
[info]: irisbridge: pack declares no buffer sizes; every colortex is screen-sized
[info]: irisbridge: resolved pass order and colortex0 sides:
    final0 draws 0   colortex0 read=main write=alt
[info]: irisbridge: 0 custom uniforms declared, 0 parsed, 0 evaluable
[info]: irisbridge: pack ships no noise texture, generated one at 256x256
[info]: irisbridge: mc_Entity table built for 411 block(s), 0 matched the pack
[info]: irisbridge: loaded Simple-Saturation-Shader-v1.0 (4 programs, 1 passes in the chain)
[error]: irisbridge: 春 v2 260618 requires Iris features this bridge does not implement, so it is not loaded: CUSTOM_IMAGES
[info]: irisbridge: pack offers profiles: POTATO, FAST, FANCY, FABULOUS (select one with `profile = <name>` in the options file)
[warning]: irisbridge: /world0/gbuffers_clouds.fsh: no DRAWBUFFERS directive survives preprocessing; taking the raw text's

[info]: irisbridge: block.properties: 75 entries (state-predicated entries dropped)
[info]: irisbridge: 14 block entry(s) carry state predicates Cubyz cannot express, and are skipped
[warning]: irisbridge: Velocity reads 12 uniform(s) nothing supplies, so they are zero: dhPreviousProjection, dhProjection, dhProjectionInverse, vxDepthTexOpaque, vxDepthTexTrans, vxModelView, vxModelViewInv, vxModelViewPrev, vxProj, vxProjInv, vxProjPrev, vxRenderDistance
[info]: irisbridge: Velocity reads 14 documented constant(s) Cubyz has no equivalent for, so they never change: rainStrength, wetness, thunderStrength, nightVision, blindness, darknessFactor, darknessLightFactor, screenBrightness, heldBlockLightValue, relativeEyePosition, hideGUI, lightningBoltPosition, endFlashIntensity, endFlashPosition
[warning]: irisbridge: Velocity sets `shadowHardwareFiltering`, which this bridge cannot honour: superseded by per-program sampler objects, which handle packs that declare shadowtex both ways
[info]: irisbridge: composite11 switched off by the pack's own `SMAA`
[info]: irisbridge: deferred switched off by the pack's own `USE_LQ_DEPTH`
[info]: irisbridge: composite13 switched off by the pack's own `DOF`
[info]: irisbridge: composite10 switched off by the pack's own `SMAA`
[info]: irisbridge: composite9 switched off by the pack's own `SMAA`
[info]: irisbridge: composite12 switched off by the pack's own `CHROMATIC_ABERRATION`
[info]: irisbridge: profile or option disabled program deferred0
[info]: irisbridge: profile or option disabled program composite9
[info]: irisbridge: profile or option disabled program composite10
[info]: irisbridge: profile or option disabled program composite11
[info]: irisbridge: profile or option disabled program composite12
[info]: irisbridge: profile or option disabled program composite13
[info]: irisbridge: declared buffer sizes: colortex5=480x255 (relative) (screen is 1920x1020)
[info]: irisbridge: resolved pass order and colortex0 sides:
    deferred1 draws 0   colortex0 read=main write=alt
    composite1 draws 0   colortex0 read=alt write=main
    composite2 draws 1   colortex0 read=main write=alt
    composite3 draws 1   colortex0 read=main write=alt
    composite4 draws 1   colortex0 read=main write=alt
    composite5 draws 1   colortex0 read=main write=alt
    composite6 draws 1   colortex0 read=main write=alt
    composite7 draws 0   colortex0 read=main write=alt
    composite8 draws 0 4   colortex0 read=alt write=main
    final0 draws 0   colortex0 read=main write=alt
[info]: irisbridge: gbuffers_terrain declares mc_Entity vec4, mc_midTexCoord vec2, at_tangent vec4
[debug]: irisbridge: 1 pack function(s) given a sampler2DArray overload
[error]: irisbridge: gbuffers_terrain (vert) failed to compile:
0:3824(33): preprocessor error: syntax error, unexpected OTHER

[info]: irisbridge: wrote generated source to irisbridge_dump/gbuffers_terrain.vert.glsl
[warning]: irisbridge: gbuffers_terrain did not compile against the prologue
[info]: irisbridge: shadow declares mc_Entity vec4, mc_midTexCoord vec2, at_tangent vec4
[debug]: irisbridge: 1 pack function(s) given a sampler2DArray overload
[error]: irisbridge: shadow (vert) failed to compile:
0:2435(33): preprocessor error: syntax error, unexpected OTHER

[info]: irisbridge: wrote generated source to irisbridge_dump/shadow.vert.glsl
[warning]: irisbridge: shadow program did not compile; shadows stay unoccluded
[info]: irisbridge: gbuffers_water declares mc_Entity vec4, mc_midTexCoord vec2, at_tangent vec4
[debug]: irisbridge: 1 pack function(s) given a sampler2DArray overload
[error]: irisbridge: gbuffers_water (vert) failed to compile:
0:3810(33): preprocessor error: syntax error, unexpected OTHER

[info]: irisbridge: wrote generated source to irisbridge_dump/gbuffers_water.vert.glsl
[warning]: irisbridge: gbuffers_water did not compile; transparent chunks keep Cubyz's shader
[info]: irisbridge: gbuffers_skybasic compiled; the pack's own sky draws before terrain
[info]: irisbridge: 26 custom uniforms declared, 26 parsed, 26 evaluable
[info]: irisbridge: texture.gbuffers.noisetex -> /lib/cloud_noise+normal.png (256x256) on unit 26
[info]: irisbridge: texture.deferred.noisetex -> /lib/cloud_noise+normal.png (256x256) on unit 26
[info]: irisbridge: texture.composite.colortex5 -> /lib/smaaSearch.png (64x16) on unit 5
[info]: irisbridge: texture.deferred.colortex6 -> /lib/worley_perlin.bin (64x64x64 R8) on unit 6 repeating
[info]: irisbridge: texture.composite.colortex3 -> /lib/smaaArea.png (160x560) on unit 3
[info]: irisbridge: pack ships no noise texture, generated one at 256x256
[info]: irisbridge: mc_Entity table built for 411 block(s), 9 matched the pack
[info]: irisbridge: loaded Velocity (31 programs, 10 passes in the chain)
[info]: irisbridge: no block.properties; mc_Entity stays 0 for every block
[info]: irisbridge: VanillaDynamicShadows declares no uniforms the bridge is missing
[info]: irisbridge: VanillaDynamicShadows reads 1 documented constant(s) Cubyz has no equivalent for, so they never change: rainStrength
[info]: irisbridge: pack declares no buffer sizes; every colortex is screen-sized
[info]: irisbridge: resolved pass order and colortex0 sides:
    composite0 draws 0   colortex0 read=main write=alt
[error]: OpenGL Shader Compiler error: 0:459(9): error: no function with name 'cubyz_blockTextures'
[error]: OpenGL Shader Compiler error: 0:459(2): error: could not implicitly convert return value to float, in function `sampleShadow'
[error]: irisbridge: gbuffers_terrain (frag) failed to compile:
0:459(9): error: no function with name 'cubyz_blockTextures'
0:459(2): error: could not implicitly convert return value to float, in function `sampleShadow'

[info]: irisbridge: wrote generated source to irisbridge_dump/gbuffers_terrain.frag.glsl
[warning]: irisbridge: gbuffers_terrain did not compile against the prologue
[info]: irisbridge: shadow program compiled
[error]: OpenGL Shader Compiler error: 0:463(9): error: no function with name 'cubyz_blockTextures'
[error]: OpenGL Shader Compiler error: 0:463(2): error: could not implicitly convert return value to float, in function `sampleShadow'
[error]: irisbridge: gbuffers_water (frag) failed to compile:
0:463(9): error: no function with name 'cubyz_blockTextures'
0:463(2): error: could not implicitly convert return value to float, in function `sampleShadow'

[info]: irisbridge: wrote generated source to irisbridge_dump/gbuffers_water.frag.glsl
[warning]: irisbridge: gbuffers_water did not compile; transparent chunks keep Cubyz's shader
[info]: irisbridge: 0 custom uniforms declared, 0 parsed, 0 evaluable
[info]: irisbridge: pack ships no noise texture, generated one at 256x256
[info]: irisbridge: mc_Entity table built for 411 block(s), 0 matched the pack
[info]: irisbridge: loaded VanillaDynamicShadows (6 programs, 1 passes in the chain)
[info]: irisbridge: 22 option override(s) from shaderpacks/Tricked_Shaders 2.1.options.txt
[info]: irisbridge: block.properties: 75 entries (state-predicated entries dropped)
[info]: irisbridge: 14 block entry(s) carry state predicates Cubyz cannot express, and are skipped
[info]: irisbridge: option overrides rewrote 1276 declaring line(s) across the pack's sources
[warning]: irisbridge: Tricked_Shaders 2.1 reads 12 uniform(s) nothing supplies, so they are zero: dhPreviousProjection, dhProjection, dhProjectionInverse, vxDepthTexOpaque, vxDepthTexTrans, vxModelView, vxModelViewInv, vxModelViewPrev, vxProj, vxProjInv, vxProjPrev, vxRenderDistance
[info]: irisbridge: Tricked_Shaders 2.1 reads 12 documented constant(s) Cubyz has no equivalent for, so they never change: rainStrength, thunderStrength, nightVision, blindness, darknessFactor, darknessLightFactor, screenBrightness, heldBlockLightValue, hideGUI, lightningBoltPosition, endFlashIntensity, endFlashPosition
[warning]: irisbridge: Tricked_Shaders 2.1 sets `shadowHardwareFiltering`, which this bridge cannot honour: superseded by per-program sampler objects, which handle packs that declare shadowtex both ways
[info]: irisbridge: composite11 switched off by the pack's own `SMAA`
[info]: irisbridge: deferred switched off by the pack's own `USE_LQ_DEPTH`
[info]: irisbridge: composite13 switched off by the pack's own `DOF`
[info]: irisbridge: composite10 switched off by the pack's own `SMAA`
[info]: irisbridge: composite9 switched off by the pack's own `SMAA`
[info]: irisbridge: composite12 switched off by the pack's own `CHROMATIC_ABERRATION`
[info]: irisbridge: profile or option disabled program deferred0
[info]: irisbridge: profile or option disabled program composite9
[info]: irisbridge: profile or option disabled program composite10
[info]: irisbridge: profile or option disabled program composite11
[info]: irisbridge: profile or option disabled program composite12
[info]: irisbridge: profile or option disabled program composite13
[info]: irisbridge: declared buffer sizes: colortex5=480x255 (relative) (screen is 1920x1020)
[info]: irisbridge: resolved pass order and colortex0 sides:
    deferred1 draws 0   colortex0 read=main write=alt
    composite2 draws 1   colortex0 read=alt write=main
    composite3 draws 1   colortex0 read=alt write=main
    composite4 draws 1   colortex0 read=alt write=main
    composite5 draws 1   colortex0 read=alt write=main
    composite6 draws 1   colortex0 read=alt write=main
    composite7 draws 0   colortex0 read=alt write=main
    composite8 draws 0 4   colortex0 read=main write=alt
    final0 draws 0   colortex0 read=alt write=main
[info]: irisbridge: gbuffers_terrain declares mc_Entity vec4, mc_midTexCoord vec2, at_tangent vec4
[info]: irisbridge: gbuffers_terrain compiled against the Cubyz vertex prologue
[info]: irisbridge: shadow declares mc_Entity vec4, mc_midTexCoord vec2, at_tangent vec4
[info]: irisbridge: shadow program compiled
[info]: irisbridge: gbuffers_water declares mc_Entity vec4, mc_midTexCoord vec2, at_tangent vec4
[info]: irisbridge: gbuffers_water compiled; transparent chunks draw through the pack
[info]: irisbridge: gbuffers_skybasic compiled; the pack's own sky draws before terrain
[info]: irisbridge: 25 custom uniforms declared, 25 parsed, 25 evaluable
[info]: irisbridge: texture.gbuffers.noisetex -> /lib/cloud_noise+normal.png (256x256) on unit 26
[info]: irisbridge: texture.deferred.noisetex -> /lib/cloud_noise+normal.png (256x256) on unit 26
[info]: irisbridge: texture.composite.colortex5 -> /lib/smaaSearch.png (64x16) on unit 5
[info]: irisbridge: texture.deferred.colortex6 -> /lib/worley_perlin.bin (64x64x64 R8) on unit 6 repeating
[info]: irisbridge: texture.composite.colortex3 -> /lib/smaaArea.png (160x560) on unit 3
[info]: irisbridge: pack ships no noise texture, generated one at 256x256
[info]: irisbridge: mc_Entity table built for 411 block(s), 9 matched the pack
[info]: irisbridge: loaded Tricked_Shaders 2.1 (29 programs, 9 passes in the chain)
[info]: irisbridge: no block.properties; mc_Entity stays 0 for every block
[warning]: irisbridge: TrailerShaders_v1.4 reads 4 uniform(s) nothing supplies, so they are zero: CloudToggle, clouds, sunDirection, time
[info]: irisbridge: TrailerShaders_v1.4 reads 1 documented constant(s) Cubyz has no equivalent for, so they never change: rainStrength
[info]: irisbridge: pack declares no buffer sizes; every colortex is screen-sized
[info]: irisbridge: resolved pass order and colortex0 sides:
    composite0 draws 0   colortex0 read=main write=alt
    final0 draws 0   colortex0 read=alt write=main
[info]: irisbridge: gbuffers_terrain compiled against the Cubyz vertex prologue
[info]: irisbridge: shadow program compiled
[info]: irisbridge: gbuffers_water compiled; transparent chunks draw through the pack
[info]: irisbridge: gbuffers_skybasic compiled; the pack's own sky draws before terrain
[info]: irisbridge: 0 custom uniforms declared, 0 parsed, 0 evaluable
[info]: irisbridge: pack ships no noise texture, generated one at 256x256
[info]: irisbridge: mc_Entity table built for 411 block(s), 0 matched the pack
[info]: irisbridge: loaded TrailerShaders_v1.4 (15 programs, 2 passes in the chain)
[info]: irisbridge: extracted shaderpacks/Slight 1.4.zip to shaderpacks/.cache/Slight 1.4
[error]: irisbridge: Slight 1.4 contains no usable programs
[error]: irisbridge: Noble v1.9.6 requires Iris features this bridge does not implement, so it is not loaded: COMPUTE_SHADERS
[info]: irisbridge: pack offers profiles: LOW, MEDIUM, HIGH (select one with `profile = <name>` in the options file)
[error]: irisbridge: Mello 0.642 contains no usable programs
[error]: irisbridge: HighFrames+_v1.0 contains no usable programs
[error]: irisbridge: Visual-Vibrance-v0.3.5a requires Iris features this bridge does not implement, so it is not loaded: CUSTOM_IMAGES, SSBO, BLOCK_EMISSION_ATTRIBUTE
[info]: irisbridge: 6 option override(s) from shaderpacks/PotatoShaders_v1.0d.options.txt
[info]: irisbridge: block.properties: 150 entries (state-predicated entries dropped)
[info]: irisbridge: 16 block entry(s) carry state predicates Cubyz cannot express, and are skipped
[info]: irisbridge: option overrides rewrote 240 declaring line(s) across the pack's sources
[info]: irisbridge: PotatoShaders_v1.0d declares no uniforms the bridge is missing
[info]: irisbridge: PotatoShaders_v1.0d reads 1 documented constant(s) Cubyz has no equivalent for, so they never change: currentColorSpace
[info]: irisbridge: pack declares no buffer sizes; every colortex is screen-sized
[info]: irisbridge: resolved pass order and colortex0 sides:
    deferred0 draws 0 3   colortex0 read=main write=alt
    composite0 draws 0   colortex0 read=alt write=main
    composite1 draws 0   colortex0 read=main write=alt
    composite3 draws 0 1   colortex0 read=alt write=main
    composite4 draws 0   colortex0 read=main write=alt
    composite5 draws 0   colortex0 read=alt write=main
    composite6 draws 3   colortex0 read=main write=alt
    composite12 draws 0   colortex0 read=main write=alt
    final0 draws 0   colortex0 read=alt write=main
[debug]: irisbridge: 1 pack function(s) given a sampler2DArray overload
[info]: irisbridge: gbuffers_terrain compiled against the Cubyz vertex prologue
[debug]: irisbridge: 1 pack function(s) given a sampler2DArray overload
[info]: irisbridge: gbuffers_water compiled; transparent chunks draw through the pack
[info]: irisbridge: gbuffers_skybasic compiled; the pack's own sky draws before terrain
[info]: irisbridge: 45 custom uniforms declared, 45 parsed, 45 evaluable
[info]: irisbridge: loaded noise texture tex/noise2D.png (256x256)
[info]: irisbridge: mc_Entity table built for 411 block(s), 12 matched the pack
[info]: irisbridge: loaded PotatoShaders_v1.0d (22 programs, 9 passes in the chain)
[info]: irisbridge: no block.properties; mc_Entity stays 0 for every block
[info]: irisbridge: CubyzVanillaPlus declares no uniforms the bridge is missing
[info]: irisbridge: pack declares no buffer sizes; every colortex is screen-sized
[info]: irisbridge: resolved pass order and colortex0 sides:
    composite0 draws 0   colortex0 read=main write=alt
    final0 draws 0   colortex0 read=alt write=main
[info]: irisbridge: gbuffers_terrain compiled against the Cubyz vertex prologue
[info]: irisbridge: shadow program compiled
[info]: irisbridge: gbuffers_water compiled; transparent chunks draw through the pack
[info]: irisbridge: 0 custom uniforms declared, 0 parsed, 0 evaluable
[info]: irisbridge: pack ships no noise texture, generated one at 256x256
[info]: irisbridge: mc_Entity table built for 411 block(s), 0 matched the pack
[info]: irisbridge: loaded CubyzVanillaPlus (5 programs, 2 passes in the chain)
[info]: irisbridge: 2 option override(s) from shaderpacks/LIGHT-Shaders-1.4.0.options.txt
[info]: irisbridge: no block.properties; mc_Entity stays 0 for every block
[info]: irisbridge: option overrides rewrote 3 declaring line(s) across the pack's sources
[info]: irisbridge: LIGHT-Shaders-1.4.0 declares no uniforms the bridge is missing
[info]: irisbridge: LIGHT-Shaders-1.4.0 reads 4 documented constant(s) Cubyz has no equivalent for, so they never change: rainStrength, wetness, heldItemId, heldBlockLightValue
[info]: irisbridge: pack declares no buffer sizes; every colortex is screen-sized
[info]: irisbridge: resolved pass order and colortex0 sides:
    composite0 draws 4   colortex0 read=main write=alt
    final0 draws 0   colortex0 read=main write=alt
[info]: irisbridge: gbuffers_terrain compiled against the Cubyz vertex prologue
[info]: irisbridge: shadow program compiled
[info]: irisbridge: gbuffers_water compiled; transparent chunks draw through the pack
[info]: irisbridge: gbuffers_skybasic compiled; the pack's own sky draws before terrain
[info]: irisbridge: 0 custom uniforms declared, 0 parsed, 0 evaluable
[info]: irisbridge: pack ships no noise texture, generated one at 1024x1024
[info]: irisbridge: mc_Entity table built for 411 block(s), 0 matched the pack
[info]: irisbridge: loaded LIGHT-Shaders-1.4.0 (13 programs, 2 passes in the chain)
[info]: irisbridge: block.properties: 18 entries
[warning]: irisbridge: VibrantVanilla reads 2 uniform(s) nothing supplies, so they are zero: shadowModelViewMatrix, shadowProjectionMatrix
[info]: irisbridge: VibrantVanilla reads 3 documented constant(s) Cubyz has no equivalent for, so they never change: rainStrength, heldBlockLightValue, heldBlockLightValue2
[info]: irisbridge: pack declares no buffer sizes; every colortex is screen-sized
[info]: irisbridge: resolved pass order and colortex0 sides:
    final0 draws 0   colortex0 read=main write=alt
[info]: irisbridge: gbuffers_terrain compiled against the Cubyz vertex prologue
[info]: irisbridge: shadow program compiled
[info]: irisbridge: gbuffers_water compiled; transparent chunks draw through the pack
[info]: irisbridge: gbuffers_skybasic compiled; the pack's own sky draws before terrain
[info]: irisbridge: 0 custom uniforms declared, 0 parsed, 0 evaluable
[info]: irisbridge: pack ships no noise texture, generated one at 256x256
[info]: irisbridge: mc_Entity table built for 411 block(s), 5 matched the pack
[info]: irisbridge: loaded VibrantVanilla (13 programs, 1 passes in the chain)
[info]: irisbridge: no block.properties; mc_Entity stays 0 for every block
[warning]: irisbridge: ToonCelShader reads 1 uniform(s) nothing supplies, so they are zero: screenSize
[info]: irisbridge: ToonCelShader reads 1 documented constant(s) Cubyz has no equivalent for, so they never change: rainStrength
[info]: irisbridge: pack declares no buffer sizes; every colortex is screen-sized
[info]: irisbridge: resolved pass order and colortex0 sides:
    composite0 draws 0   colortex0 read=main write=alt
    final0 draws 0   colortex0 read=alt write=main
[info]: irisbridge: gbuffers_terrain compiled against the Cubyz vertex prologue
[info]: irisbridge: shadow program compiled
[info]: irisbridge: gbuffers_water compiled; transparent chunks draw through the pack
[info]: irisbridge: 0 custom uniforms declared, 0 parsed, 0 evaluable
[info]: irisbridge: pack ships no noise texture, generated one at 256x256
[info]: irisbridge: mc_Entity table built for 411 block(s), 0 matched the pack
[info]: irisbridge: loaded ToonCelShader (7 programs, 2 passes in the chain)
[info]: irisbridge: 6 option override(s) from shaderpacks/SimpleIrisShaders.options.txt
[info]: irisbridge: profile 'igpu' set 2 option(s)
[info]: irisbridge: no block.properties; mc_Entity stays 0 for every block
[info]: irisbridge: option overrides rewrote 54 declaring line(s) across the pack's sources
[info]: irisbridge: SimpleIrisShaders declares no uniforms the bridge is missing
[info]: irisbridge: SimpleIrisShaders reads 1 documented constant(s) Cubyz has no equivalent for, so they never change: rainStrength
[info]: irisbridge: pack declares no buffer sizes; every colortex is screen-sized
[info]: irisbridge: resolved pass order and colortex0 sides:
    composite0 draws 0   colortex0 read=main write=alt
    final0 draws 0   colortex0 read=alt write=main
[error]: OpenGL Shader Compiler error: 0:627(22): error: no function with name 'cubyz_blockTextures'
[error]: OpenGL Shader Compiler error: 0:627(22): error: type mismatch
[error]: irisbridge: gbuffers_terrain (frag) failed to compile:
0:627(22): error: no function with name 'cubyz_blockTextures'
0:627(22): error: type mismatch
0:628(28): warning: `shadowDepth' used uninitialized

[info]: irisbridge: wrote generated source to irisbridge_dump/gbuffers_terrain.frag.glsl
[warning]: irisbridge: gbuffers_terrain did not compile against the prologue
[info]: irisbridge: shadow program compiled
[error]: OpenGL Shader Compiler error: 0:630(22): error: no function with name 'cubyz_blockTextures'
[error]: OpenGL Shader Compiler error: 0:630(22): error: type mismatch
[error]: irisbridge: gbuffers_water (frag) failed to compile:
0:630(22): error: no function with name 'cubyz_blockTextures'
0:630(22): error: type mismatch
0:631(28): warning: `shadowDepth' used uninitialized

[info]: irisbridge: wrote generated source to irisbridge_dump/gbuffers_water.frag.glsl
[warning]: irisbridge: gbuffers_water did not compile; transparent chunks keep Cubyz's shader
[info]: irisbridge: 0 custom uniforms declared, 0 parsed, 0 evaluable
[info]: irisbridge: pack ships no noise texture, generated one at 256x256
[info]: irisbridge: mc_Entity table built for 411 block(s), 0 matched the pack
[info]: irisbridge: loaded SimpleIrisShaders (7 programs, 2 passes in the chain)
[info]: irisbridge: block.properties: 12 entries
[warning]: irisbridge: CinematicRealism reads 1 uniform(s) nothing supplies, so they are zero: screenSize
[info]: irisbridge: CinematicRealism reads 1 documented constant(s) Cubyz has no equivalent for, so they never change: rainStrength
[info]: irisbridge: pack declares no buffer sizes; every colortex is screen-sized
[info]: irisbridge: resolved pass order and colortex0 sides:
    composite0 draws 0   colortex0 read=main write=alt
    composite1 draws 1   colortex0 read=alt write=main
    composite2 draws 0   colortex0 read=alt write=main
    final0 draws 0   colortex0 read=main write=alt
[info]: irisbridge: gbuffers_terrain compiled against the Cubyz vertex prologue
[info]: irisbridge: shadow program compiled
[info]: irisbridge: gbuffers_water compiled; transparent chunks draw through the pack
[info]: irisbridge: 0 custom uniforms declared, 0 parsed, 0 evaluable
[info]: irisbridge: pack ships no noise texture, generated one at 256x256
[info]: irisbridge: mc_Entity table built for 411 block(s), 2 matched the pack
[info]: irisbridge: loaded CinematicRealism (9 programs, 4 passes in the chain)
[info]: irisbridge: 13 option override(s) from shaderpacks/superDuperVanilla.options.txt
[info]: irisbridge: profile 'MEDIUM' set 12 option(s)
[warning]: irisbridge: /world0/gbuffers_clouds.fsh: no DRAWBUFFERS directive survives preprocessing; taking the raw text's

[info]: irisbridge: block.properties: 398 entries (state-predicated entries dropped)
[info]: irisbridge: 39 block entry(s) carry state predicates Cubyz cannot express, and are skipped
[info]: irisbridge: option overrides rewrote 1744 declaring line(s) across the pack's sources
[warning]: irisbridge: superDuperVanilla reads 4 uniform(s) nothing supplies, so they are zero: dhProjection, dhProjectionInverse, modelViewMatrix, projectionMatrix
[info]: irisbridge: superDuperVanilla reads 6 documented constant(s) Cubyz has no equivalent for, so they never change: rainStrength, nightVision, blindness, darknessFactor, darknessLightFactor, dhNearPlane
[warning]: irisbridge: superDuperVanilla sets `shadowHardwareFiltering`, which this bridge cannot honour: superseded by per-program sampler objects, which handle packs that declare shadowtex both ways
[info]: irisbridge: pack declares no buffer sizes; every colortex is screen-sized
[info]: irisbridge: resolved pass order and colortex0 sides:
    deferred0 draws 2   colortex0 read=main write=alt
    deferred1 draws 4   colortex0 read=main write=alt
    composite0 draws 4   colortex0 read=main write=alt
    composite1 draws 4 5   colortex0 read=main write=alt
    composite2 draws 4   colortex0 read=main write=alt
    composite3 draws 4   colortex0 read=main write=alt
    composite4 draws 0   colortex0 read=main write=alt
    composite5 draws 0   colortex0 read=alt write=main
    composite6 draws 3   colortex0 read=main write=alt
    composite7 draws 3   colortex0 read=main write=alt
    final0 draws 0   colortex0 read=main write=alt
[info]: irisbridge: gbuffers_terrain declares mc_Entity vec3, mc_midTexCoord vec2, at_tangent vec4
[info]: irisbridge: gbuffers_terrain compiled against the Cubyz vertex prologue
[info]: irisbridge: shadow declares mc_Entity vec3, mc_midTexCoord vec4, at_tangent vec4
[info]: irisbridge: shadow program compiled
[info]: irisbridge: gbuffers_water declares mc_Entity vec3, mc_midTexCoord vec2, at_tangent vec4
[info]: irisbridge: gbuffers_water compiled; transparent chunks draw through the pack
[info]: irisbridge: gbuffers_skybasic compiled; the pack's own sky draws before terrain
[info]: irisbridge: 20 custom uniforms declared, 20 parsed, 20 evaluable
[info]: irisbridge: texture.deferred.colortex0 -> textures/clouds.png (256x256) on unit 0
[info]: irisbridge: texture.composite.colortex0 -> textures/clouds.png (256x256) on unit 0
[info]: irisbridge: loaded noise texture textures/noise.png (256x256)
[info]: irisbridge: mc_Entity table built for 411 block(s), 22 matched the pack
[info]: irisbridge: loaded superDuperVanilla (36 programs, 11 passes in the chain)
[server]: User "#d1f1ff***x***#8cc2e9***d***#5192d5***o***#2660bd***k***#2056b7***u***#192c9c***x***@0§#ffffff" executed command "set cubyz:glass/white"
[server]: User "#d1f1ff***x***#8cc2e9***d***#5192d5***o***#2660bd***k***#2056b7***u***#192c9c***x***@0§#ffffff" executed command "set cubyz:glass/white"
[info]: irisbridge: 22 option override(s) from shaderpacks/Tricked_Shaders 2.1.options.txt
[info]: irisbridge: block.properties: 75 entries (state-predicated entries dropped)
[info]: irisbridge: 14 block entry(s) carry state predicates Cubyz cannot express, and are skipped
[info]: irisbridge: option overrides rewrote 1276 declaring line(s) across the pack's sources
[warning]: irisbridge: Tricked_Shaders 2.1 reads 12 uniform(s) nothing supplies, so they are zero: dhPreviousProjection, dhProjection, dhProjectionInverse, vxDepthTexOpaque, vxDepthTexTrans, vxModelView, vxModelViewInv, vxModelViewPrev, vxProj, vxProjInv, vxProjPrev, vxRenderDistance
[info]: irisbridge: Tricked_Shaders 2.1 reads 12 documented constant(s) Cubyz has no equivalent for, so they never change: rainStrength, thunderStrength, nightVision, blindness, darknessFactor, darknessLightFactor, screenBrightness, heldBlockLightValue, hideGUI, lightningBoltPosition, endFlashIntensity, endFlashPosition
[warning]: irisbridge: Tricked_Shaders 2.1 sets `shadowHardwareFiltering`, which this bridge cannot honour: superseded by per-program sampler objects, which handle packs that declare shadowtex both ways
[info]: irisbridge: composite11 switched off by the pack's own `SMAA`
[info]: irisbridge: deferred switched off by the pack's own `USE_LQ_DEPTH`
[info]: irisbridge: composite13 switched off by the pack's own `DOF`
[info]: irisbridge: composite10 switched off by the pack's own `SMAA`
[info]: irisbridge: composite9 switched off by the pack's own `SMAA`
[info]: irisbridge: composite12 switched off by the pack's own `CHROMATIC_ABERRATION`
[info]: irisbridge: profile or option disabled program deferred0
[info]: irisbridge: profile or option disabled program composite9
[info]: irisbridge: profile or option disabled program composite10
[info]: irisbridge: profile or option disabled program composite11
[info]: irisbridge: profile or option disabled program composite12
[info]: irisbridge: profile or option disabled program composite13
[info]: irisbridge: declared buffer sizes: colortex5=480x255 (relative) (screen is 1920x1020)
[info]: irisbridge: resolved pass order and colortex0 sides:
    deferred1 draws 0   colortex0 read=main write=alt
    composite2 draws 1   colortex0 read=alt write=main
    composite3 draws 1   colortex0 read=alt write=main
    composite4 draws 1   colortex0 read=alt write=main
    composite5 draws 1   colortex0 read=alt write=main
    composite6 draws 1   colortex0 read=alt write=main
    composite7 draws 0   colortex0 read=alt write=main
    composite8 draws 0 4   colortex0 read=main write=alt
    final0 draws 0   colortex0 read=alt write=main
[info]: irisbridge: gbuffers_terrain declares mc_Entity vec4, mc_midTexCoord vec2, at_tangent vec4
[info]: irisbridge: gbuffers_terrain compiled against the Cubyz vertex prologue
[info]: irisbridge: shadow declares mc_Entity vec4, mc_midTexCoord vec2, at_tangent vec4
[info]: irisbridge: shadow program compiled
[info]: irisbridge: gbuffers_water declares mc_Entity vec4, mc_midTexCoord vec2, at_tangent vec4
[info]: irisbridge: gbuffers_water compiled; transparent chunks draw through the pack
[info]: irisbridge: gbuffers_skybasic compiled; the pack's own sky draws before terrain
[info]: irisbridge: 25 custom uniforms declared, 25 parsed, 25 evaluable
[info]: irisbridge: texture.gbuffers.noisetex -> /lib/cloud_noise+normal.png (256x256) on unit 26
[info]: irisbridge: texture.deferred.noisetex -> /lib/cloud_noise+normal.png (256x256) on unit 26
[info]: irisbridge: texture.composite.colortex5 -> /lib/smaaSearch.png (64x16) on unit 5
[info]: irisbridge: texture.deferred.colortex6 -> /lib/worley_perlin.bin (64x64x64 R8) on unit 6 repeating
[info]: irisbridge: texture.composite.colortex3 -> /lib/smaaArea.png (160x560) on unit 3
[info]: irisbridge: pack ships no noise texture, generated one at 256x256
[info]: irisbridge: mc_Entity table built for 411 block(s), 9 matched the pack
[info]: irisbridge: loaded Tricked_Shaders 2.1 (29 programs, 9 passes in the chain)
[info]: Framebuffer: 1920, 1080
[server]: User "#d1f1ff***x***#8cc2e9***d***#5192d5***o***#2660bd***k***#2056b7***u***#192c9c***x***@0§#ffffff" executed command "set cubyz:marble/smooth"
[server]: User "#d1f1ff***x***#8cc2e9***d***#5192d5***o***#2660bd***k***#2056b7***u***#192c9c***x***@0§#ffffff" executed command "set cubyz:marble/smooth"
[server]: User "#d1f1ff***x***#8cc2e9***d***#5192d5***o***#2660bd***k***#2056b7***u***#192c9c***x***@0§#ffffff" executed command "set cubyz:chalk/grey"
[server]: User "#d1f1ff***x***#8cc2e9***d***#5192d5***o***#2660bd***k***#2056b7***u***#192c9c***x***@0§#ffffff" executed command "time 9000"
[info]: irisbridge: 7 option override(s) from shaderpacks/BakedPotatoShadersV1.0.options.txt
[info]: irisbridge: profile 'QUALITY' set 6 option(s)
[info]: irisbridge: block.properties: 105 entries (state-predicated entries dropped)
[info]: irisbridge: 7 block entry(s) carry state predicates Cubyz cannot express, and are skipped
[info]: irisbridge: option overrides rewrote 2067 declaring line(s) across the pack's sources
[info]: irisbridge: BakedPotatoShadersV1.0 declares no uniforms the bridge is missing
[info]: irisbridge: BakedPotatoShadersV1.0 reads 8 documented constant(s) Cubyz has no equivalent for, so they never change: rainStrength, thunderStrength, heldItemId, heldItemId2, heldBlockLightValue, heldBlockLightValue2, currentRenderedItemId, lightningBoltPosition
[warning]: irisbridge: BakedPotatoShadersV1.0 sets `ambientOcclusionLevel`, which this bridge cannot honour: Cubyz's per-vertex light has no separable occlusion term to scale
[info]: irisbridge: pack declares no buffer sizes; every colortex is screen-sized
[info]: irisbridge: resolved pass order and colortex0 sides:
    composite0 draws 1   colortex0 read=main write=alt
    final0 draws 0   colortex0 read=main write=alt
[info]: irisbridge: gbuffers_terrain declares mc_Entity vec2, mc_midTexCoord vec4, at_tangent vec4
[info]: irisbridge: gbuffers_terrain compiled against the Cubyz vertex prologue
[info]: irisbridge: shadow declares mc_Entity vec2, mc_midTexCoord vec4, at_tangent vec4
[info]: irisbridge: shadow program compiled
[info]: irisbridge: gbuffers_water declares mc_Entity vec2, mc_midTexCoord vec4, at_tangent vec4
[info]: irisbridge: gbuffers_water compiled; transparent chunks draw through the pack
[info]: irisbridge: gbuffers_skybasic compiled; the pack's own sky draws before terrain
[info]: irisbridge: 22 custom uniforms declared, 22 parsed, 22 evaluable
[info]: irisbridge: pack ships no noise texture, generated one at 256x256
[info]: irisbridge: mc_Entity table built for 411 block(s), 8 matched the pack
[info]: irisbridge: loaded BakedPotatoShadersV1.0 (27 programs, 2 passes in the chain)
[server]: User "#d1f1ff***x***#8cc2e9***d***#5192d5***o***#2660bd***k***#2056b7***u***#192c9c***x***@0§#ffffff" executed command "time day"
[info]: Disconnected
[chat]: #d1f1ff***x***#8cc2e9***d***#5192d5***o***#2660bd***k***#2056b7***u***#192c9c***x***§#ffff00 left
[info]: Disconnected
[info]: Clearing world arena with 6 MiB
[info]: 11 MiB (3035 elements) in size 4096 PowerOfTwoPoolAllocator bucket
[info]: 4 MiB (570 elements) in size 8192 PowerOfTwoPoolAllocator bucket
[info]: 1 MiB (91 elements) in size 16384 PowerOfTwoPoolAllocator bucket
[info]: 2 MiB (92 elements) in size 32768 PowerOfTwoPoolAllocator bucket
[info]: 1 MiB (22 elements) in size 65536 PowerOfTwoPoolAllocator bucket
